3b89A01	1	10	8	10
1oksA00	1	10	8	10
4pc3C01	1	10	8	10
2ltuA00	1	10	8	10
1zv1A00	1	10	8	10
2qhoD00	1	10	8	10
2bwbA00	1	10	8	10
1cukA03	1	10	8	10
2oo9A00	1	10	8	10
1p3qQ00	1	10	8	10
3lcvB01	1	10	8	10
3bbzA00	1	10	8	10
2hakH03	1	10	8	10
3ihpB05	1	10	8	10
1a5tA02	1	10	8	10
3h4jA03	1	10	8	10
2hwjA02	1	10	8	10
7pnoG01	1	10	8	10
1g4aE02	1	10	8	10
4gewA01	1	10	8	10
1g3iF02	1	10	8	10
2mgwA00	1	10	8	10
1r4gA00	1	10	8	10
2knaA01	1	10	8	10
1otrA00	1	10	8	10
2jp7A00	1	10	8	10
1pgyA00	1	10	8	10
2ekfA01	1	10	8	10
1wj7A01	1	10	8	10
2lvaA01	1	10	8	10
2g3qA00	1	10	8	10
1wivA00	1	10	8	10
2dnaA00	1	10	8	10
1bvsF03	1	10	8	10
3q8gA01	1	10	8	20
1r5lA01	1	10	8	20
6tobA00	1	10	8	50
1tdzA02	1	10	8	50
6zvhS01	1	10	8	50
7z5aA02	1	10	8	50
5mmjm01	1	10	8	50
2q2eB02	1	10	8	50
1in4A03	1	10	8	60
3d8bB02	1	10	8	60
2c9oB03	1	10	8	60
1nvmA02	1	10	8	60
2qenA02	1	10	8	60
1d2nA02	1	10	8	60
6n2iA02	1	10	8	60
5vjhB02	1	10	8	60
2dznF00	1	10	8	60
4lcbA02	1	10	8	60
1njgB01	1	10	8	60
3dzdA03	1	10	8	60
1fnnA01	1	10	8	60
2r62A02	1	10	8	60
5zuiA03	1	10	8	60
3hwsA02	1	10	8	60
1sxjA02	1	10	8	60
1sxjE02	1	10	8	60
7wd3A02	1	10	8	60
2zanA02	1	10	8	60
3u60E02	1	10	8	60
2v6zM00	1	10	8	60
2ja2A04	1	10	8	70
1j09A04	1	10	8	70
3afhA04	1	10	8	70
2cfoA04	1	10	8	70
4griA04	1	10	8	70
2r44A03	1	10	8	80
1e9rA02	1	10	8	80
1g8pA02	1	10	8	80
3futA02	1	10	8	100
4jxjA02	1	10	8	100
1qamA02	1	10	8	100
6ymvB02	1	10	8	100
4l6v600	1	10	8	110
2wscF00	1	10	8	110
5ijiA01	1	10	8	500
4i5sA01	1	10	8	500
7oslA01	1	10	8	540
4gh9A01	1	10	8	950
6dkuA01	1	10	8	950
3e9sA02	1	10	8	1190
4xgiA01	1	10	8	1210
3k92A01	1	10	8	1210
1fliA00	1	10	10	10
2fq3A00	1	10	10	10
1i27A00	1	10	10	10
1y0uA00	1	10	10	10
1ucrB00	1	10	10	10
6jyiA01	1	10	10	10
2qyoB01	1	10	10	10
5jbrA01	1	10	10	10
5d6eA02	1	10	10	10
2v9vA02	1	10	10	10
6exlA02	1	10	10	10
2od5A00	1	10	10	10
1fbsA00	1	10	10	10
2qvoA00	1	10	10	10
1fp1D01	1	10	10	10
7cluA01	1	10	10	10
1f9nB01	1	10	10	10
2ip2A01	1	10	10	10
1dp7P00	1	10	10	10
2hztA00	1	10	10	10
4x6gD01	1	10	10	10
6ga0A02	1	10	10	10
2obpA00	1	10	10	10
7txnA01	1	10	10	10
2qm3A01	1	10	10	10
3b02A02	1	10	10	10
5nl9A01	1	10	10	10
5suzA01	1	10	10	10
2a07J00	1	10	10	10
7lzaA02	1	10	10	10
3keoA01	1	10	10	10
4hw0C00	1	10	10	10
4esjA02	1	10	10	10
3f72D00	1	10	10	10
5ae5B01	1	10	10	10
1xdsB01	1	10	10	10
4hlyA00	1	10	10	10
2v9vA01	1	10	10	10
3mczA01	1	10	10	10
1ixsB03	1	10	10	10
4g6qA01	1	10	10	10
3mq0A01	1	10	10	10
5vyvB01	1	10	10	10
2ev6A01	1	10	10	10
4r1hA01	1	10	10	10
2o8xA00	1	10	10	10
4ou0A00	1	10	10	10
1xsvA00	1	10	10	10
3o2pE00	1	10	10	10
3sfzA03	1	10	10	10
2co5A00	1	10	10	10
1c0wA01	1	10	10	10
4ivnA01	1	10	10	10
1t6sB02	1	10	10	10
4kibA01	1	10	10	10
3h3zA02	1	10	10	10
3w6kC00	1	10	10	10
5dcfA02	1	10	10	10
1bjaA00	1	10	10	10
1fc3B00	1	10	10	10
6oinA01	1	10	10	10
1ub9A00	1	10	10	10
1a04A02	1	10	10	10
2r7dA01	1	10	10	10
4wcgA00	1	10	10	10
1fokA02	1	10	10	10
2r3sB01	1	10	10	10
1lddA00	1	10	10	10
7pb9A01	1	10	10	10
1fnnB03	1	10	10	10
3tgnB02	1	10	10	10
2dqlA00	1	10	10	10
1d3yA01	1	10	10	10
2ga1A02	1	10	10	10
4ipaA02	1	10	10	10
5u8jB02	1	10	10	10
3aafA00	1	10	10	10
5m59A09	1	10	10	10
4kt5C00	1	10	10	10
6uvuA01	1	10	10	10
3p7nA02	1	10	10	10
1repC02	1	10	10	10
4p55B00	1	10	10	10
3t5xA02	1	10	10	10
3gz5B02	1	10	10	10
1tbxB00	1	10	10	10
5cvrA02	1	10	10	10
3c1dB01	1	10	10	10
3u9gA01	1	10	10	10
3ihuA01	1	10	10	10
2heoA00	1	10	10	10
1cf7B00	1	10	10	10
6jtzA02	1	10	10	10
7cv2A01	1	10	10	10
3d5lB01	1	10	10	10
3eetA01	1	10	10	10
3vfzB00	1	10	10	10
3ispA01	1	10	10	10
2qenA03	1	10	10	10
4ha8A01	1	10	10	10
1okrA01	1	10	10	10
1if1B00	1	10	10	10
4a0zA01	1	10	10	10
2ia2B01	1	10	10	10
3g3zA02	1	10	10	10
1q1hA00	1	10	10	10
1t98A01	1	10	10	10
3dfgA01	1	10	10	10
4hf2A00	1	10	10	10
7ae1O01	1	10	10	10
5f7qC01	1	10	10	10
6paxA01	1	10	10	10
5y6iA01	1	10	10	10
3dfgA02	1	10	10	10
3majA02	1	10	10	10
2mh9A00	1	10	10	10
4b8xA00	1	10	10	10
3c18A03	1	10	10	10
7dwmB02	1	10	10	10
3c57B00	1	10	10	10
1lvaA04	1	10	10	10
3t0yA02	1	10	10	10
2efwG00	1	10	10	10
2qufA01	1	10	10	10
2jt1A00	1	10	10	10
1xn7A00	1	10	10	10
6az1a00	1	10	10	10
2p7vB00	1	10	10	10
1xd7A00	1	10	10	10
2xvcA00	1	10	10	10
6wshA02	1	10	10	10
3c1dA03	1	10	10	10
1cf7A00	1	10	10	10
1ka8A00	1	10	10	10
3sqnB01	1	10	10	10
2m87A00	1	10	10	10
2a5yC03	1	10	10	10
4mnuB00	1	10	10	10
2cfxA01	1	10	10	10
2qlzA03	1	10	10	10
3j7aO00	1	10	10	10
7jgsG02	1	10	10	10
7lw0A01	1	10	10	10
3dptB01	1	10	10	10
2nraC02	1	10	10	10
3hruB01	1	10	10	10
8agaA01	1	10	10	10
3d5lA02	1	10	10	10
1p4xA01	1	10	10	10
1u3eM02	1	10	10	10
2a6hF02	1	10	10	10
7dvrA01	1	10	10	10
3d5lA03	1	10	10	10
1u5tB01	1	10	10	10
1ev7B02	1	10	10	10
1pdnC02	1	10	10	10
2ipqX01	1	10	10	10
6ldiF01	1	10	10	10
4y66F01	1	10	10	10
8d0bB03	1	10	10	10
8f8uA01	1	10	10	10
7r3eA02	1	10	10	10
4gcvC00	1	10	10	10
1hkqA00	1	10	10	10
3k69A00	1	10	10	10
1u78A02	1	10	10	10
6f40P01	1	10	10	10
1o7fA02	1	10	10	10
5e1wA00	1	10	10	10
4em2A00	1	10	10	10
7s03A02	1	10	10	10
5zyrA02	1	10	10	10
2fbkA00	1	10	10	10
2zbkA01	1	10	10	10
4u7bA02	1	10	10	10
3gw6D02	1	10	10	10
1x1aA01	1	10	10	10
4q48A03	1	10	10	10
1yqaA00	1	10	10	10
1uhwA00	1	10	10	10
1d8jA00	1	10	10	10
1g4dA00	1	10	10	10
2eljA01	1	10	10	10
1bbyA00	1	10	10	10
2rn7A01	1	10	10	10
2jtvA00	1	10	10	10
2mtfA00	1	10	10	10
2htjA01	1	10	10	10
2m8eA00	1	10	10	10
1s6lA01	1	10	10	10
7xx7V01	1	10	10	10
2xzmT00	1	10	10	10
6qecA00	1	10	10	60
1z0xA01	1	10	10	60
6kksA01	1	10	10	60
2kt0A01	1	10	10	60
1u8bA02	1	10	10	60
2optB01	1	10	10	60
3lsgA02	1	10	10	60
4iejA00	1	10	10	60
3e7lA00	1	10	10	60
3qqaA01	1	10	10	60
1bl0A02	1	10	10	60
2of7A01	1	10	10	60
1w0tA00	1	10	10	60
1gv2A02	1	10	10	60
1hlvA02	1	10	10	60
1pogA00	1	10	10	60
1bl0A01	1	10	10	60
1f36A00	1	10	10	60
1umqA00	1	10	10	60
1b72A00	1	10	10	60
1hcrA00	1	10	10	60
6fqpA00	1	10	10	60
3sdgA01	1	10	10	60
1tc3C00	1	10	10	60
7bhyA01	1	10	10	60
1rr7A01	1	10	10	60
1mnmC00	1	10	10	60
4jp0A03	1	10	10	60
1ic8A02	1	10	10	60
2ao9I01	1	10	10	60
4eefH00	1	10	10	60
2pmzN00	1	10	10	60
4g12A01	1	10	10	60
4bkxA02	1	10	10	60
1ojlA03	1	10	10	60
1ofcX04	1	10	10	60
4dyqA01	1	10	10	60
1gdtB03	1	10	10	60
4fcyB02	1	10	10	60
4ndlB00	1	10	10	60
4b4cA02	1	10	10	60
3oioA00	1	10	10	60
4fcyA01	1	10	10	60
3w6vA00	1	10	10	60
2gloA00	1	10	10	60
2jmwA01	1	10	10	60
2ecbA01	1	10	10	60
2cqqA01	1	10	10	60
1wh7A01	1	10	10	60
2ys9A00	1	10	10	60
1x58A01	1	10	10	60
2eqrA01	1	10	10	60
2llkA01	1	10	10	60
2k9qA01	1	10	10	60
6hu9j00	1	10	10	140
4c2uA02	1	10	10	160
1uaaA02	1	10	10	160
1w36F02	1	10	10	160
1aa7A02	1	10	10	180
1lfpA01	1	10	10	200
5cz2G00	1	10	10	200
7u32G01	1	10	10	200
1hc8B00	1	10	10	250
1irxA05	1	10	10	350
3h36A00	1	10	10	400
4aidA02	1	10	10	400
5j47A01	1	10	10	510
2gxaE01	1	10	10	510
3kycB02	1	10	10	520
1w5cC02	1	10	10	670
2mysA03	1	10	10	820
1sfkA00	1	10	10	930
4ccjA02	1	10	10	1500
8e9gE01	1	10	10	1590
4a18Q01	1	10	10	1760
6sdkA01	1	10	10	2830
3qxzA02	1	10	12	10
2hw5A02	1	10	12	10
4wczA02	1	10	12	10
5kjpA02	1	10	12	10
4u19B02	1	10	12	10
2vreA02	1	10	12	10
3hinA02	1	10	12	10
4jcsA02	1	10	12	10
1jxzC02	1	10	12	10
4og1A02	1	10	12	10
4nekA02	1	10	12	10
3swxA02	1	10	12	10
4jvtA02	1	10	12	10
4di1C02	1	10	12	10
3t8aC02	1	10	12	10
1vq8W02	1	10	15	30
6uphD00	1	10	20	10
4e45C00	1	10	20	10
1p3gF00	1	10	20	10
3b0dB00	1	10	20	10
1id3G00	1	10	20	10
2hueB00	1	10	20	10
6y36C01	1	10	20	10
6f3tE01	1	10	20	10
3b0dC00	1	10	20	10
1tafA00	1	10	20	10
1f1eA00	1	10	20	10
3v9rB00	1	10	20	10
1kx5A00	1	10	20	10
1jfiB00	1	10	20	10
6a7uA00	1	10	20	10
1bh9A00	1	10	20	10
7lv8B01	1	10	20	10
2l5aA00	1	10	20	10
3ip4C01	1	10	20	60
3a1kA01	1	10	20	60
1i11A00	1	10	30	10
2hdzA00	1	10	30	10
3tmmA01	1	10	30	10
7cyuA01	1	10	30	10
2d7lA01	1	10	30	10
3bhgA03	1	10	40	30
1dofA03	1	10	40	30
6ig5A03	1	10	40	30
3gtdA03	1	10	40	30
6rxaA01	1	10	40	30
4nleA03	1	10	40	30
3oceA03	1	10	40	30
1q5nA03	1	10	40	30
3u13A02	1	10	40	40
3bwvA02	1	10	40	40
2vfrA05	1	10	45	10
3js8A04	1	10	45	10
5fxdA04	1	10	45	10
4bbyA06	1	10	45	10
6ktaB02	1	10	60	10
1bi0A02	1	10	60	10
2h09A02	1	10	60	10
3j7aW01	1	10	60	20
1tgrA00	1	10	100	10
5nm7G01	1	10	101	10
3d2yA02	1	10	101	10
7aj9A01	1	10	101	10
1eakA01	1	10	101	10
2n2zA00	1	10	110	10
1l6hA00	1	10	110	10
1hypA00	1	10	110	10
8db4E01	1	10	110	10
1beaA00	1	10	110	10
6s3fA01	1	10	110	10
2lvfA00	1	10	110	10
4oydB00	1	10	132	20
4jlrC00	1	10	132	20
5wp3B00	1	10	132	20
7ye1D01	1	10	132	30
4c2mA06	1	10	132	30
5fj8A06	1	10	132	30
7s00D01	1	10	132	30
4qclA05	1	10	132	60
2gv9B06	1	10	132	60
3ju5A01	1	10	135	10
1cmbA00	1	10	140	10
1dgsA05	1	10	150	20
3mfiA03	1	10	150	20
3mabA00	1	10	150	20
2nrtA02	1	10	150	20
3zdbA02	1	10	150	20
4i2aA02	1	10	150	20
6ib8C01	1	10	150	20
4p4mA01	1	10	150	20
2q0zX02	1	10	150	20
1b43A02	1	10	150	20
3c1yA03	1	10	150	20
4q45A03	1	10	150	20
7klfA03	1	10	150	20
2p6rA04	1	10	150	20
4ez6A04	1	10	150	20
1bvsA02	1	10	150	20
5m59A05	1	10	150	20
2zubB01	1	10	150	20
4yfkA03	1	10	150	20
7r0kA02	1	10	150	20
1aroP05	1	10	150	20
1b22A00	1	10	150	20
1z00B00	1	10	150	20
2mutA00	1	10	150	20
2l5yA02	1	10	150	50
2d3dA00	1	10	150	50
3tacB03	1	10	150	50
3k1rB00	1	10	150	50
1sv0D00	1	10	150	50
3tacB02	1	10	150	50
6qwvH02	1	10	150	50
3tadB01	1	10	150	50
4mhvA00	1	10	150	50
2lpeA02	1	10	150	50
1z1vA00	1	10	150	50
2eapA01	1	10	150	50
2dl0A01	1	10	150	50
1v85A00	1	10	150	50
1wudA00	1	10	150	80
4qjfB02	1	10	150	80
2dgzA01	1	10	150	80
1yt3A02	1	10	150	80
3cymA03	1	10	150	80
3safA02	1	10	150	80
2pmzF02	1	10	150	80
2k4hA01	1	10	150	90
4ic9A00	1	10	150	90
1hekA00	1	10	150	90
3mdaA01	1	10	150	110
1bpeA01	1	10	150	110
6vwbA01	1	10	150	110
1rm6C02	1	10	150	120
3uncA02	1	10	150	120
1dgjA02	1	10	150	120
4acoA01	1	10	150	130
2a3vB01	1	10	150	130
2kkpA00	1	10	150	130
2kj9A00	1	10	150	130
2a19A02	1	10	150	190
1j97A02	1	10	150	210
4ap9A02	1	10	150	210
4uavA02	1	10	150	240
3qubA02	1	10	150	240
1aq6A02	1	10	150	240
4ex6A02	1	10	150	240
4jb3A02	1	10	150	240
1cqzB02	1	10	150	240
2ymmA02	1	10	150	240
2fi1A02	1	10	150	240
1te2A02	1	10	150	240
3cnhB02	1	10	150	240
3mc1A02	1	10	150	240
2hdoA02	1	10	150	240
3e58A02	1	10	150	240
3l5kA02	1	10	150	240
1rdfA02	1	10	150	240
3umgA02	1	10	150	240
3d6jA02	1	10	150	240
2go7A02	1	10	150	240
2w43A02	1	10	150	240
2fdrA02	1	10	150	240
2nyvA02	1	10	150	240
4uw9A02	1	10	150	240
3s6jE02	1	10	150	240
1t94B01	1	10	150	810
3ei3A04	1	10	150	910
2dlrA00	1	10	167	10
1fqjB02	1	10	167	10
3pvuA02	1	10	167	10
3ab3D00	1	10	167	10
2acxA01	1	10	167	10
3jamI03	1	10	168	20
1dk8A01	1	10	196	10
6ra3A02	1	10	210	20
2ii2A04	1	10	220	10
1anxA04	1	10	220	10
4x9pA03	1	10	220	10
2ii2A02	1	10	220	10
2ii2A03	1	10	220	10
1n00A02	1	10	220	10
1n00A04	1	10	220	10
1avcA07	1	10	220	10
1bc9A01	1	10	220	20
2crwA00	1	10	220	150
2iqjB00	1	10	220	150
2owaA01	1	10	220	150
5nxbC00	1	10	225	10
1qdmA03	1	10	225	10
1n69B00	1	10	225	10
3s64A00	1	10	225	10
1of9A00	1	10	225	10
4e6yA03	1	10	230	10
1a75A00	1	10	238	10
2mrdA00	1	10	238	10
4m2pA02	1	10	238	10
2khnA00	1	10	238	10
1fpwA01	1	10	238	10
3op0A02	1	10	238	10
3tduA01	1	10	238	10
3o4yA01	1	10	238	10
1eg3A03	1	10	238	10
1y1aA01	1	10	238	10
1eg3A04	1	10	238	10
4gftA00	1	10	238	10
4c0kA01	1	10	238	10
3jtdC01	1	10	238	10
3jvtB01	1	10	238	10
4ygbB00	1	10	238	10
1uurA03	1	10	238	10
3i5gB02	1	10	238	10
3a8rA01	1	10	238	10
1ij5A02	1	10	238	10
1bg1A03	1	10	238	10
6e1mA01	1	10	238	10
1djxB01	1	10	238	10
1sraA00	1	10	238	10
8emxA01	1	10	238	10
4wriA00	1	10	238	10
6ocxA00	1	10	238	10
1hqvA00	1	10	238	10
1ij5A03	1	10	238	10
1qv0A00	1	10	238	10
4i5jA02	1	10	238	10
1v1gA00	1	10	238	10
1qxpA05	1	10	238	10
4d1eA04	1	10	238	10
2ccmA00	1	10	238	10
7eebI01	1	10	238	10
3sibA00	1	10	238	10
4c0kA02	1	10	238	10
1pulA00	1	10	238	10
2m7lA01	1	10	238	10
2kbiA01	1	10	238	10
2m7lA02	1	10	238	10
1jfkA02	1	10	238	10
2kldA01	1	10	238	10
1nyaA00	1	10	238	10
2lvvA00	1	10	238	10
7uo6A01	1	10	238	20
5dicA00	1	10	238	20
1ow4A00	1	10	238	20
4pt1B00	1	10	238	20
3dxlA01	1	10	238	20
3nhiA02	1	10	238	20
4ozdA00	1	10	238	20
8bslA01	1	10	238	210
3i05B02	1	10	240	10
2pidA02	1	10	240	10
2g36A02	1	10	240	10
2j5bA02	1	10	240	10
2yy5A02	1	10	240	10
5usfA03	1	10	240	10
2vyrA00	1	10	245	10
1v31A00	1	10	245	10
2ruhA00	1	10	245	10
5yxeA03	1	10	246	10
4f5sA01	1	10	246	10
6ockA02	1	10	246	10
6qipA05	1	10	246	10
4k71A06	1	10	246	10
1j78A05	1	10	246	10
5svhA00	1	10	246	20
2gutA00	1	10	246	20
4d7xA00	1	10	246	20
1h5wB01	1	10	246	30
3gquA00	1	10	246	90
2v36A02	1	10	246	130
3mhsB00	1	10	246	140
4tq1A03	1	10	246	190
2dyoA02	1	10	246	190
2v3cC03	1	10	260	30
1dulA00	1	10	260	30
3fymA00	1	10	260	40
2hinA00	1	10	260	40
3zhiA00	1	10	260	40
3kz3A00	1	10	260	40
1xwrC00	1	10	260	40
3f6wE00	1	10	260	40
3bd1A00	1	10	260	40
3gn5B02	1	10	260	40
3bs3A00	1	10	260	40
6lffA00	1	10	260	40
4y42A01	1	10	260	40
2xcjA00	1	10	260	40
2xsdC01	1	10	260	40
3g7dA01	1	10	260	40
2auwB02	1	10	260	40
4z5hA00	1	10	260	40
4o8bA00	1	10	260	40
7zcvA01	1	10	260	40
6b9sB02	1	10	260	40
6f8hC00	1	10	260	40
3qwgB00	1	10	260	40
5yszA01	1	10	260	40
7xi5A01	1	10	260	40
3mlfE00	1	10	260	40
5d4z201	1	10	260	40
1ic8B01	1	10	260	40
5yclA01	1	10	260	40
1neqA00	1	10	260	40
2kpjA01	1	10	260	40
1x2lA01	1	10	260	40
2jvlA01	1	10	260	40
2mqkA00	1	10	260	40
6te6A01	1	10	260	60
1bgwA03	1	10	268	10
1zvuA03	1	10	268	10
4fm9A05	1	10	268	10
6hqfB03	1	10	274	20
1twfA05	1	10	274	100
5vi5D01	1	10	274	100
1hqmD02	1	10	274	100
3ocfD01	1	10	275	10
2ptrA01	1	10	275	10
1b8fA01	1	10	275	10
5v4lA01	1	10	275	10
3c8tA01	1	10	275	10
6iemC01	1	10	275	10
4fccA01	1	10	285	10
1is8A01	1	10	286	10
1g1xB00	1	10	287	10
2n74A00	1	10	287	10
4xpzA02	1	10	287	10
1d2dA00	1	10	287	10
2xzmO02	1	10	287	10
1yzbA02	1	10	287	10
3tguH00	1	10	287	20
6hdzA01	1	10	287	40
1wleA01	1	10	287	40
3qo8A01	1	10	287	40
3vbbE01	1	10	287	40
1serA01	1	10	287	40
3k04B00	1	10	287	70
1jvmB00	1	10	287	70
1p7bA01	1	10	287	70
3sypA02	1	10	287	70
5b1aC01	1	10	287	70
4gx5A01	1	10	287	70
4p2zA00	1	10	287	70
7tddA01	1	10	287	70
7tj9A02	1	10	287	70
5cbgA00	1	10	287	70
2yevA02	1	10	287	70
5hvdA02	1	10	287	70
2h8pC00	1	10	287	70
3kg2A05	1	10	287	70
7cm3A01	1	10	287	70
1orqC01	1	10	287	70
3ukmA01	1	10	287	70
1fs0G02	1	10	287	80
3ofnY00	1	10	287	80
6rdbS01	1	10	287	80
5z62B01	1	10	287	90
3hb3B02	1	10	287	90
7qhmE01	1	10	287	90
1fftB01	1	10	287	90
3w7tA02	1	10	287	100
3by6A02	1	10	287	100
3e35A02	1	10	287	100
1s3jB03	1	10	287	100
2p90A02	1	10	287	100
2hr3B03	1	10	287	100
3ic7A02	1	10	287	100
7o4jU01	1	10	287	100
1fpoA01	1	10	287	110
1nz6A00	1	10	287	110
2guzA00	1	10	287	110
6jmgB02	1	10	287	110
1gh6A01	1	10	287	110
4fppB01	1	10	287	130
2p67A03	1	10	287	130
3tk1B03	1	10	287	130
2lfrA00	1	10	287	130
4gczA03	1	10	287	130
1ixmA01	1	10	287	130
4i5sB03	1	10	287	130
1l1fA03	1	10	287	140
1cp9A02	1	10	287	150
1pnkA02	1	10	287	150
3k3wA02	1	10	287	150
2xz3A03	1	10	287	210
1df4A00	1	10	287	210
1y4mA00	1	10	287	210
2lp7A00	1	10	287	210
2x7rB00	1	10	287	210
3mhsC01	1	10	287	210
1pd3A00	1	10	287	230
4wfaV00	1	10	287	310
4a17U01	1	10	287	310
1g8mA01	1	10	287	440
5jjnB00	1	10	287	470
4l8jA04	1	10	287	470
1vf7A03	1	10	287	470
3brcA01	1	10	287	470
3lnnB03	1	10	287	470
1rsoA01	1	10	287	470
4cs4A01	1	10	287	540
1o9gA02	1	10	287	540
5zwlE02	1	10	287	540
2jvdA00	1	10	287	540
2pusA02	1	10	287	540
2rjzA01	1	10	287	540
4u3jA03	1	10	287	600
1ta8A01	1	10	287	610
5mmjb02	1	10	287	610
3u11A01	1	10	287	630
4d7sA01	1	10	287	630
3csxA00	1	10	287	660
2f66F00	1	10	287	660
1x4tA01	1	10	287	660
1rv2D04	1	10	287	690
4fvmA06	1	10	287	690
1s5jA04	1	10	287	690
3k59A06	1	10	287	690
2py5A04	1	10	287	690
3jcuZ00	1	10	287	740
6aveA01	1	10	287	770
1wp7A00	1	10	287	770
2fb5A01	1	10	287	770
1ztmB04	1	10	287	770
3s3xB01	1	10	287	770
2l35A00	1	10	287	770
2qtsA04	1	10	287	820
4w4lA00	1	10	287	850
5dedF02	1	10	287	860
7sbhA01	1	10	287	990
4e4eA01	1	10	287	990
3gwkE00	1	10	287	1060
4abmD00	1	10	287	1060
3txsC01	1	10	287	1060
3hr0B01	1	10	287	1060
3favD00	1	10	287	1060
4i0xG00	1	10	287	1060
4gzrB00	1	10	287	1060
3g80A00	1	10	287	1060
3h6pC00	1	10	287	1060
2kg7A00	1	10	287	1060
4gzrC00	1	10	287	1060
7odyC01	1	10	287	1080
2a3qA00	1	10	287	1080
1yvwA00	1	10	287	1080
3craA02	1	10	287	1080
2jgdA01	1	10	287	1150
6rldA01	1	10	287	1260
3udcA01	1	10	287	1260
3i53A02	1	10	287	1350
8d8lN01	1	10	287	1480
5mmjn01	1	10	287	1480
3mttA00	1	10	287	1490
3na7A00	1	10	287	1490
5y06A01	1	10	287	1490
1x0pE02	1	10	287	1540
2wicA02	1	10	287	1770
4z0mC02	1	10	287	2460
3l3sA02	1	10	287	2460
3qkaE02	1	10	287	2460
7a23K01	1	10	287	3510
7qruC01	1	10	287	3510
6g2jK00	1	10	287	3510
3ze3E00	1	10	287	3610
4cyiA03	1	10	287	3700
4v19700	1	10	287	3980
5h1sd00	1	10	287	3980
3id6A02	1	10	287	4070
6ozwA04	1	10	290	10
1iweA02	1	10	300	10
4uobA02	1	10	340	30
1kg2A02	1	10	340	30
4b21A02	1	10	340	30
1pu6A02	1	10	340	30
4ew0A00	1	10	340	30
3n0uA02	1	10	340	30
4ai5B00	1	10	340	30
3nnqA00	1	10	340	70
7aduA01	1	10	340	70
2zcmA00	1	10	357	10
2yveB00	1	10	357	10
3tp3A02	1	10	357	10
2iu5B00	1	10	357	10
4aciA00	1	10	357	10
2rekA00	1	10	357	10
4d5cA02	1	10	357	10
6ko8A00	1	10	357	10
3htaC00	1	10	357	10
2y2zA02	1	10	357	10
2np5D00	1	10	357	10
2rasA01	1	10	357	10
4x1eA02	1	10	357	10
4mxmB02	1	10	357	10
3colB00	1	10	357	10
3vokA00	1	10	357	10
3dpjF00	1	10	357	10
4gfkA00	1	10	357	10
2iaiA02	1	10	357	10
3dewA02	1	10	357	10
1t33A02	1	10	357	10
3qkxB00	1	10	357	10
2fq4A02	1	10	357	10
6dewA01	1	10	357	10
2eh3A02	1	10	357	10
3lhqB00	1	10	357	10
4yzeB00	1	10	357	10
3bjbD00	1	10	357	10
2hyjA02	1	10	357	10
2g7gA00	1	10	357	10
3kkdA00	1	10	357	10
3gziA00	1	10	357	10
6wafB00	1	10	357	10
2wv1A02	1	10	357	10
2g7lA00	1	10	357	10
2fbqA00	1	10	357	10
3vprA02	1	10	357	10
1zk8B02	1	10	357	10
2hxoA02	1	10	357	10
2f07B00	1	10	357	10
2np3A00	1	10	357	10
2of7A02	1	10	357	10
1ui6A00	1	10	357	10
3aqtA00	1	10	357	10
3o60A00	1	10	357	10
3nnrA00	1	10	357	10
5d1rB00	1	10	357	10
3fiwA02	1	10	357	10
3f0cA02	1	10	357	10
3c07B00	1	10	357	10
3ljlA00	1	10	357	10
3npiB00	1	10	357	10
4nn1A00	1	10	357	10
4g12A02	1	10	357	10
1jusD02	1	10	357	10
2xgvA00	1	10	375	10
1qrjA01	1	10	375	10
6omtA01	1	10	375	10
2y4zA00	1	10	375	10
1em9B00	1	10	375	10
4gerA02	1	10	390	10
3t8vA03	1	10	390	10
4gaaA03	1	10	390	10
4k90A02	1	10	390	10
3mdjA02	1	10	390	10
4fgmA02	1	10	390	10
5do9A02	1	10	400	10
2xtzC02	1	10	400	10
6c87A03	1	10	405	10
6lqlA03	1	10	405	10
2yg5A03	1	10	405	10
1reoA03	1	10	405	10
1vg0A03	1	10	405	10
2e1mA05	1	10	405	10
8eefB01	1	10	405	10
1vkaB00	1	10	418	10
1mb8A02	1	10	418	10
2wa7A01	1	10	418	10
1pxyB01	1	10	418	10
1pxyA04	1	10	418	10
6b9hA00	1	10	418	10
5l0oA00	1	10	418	10
1ujoA00	1	10	418	10
1b85A02	1	10	420	10
4uscA02	1	10	420	10
3vliA04	1	10	420	10
3uw8A02	1	10	420	10
8ff7A02	1	10	420	10
7qtwA01	1	10	437	10
4qvxA00	1	10	437	10
4s0pA00	1	10	437	10
2vtyA00	1	10	437	10
4mi8B00	1	10	437	10
2jbyA00	1	10	437	10
3qbrX00	1	10	437	10
6odhC01	1	10	437	10
2bidA00	1	10	437	10
4m0sA00	1	10	437	20
2uxeA00	1	10	437	20
2vvyA01	1	10	437	20
2ae4A00	1	10	439	10
5b1aD00	1	10	442	10
1pvrA01	1	10	443	10
1ae9A00	1	10	443	10
1aihA00	1	10	443	10
2a3vA02	1	10	443	10
1m6xA02	1	10	443	10
2xzmG00	1	10	455	10
5o5jG01	1	10	455	10
2o5cB02	1	10	460	10
1eysC02	1	10	468	10
1eysC01	1	10	468	10
4bcmD01	1	10	472	10
2ivxB01	1	10	472	10
4f7nB01	1	10	472	10
1guxB00	1	10	472	10
7jv7B01	1	10	472	10
1ungE00	1	10	472	10
1w98B01	1	10	472	10
1f5qB02	1	10	472	10
1ad6A00	1	10	472	10
1g3nC01	1	10	472	10
3h4cA01	1	10	472	10
1c9bA02	1	10	472	10
2f2cA01	1	10	472	10
1jkwA02	1	10	472	10
3m03B00	1	10	472	10
1zp2A02	1	10	472	10
4krdB00	1	10	472	10
6z4xA01	1	10	472	10
2pmiB00	1	10	472	10
3qyhB01	1	10	472	20
3vygE00	1	10	472	20
2qf7A05	1	10	472	90
4c2uA04	1	10	486	10
4ceiA05	1	10	486	10
1w36B04	1	10	486	10
1qhhC00	1	10	486	10
1w36C04	1	10	486	10
1cpoA00	1	10	489	10
6ekzA00	1	10	489	10
1a6gA00	1	10	490	10
4kmwA00	1	10	490	10
2wy4A00	1	10	490	10
1ebtA00	1	10	490	10
3mkbB00	1	10	490	10
4uiqB00	1	10	490	10
2wtgA00	1	10	490	10
4nk2A01	1	10	490	10
5ab8A00	1	10	490	10
2vebA00	1	10	490	10
4uurA00	1	10	490	10
1or4B00	1	10	490	10
4bjaA00	1	10	490	10
1x9fC00	1	10	490	10
1b8dB00	1	10	490	20
3mwnA00	1	10	490	20
4e1zA02	1	10	510	10
1apmE01	1	10	510	10
4annA00	1	10	510	10
4qtcA02	1	10	510	10
6bfnB02	1	10	510	10
4fswA02	1	10	510	10
4g3fA02	1	10	510	10
2vx3C02	1	10	510	10
2ktyA02	1	10	510	10
4anoA00	1	10	510	10
4ix3A02	1	10	510	10
2qkwB02	1	10	510	10
3dzoA01	1	10	510	10
4euuA02	1	10	510	10
2yleA00	1	10	510	10
2pziA01	1	10	510	10
7oviA02	1	10	510	10
4nstC02	1	10	510	10
3uqcD02	1	10	510	10
4o1pD02	1	10	510	10
4azwA03	1	10	510	10
4lrkA02	1	10	510	10
4wsqB00	1	10	510	10
6fdoA01	1	10	510	10
3f7wA02	1	10	510	10
5gz8A00	1	10	510	10
4bwkB01	1	10	510	10
4otpA02	1	10	510	10
4neuB00	1	10	510	10
5a4eC00	1	10	510	10
6zxfz01	1	10	510	10
2rsvA00	1	10	510	10
4ccpA01	1	10	520	10
3fmuA01	1	10	520	10
4uscA01	1	10	520	10
5sxwA03	1	10	520	10
1ub2A01	1	10	520	10
132lA00	1	10	530	10
2dqaA00	1	10	530	10
2zycA01	1	10	530	10
153lA00	1	10	530	10
4emnA00	1	10	530	10
3w6fA00	1	10	530	10
1ltmA02	1	10	530	10
1am7A00	1	10	530	10
6cfcA01	1	10	530	10
4hjzA00	1	10	530	10
1cnsA01	1	10	530	10
4fdyA01	1	10	530	10
3zvqA00	1	10	530	10
3bkhA02	1	10	530	10
1oyuA00	1	10	530	40
8b2sA01	1	10	530	40
5i14A00	1	10	530	40
4arqA02	1	10	530	40
4dwnA00	1	10	533	10
4irlB02	1	10	533	10
2n00A00	1	10	533	10
2vgqA03	1	10	533	10
1wh4A01	1	10	533	10
2yviA00	1	10	533	10
2o71A00	1	10	533	10
5wvcB00	1	10	533	10
4zbwA01	1	10	533	10
4zbwA02	1	10	533	10
5znzD02	1	10	533	10
4a2wA01	1	10	533	10
2n80A00	1	10	533	10
8jolB01	1	10	533	10
3t6pA03	1	10	533	10
7dniC02	1	10	533	10
3mopK00	1	10	533	10
1pn5A00	1	10	533	10
1dgnA00	1	10	533	10
2m5vA00	1	10	533	10
2mb9A00	1	10	533	10
2dbhA01	1	10	533	10
1n3kA00	1	10	533	10
6wy9B01	1	10	540	10
5z8tB01	1	10	540	10
6cxtB01	1	10	540	10
2c12A01	1	10	540	10
4hr3A01	1	10	540	10
3owaA01	1	10	540	10
5k3hA01	1	10	540	10
4xvxA01	1	10	540	10
1r2jA01	1	10	540	10
4rm7A01	1	10	540	10
1tx4A00	1	10	555	10
1pbwB00	1	10	555	10
1j4zA01	1	10	560	10
6ks6q01	1	10	560	10
2aa2A00	1	10	565	10
1a52A00	1	10	565	10
5w4vA00	1	10	565	10
6kkeA00	1	10	565	10
6fzgA00	1	10	565	10
3f5cB00	1	10	565	10
1aorA02	1	10	569	10
6x6uA02	1	10	569	10
1ak0A00	1	10	575	10
1khoA01	1	10	575	10
3umvA03	1	10	579	10
3zxsA03	1	10	579	10
2e0iD03	1	10	579	10
3o8jA01	1	10	580	10
6bomE01	1	10	580	10
8h4pA01	1	10	600	10
6r36A00	1	10	600	10
7vwtA01	1	10	600	10
1ezfC00	1	10	600	10
4zq8A00	1	10	600	10
4lzcA00	1	10	600	10
4omhB00	1	10	600	10
3bnyD00	1	10	600	10
3n3dB00	1	10	600	10
7y9hB01	1	10	600	10
8gy0A01	1	10	600	10
7s5lA01	1	10	600	10
1hxaA02	1	10	600	10
7e4nA01	1	10	600	10
3kraC00	1	10	600	10
4lixA03	1	10	600	10
3nf2A00	1	10	600	10
1jfaB00	1	10	600	10
8d7fC01	1	10	600	10
3we9A00	1	10	600	10
1wkzA00	1	10	600	10
5b00A00	1	10	600	10
2azkA00	1	10	600	10
6lccA01	1	10	600	10
8hdlA01	1	10	600	10
1sigA00	1	10	601	10
1biqA00	1	10	620	20
2incB00	1	10	620	20
1mmoB00	1	10	620	20
6f6eA00	1	10	620	20
1oq4A00	1	10	620	20
6cwoA01	1	10	620	20
5hyhA00	1	10	620	20
3pf7B00	1	10	620	20
1za0A00	1	10	620	20
1mhyD00	1	10	620	20
4a5hA00	1	10	620	20
4h23B00	1	10	630	10
1c8jA00	1	10	630	10
5m0pA00	1	10	630	10
7e7fA01	1	10	630	10
3danA00	1	10	630	10
5h1zA00	1	10	630	10
3b6hA00	1	10	630	10
4uymA01	1	10	630	10
3pm0A00	1	10	630	10
3s79A00	1	10	630	10
3ejbH02	1	10	630	10
2yjnB00	1	10	630	10
1cvuA02	1	10	640	10
4kvkA00	1	10	640	10
1cxpC00	1	10	640	10
1e3dB00	1	10	645	10
4omfA00	1	10	645	10
5aa5E00	1	10	645	10
3iam400	1	10	645	10
1khcA02	1	10	720	50
2x1lA03	1	10	730	10
3zgzD01	1	10	730	10
1ileA03	1	10	730	10
2zueA03	1	10	730	10
8bebC02	1	10	750	10
1gu2A00	1	10	760	10
1mz4A00	1	10	760	10
1chhA00	1	10	760	10
4ljiB00	1	10	760	10
2c1dB00	1	10	760	10
3ocdA01	1	10	760	10
6fu3B01	1	10	760	10
3svwA01	1	10	760	10
1dw0A00	1	10	760	10
3cu4A00	1	10	760	10
1ynrA00	1	10	760	10
2c1dA02	1	10	760	10
4xydB00	1	10	760	10
1yiqA02	1	10	760	10
3vrdA01	1	10	760	10
5b6qA00	1	10	760	10
3oa8B00	1	10	760	10
3orvA02	1	10	760	10
2blfB01	1	10	760	10
2qjyB01	1	10	760	10
3mk7B02	1	10	760	10
3mk7C03	1	10	760	10
2l4dA00	1	10	760	10
1b10A00	1	10	790	10
1ltzA00	1	10	800	10
1phzA00	1	10	800	10
1a1vA03	1	10	820	10
4jgwA02	1	10	840	10
6eieA02	1	10	840	10
3t6aA00	1	10	840	10
4l9mA02	1	10	840	10
2q6tB01	1	10	860	10
3gxvB00	1	10	860	10
2lznA00	1	10	860	10
5wkrA02	1	10	890	20
3imqA00	1	10	940	10
1sqgA01	1	10	940	10
1q8cA00	1	10	940	10
2yxlA01	1	10	940	10
2r0dA02	1	10	1000	11
1yf3A02	1	10	1020	10
5douA01	1	10	1030	10
1evyA02	1	10	1040	10
1bg6A02	1	10	1040	10
5g6rB02	1	10	1040	10
1yj8A02	1	10	1040	10
2ew2A02	1	10	1040	10
6smyB02	1	10	1040	10
4dllB02	1	10	1040	10
1dljA03	1	10	1040	10
4ezbA02	1	10	1040	10
4j0eA02	1	10	1040	10
7ocsB01	1	10	1040	10
1i36A02	1	10	1040	10
4im7A02	1	10	1040	10
2qytA02	1	10	1040	10
3iqdB02	1	10	1040	10
1qmgA02	1	10	1040	10
1pgjA02	1	10	1040	10
3ulkA02	1	10	1040	10
3zwcA03	1	10	1040	50
5o5jD01	1	10	1050	10
1fkaD01	1	10	1050	10
2bs2B02	1	10	1060	10
1gteA02	1	10	1060	10
2wxfA05	1	10	1070	11
7wzwF01	1	10	1070	11
1bccF00	1	10	1090	10
6p73A01	1	10	1130	10
1ft5A00	1	10	1130	10
3fo3A02	1	10	1130	10
1p2eA02	1	10	1130	10
6fkfB03	1	10	1140	10
6qumA04	1	10	1140	10
4griA03	1	10	1160	10
1qtqA03	1	10	1160	10
3siqA00	1	10	1170	10
2poiA00	1	10	1170	10
3uehA00	1	10	1170	10
1i3oF00	1	10	1170	10
1dv5A00	1	10	1200	10
2n98A00	1	10	1200	10
3ce7A00	1	10	1200	10
1vkuA00	1	10	1200	10
4dg9A03	1	10	1200	10
6vhyA02	1	10	1200	10
2n6yA00	1	10	1200	10
2m5rA00	1	10	1200	10
8aigA01	1	10	1200	10
2n5hA00	1	10	1200	10
5hv8A00	1	10	1200	10
2roqA01	1	10	1200	10
2l9fA00	1	10	1200	10
1znvA00	1	10	1200	20
3g1gB00	1	10	1200	30
4xrqA02	1	10	1200	30
5bs1A00	1	10	1200	210
4gr6B00	1	10	1200	210
7nafR01	1	10	1200	240
1vwxR02	1	10	1200	240
2cpgB00	1	10	1220	10
1mylA00	1	10	1220	10
2wvfA01	1	10	1220	10
2gpeD01	1	10	1220	10
3gxqA00	1	10	1220	10
3qoqC00	1	10	1220	10
2bsqE01	1	10	1220	10
3fmtE01	1	10	1220	10
7nywJ02	1	10	1220	10
3vw4A02	1	10	1220	10
1u9pA00	1	10	1220	10
2k6lA00	1	10	1220	10
2k1oA00	1	10	1220	10
1x93A01	1	10	1220	10
2ba3A01	1	10	1220	10
4hehA01	1	10	1240	10
8c73D01	1	10	1240	10
7xcnM01	1	10	1240	10
6elbA00	1	10	1270	10
3iefA02	1	10	1270	20
7myqB02	1	10	1270	20
1bt3A00	1	10	1280	10
3nq0A00	1	10	1280	10
3hhsA02	1	10	1280	10
3w6wB01	1	10	1280	10
1js8A01	1	10	1280	10
3wjmA02	1	10	1280	10
1rkpA00	1	10	1300	10
7eg1A01	1	10	1300	10
2vn5B00	1	10	1330	10
4wi0B02	1	10	1330	10
1qhdA02	1	10	1350	10
2h1jA00	1	10	1370	30
1ka2A00	1	10	1370	30
3qkiA03	1	10	1390	10
2wu8A03	1	10	1390	10
1gk9B03	1	10	1400	10
5ublA02	1	10	1400	10
1fm2B02	1	10	1400	10
4ud4A01	1	10	1410	10
2hhpA01	1	10	1410	10
4m5dA01	1	10	1410	10
3hj1A01	1	10	1410	10
5jnbA01	1	10	1410	10
1r89A01	1	10	1410	30
4lezA01	1	10	1410	40
4at7B01	1	10	1410	40
1ewrA02	1	10	1420	10
1e3mB04	1	10	1420	10
1ewqA04	1	10	1420	10
3thxB03	1	10	1420	10
2o8bB03	1	10	1420	10
3thxA03	1	10	1420	10
1g8qA00	1	10	1450	10
6rloK01	1	10	1450	10
7rdbV01	1	10	1450	10
1iwpG02	1	10	1510	20
3rv1B02	1	10	1520	10
3c4bA01	1	10	1520	10
2qvwA04	1	10	1520	10
1vw4900	1	10	1520	10
1vw4501	1	10	1520	10
1nxuA01	1	10	1530	10
3i0pA01	1	10	1530	10
1rfmA01	1	10	1530	10
1jeyA04	1	10	1600	10
7zygB02	1	10	1600	10
4kqkB01	1	10	1610	10
1j33A01	1	10	1610	10
1vq8200	1	10	1620	10
8etcR01	1	10	1650	10
3ucsA00	1	10	1660	10
4wlsA00	1	10	1660	10
4r4eB00	1	10	1660	10
1m3qA02	1	10	1670	10
1xg7B01	1	10	1670	10
4uobA01	1	10	1670	10
3i0wA03	1	10	1670	10
1keaA01	1	10	1670	10
1mpgA03	1	10	1670	10
3iieB03	1	10	1740	10
1or7B01	1	10	1740	10
3ucqA01	1	10	1740	10
4nqwA01	1	10	1740	10
1h3lB00	1	10	1740	10
3t0yA01	1	10	1740	10
6pmiF01	1	10	1740	10
3rlbA00	1	10	1760	20
4dveA00	1	10	1760	20
4m5bA00	1	10	1760	20
4huqS00	1	10	1760	20
4rfsS00	1	10	1760	20
3p5nA00	1	10	1760	20
4hzuS00	1	10	1760	20
4irfB00	1	10	1780	10
3zriA01	1	10	1780	10
4y0cB00	1	10	1780	10
6azyA01	1	10	1780	10
7ekoO01	1	10	1780	10
2qcyA03	1	10	1840	10
3kusB01	1	10	1900	10
2o3lA00	1	10	1900	10
6o3bH00	1	10	2000	10
2pnkA02	1	10	2020	10
1j5sA02	1	10	2020	10
5fcyA00	1	10	2090	10
3idaA02	1	10	3020	10
1mpxA02	1	10	3020	10
1m6nA04	1	10	3060	10
2ipcA04	1	10	3060	10
1kplA00	1	10	3080	10
4x4wA02	1	10	3090	10
3h38A02	1	10	3090	10
3aqlA02	1	10	3090	10
1t3dA01	1	10	3130	10
3f1xA01	1	10	3130	10
3tm8B00	1	10	3210	10
2gz4A00	1	10	3210	10
2hekA01	1	10	3210	10
1vqrD00	1	10	3210	10
5tk8A00	1	10	3210	10
3rf0A00	1	10	3210	10
4r8zA00	1	10	3210	10
2o08A00	1	10	3210	10
4l1jB00	1	10	3210	10
2pgsA01	1	10	3210	10
3memA02	1	10	3210	10
1ynbA00	1	10	3210	10
3hi0A03	1	10	3210	10
1vj7B01	1	10	3210	10
2dqbB00	1	10	3210	10
1dqaD01	1	10	3270	10
2vy3A01	1	10	3290	10
4x2cA00	1	10	3290	10
2f6sA00	1	10	3290	10
6zmdB02	1	10	3290	10
4itrB00	1	10	3290	10
3letA00	1	10	3290	10
5z5mA01	1	10	3330	10
2q37A00	1	10	3330	10
5hzzC00	1	10	3420	10
2rfpA00	1	10	3420	10
3hd6A00	1	10	3430	10
1u7gA00	1	10	3430	10
3k3fA00	1	10	3430	10
2o01200	1	10	3460	10
7blz301	1	10	3460	10
4k84A00	1	10	3520	10
3kv0A01	1	10	3520	10
2gttC01	1	10	3570	10
2qtsA03	1	10	3590	10
3hhwK02	1	10	3610	10
2gttJ02	1	10	3610	10
7mqvC02	1	10	3660	10
3rlfG01	1	10	3720	10
2onkC00	1	10	3720	10
7mc0A01	1	10	3720	10
7cafA01	1	10	3720	10
2rcyA02	1	10	3730	10
2nwlC00	1	10	3860	10
4e4jA02	1	10	3930	10
1rxxA02	1	10	3930	10
2fozA00	1	10	4080	10
2wocA00	1	10	4080	10
3v6zE00	1	10	4090	10
2a45H00	1	20	5	50
1jy2S00	1	20	5	50
1fzcB03	1	20	5	50
1fzcC03	1	20	5	50
1t3uA02	1	20	5	50
1n73D00	1	20	5	50
3ghgB01	1	20	5	50
1jfeD00	1	20	5	50
1hgvA00	1	20	5	80
2cpbA00	1	20	5	80
3plnA02	1	20	5	100
2q3eA02	1	20	5	100
3cx5D02	1	20	5	100
2yiuB02	1	20	5	100
3vmaA01	1	20	5	100
3gw6A04	1	20	5	100
2k9jB00	1	20	5	100
2jwaA00	1	20	5	100
2kncB00	1	20	5	100
4wy4B00	1	20	5	110
3p8cE01	1	20	5	110
1n7sA00	1	20	5	110
3b5nL00	1	20	5	110
3b5nK00	1	20	5	110
1n7sB00	1	20	5	110
2npsC00	1	20	5	110
3zdoB00	1	20	5	110
4w7zC00	1	20	5	110
2xdjB00	1	20	5	110
1t3jA00	1	20	5	110
1nhlA00	1	20	5	110
3m0dC00	1	20	5	110
3htkB00	1	20	5	110
3vopC00	1	20	5	110
2pp6A01	1	20	5	110
1vwxL02	1	20	5	110
4gnsA01	1	20	5	110
2yo2A01	1	20	5	170
3vmxA00	1	20	5	170
4gkgA00	1	20	5	170
1czqA00	1	20	5	170
4aqrD00	1	20	5	170
3he4A00	1	20	5	170
5cmzA00	1	20	5	170
4c7nA00	1	20	5	170
4jnuA00	1	20	5	170
2yo2A03	1	20	5	170
3p32A01	1	20	5	170
1j2jB00	1	20	5	170
1gd2F00	1	20	5	170
4dzoB01	1	20	5	170
3a7pB00	1	20	5	170
2p7jB01	1	20	5	170
1a02F00	1	20	5	170
2vrsC01	1	20	5	170
1csbA01	1	20	5	170
1mv8A02	1	20	5	170
2pjuD03	1	20	5	170
3nfqA01	1	20	5	170
2xu6A00	1	20	5	170
1nwqA00	1	20	5	170
2basA02	1	20	5	170
1g2cB00	1	20	5	170
3v4wA00	1	20	5	170
3ir9A01	1	20	5	170
3kqgF01	1	20	5	170
4i6mC00	1	20	5	170
2iu8C03	1	20	5	170
4b86B00	1	20	5	170
4hytB01	1	20	5	170
3b8eB00	1	20	5	170
1slqE02	1	20	5	170
2xzrA00	1	20	5	170
2kp8A00	1	20	5	170
4eotA00	1	20	5	170
4e75C03	1	20	5	170
1hbwA00	1	20	5	170
2lw9A00	1	20	5	170
1junA00	1	20	5	170
1yycA01	1	20	5	170
1bccG00	1	20	5	210
3m9qA02	1	20	5	220
2j59M02	1	20	5	220
3g3zA01	1	20	5	220
3clqB01	1	20	5	220
1l0nK00	1	20	5	220
4ifdK01	1	20	5	220
2wscH01	1	20	5	220
2oarA02	1	20	5	220
2lkmA01	1	20	5	220
1mslA02	1	20	5	220
3s6n201	1	20	5	220
1dx7A00	1	20	5	250
1jmmA01	1	20	5	250
1pp9J00	1	20	5	260
1bccE01	1	20	5	270
1svfA00	1	20	5	300
1wncB00	1	20	5	300
1zv8G00	1	20	5	300
3efgA00	1	20	5	300
4n6jA00	1	20	5	300
1pgd003	1	20	5	320
1avyB00	1	20	5	320
1nayB00	1	20	5	320
1wt6B00	1	20	5	340
1x79B00	1	20	5	340
1d7mA00	1	20	5	340
3hrnA00	1	20	5	340
2fxmB00	1	20	5	340
2qihA00	1	20	5	340
2pohF01	1	20	5	340
5ktbB01	1	20	5	340
8eapA01	1	20	5	340
5cj0B02	1	20	5	370
1fu1A02	1	20	5	370
5wlzC02	1	20	5	370
1z56B00	1	20	5	370
2rklF00	1	20	5	420
2b87A00	1	20	5	420
1hr5A00	1	20	5	420
3zdmB00	1	20	5	420
1x0tA01	1	20	5	420
4kjmA02	1	20	5	420
4k35A04	1	20	5	420
3fxdC00	1	20	5	420
2wmmA01	1	20	5	420
4kjmB01	1	20	5	420
2q1kA00	1	20	5	420
2i8dA02	1	20	5	420
4hb1A00	1	20	5	420
2qvaA02	1	20	5	420
2r44A01	1	20	5	420
1s3jB01	1	20	5	420
2hr3A01	1	20	5	420
4jbzA03	1	20	5	420
3rguB00	1	20	5	420
4cpgA00	1	20	5	420
2ks1B01	1	20	5	420
1g1iA00	1	20	5	430
4c7rA02	1	20	5	430
4hh2A02	1	20	5	430
1jekA00	1	20	5	440
4wvzD01	1	20	5	440
2jdiH02	1	20	5	440
2qe7H02	1	20	5	440
4djgB00	1	20	5	440
1fs0E02	1	20	5	440
1ifpA00	1	20	5	440
3effK02	1	20	5	440
1r8eA03	1	20	5	490
3g9rA00	1	20	5	490
2j5uB01	1	20	5	490
3t97B00	1	20	5	490
4il6X00	1	20	5	510
2qsiA02	1	20	5	510
6k61J00	1	20	5	510
6igzJ00	1	20	5	510
2qiwA02	1	20	5	510
2yiuC01	1	20	5	510
1q90D01	1	20	5	510
2wpvB01	1	20	5	510
3c8vA04	1	20	5	510
2o01J01	1	20	5	510
2k9yA00	1	20	5	510
2lpfA01	1	20	5	510
1zoyC01	1	20	5	540
2g3aA01	1	20	5	540
1pv3A01	1	20	5	540
3ow2O02	1	20	5	560
4i7zC03	1	20	5	700
1vf5Q01	1	20	5	700
7czle01	1	20	5	860
4l74A02	1	20	5	870
6kacH01	1	20	5	880
1vs5U01	1	20	5	1150
3wutG00	1	20	5	1180
5jvpB01	1	20	5	1430
1wu9A00	1	20	5	1430
6yf5A01	1	20	5	1430
4e61B00	1	20	5	1430
3ni0B00	1	20	5	1700
2x7aA00	1	20	5	1700
4pkyE00	1	20	5	1700
3ehfD01	1	20	5	1930
5ll6T02	1	20	5	2650
4ef4A01	1	20	5	5200
6tdyO00	1	20	20	10
2x2vA00	1	20	20	10
6oqrR00	1	20	20	10
6qumQ00	1	20	20	10
5j4oA01	1	20	58	60
1hciA03	1	20	58	60
2oduA02	1	20	58	60
1s35A02	1	20	58	60
1hciA01	1	20	58	60
3pe0A02	1	20	58	60
3edvA02	1	20	58	60
1w9lA02	1	20	58	60
5j1gA00	1	20	58	60
3r6nB01	1	20	58	60
6m3pA00	1	20	58	60
1g8xA06	1	20	58	60
1fewA00	1	20	58	70
3lg7A00	1	20	58	70
2xheB01	1	20	58	70
2dnxA00	1	20	58	70
2crbA00	1	20	58	80
5lb7B00	1	20	58	80
5fvkA00	1	20	58	80
4u7iA00	1	20	58	80
5cgmA02	1	20	58	80
4it4A02	1	20	58	80
1wcrA00	1	20	58	80
2a9uA01	1	20	58	80
2mpkA00	1	20	58	80
2x9xA04	1	20	58	90
4j2cC00	1	20	58	90
4l0rB00	1	20	58	90
3qk6A03	1	20	58	90
2c5iT00	1	20	58	90
2g0uA01	1	20	58	90
3fxdB00	1	20	58	90
4cqiA00	1	20	58	90
2mbgA02	1	20	58	90
2e5vA03	1	20	58	100
1kf6A03	1	20	58	100
5o5jT00	1	20	58	110
4hwiB02	1	20	58	120
1t7sA00	1	20	58	120
2qvaA01	1	20	58	190
3axjB01	1	20	58	190
1keyC02	1	20	58	200
1vctA01	1	20	58	220
1t72A01	1	20	58	220
3l39A01	1	20	58	220
2iiuA00	1	20	58	220
1xwmA00	1	20	58	220
3ck6C02	1	20	58	340
4egwA02	1	20	58	340
3rkgA02	1	20	58	340
4ev6A03	1	20	58	340
2m6bA00	1	20	58	390
1oedE00	1	20	58	390
2bg9A02	1	20	58	390
4idoA02	1	20	58	420
3ovuA00	1	20	58	420
5mi7A03	1	20	58	460
2v5cA03	1	20	58	460
1yw0A00	1	20	58	480
2v7kA02	1	20	58	480
4u74A01	1	20	58	480
2nwbA02	1	20	58	480
4pa0B01	1	20	58	530
7rb9D01	1	20	58	530
4akrB01	1	20	58	570
2di4A00	1	20	58	760
5kagA01	1	20	58	1300
3k3oA02	1	20	58	1360
3purA03	1	20	58	1360
2yu1A02	1	20	58	1360
6f6dA02	1	20	58	1370
7v2hj01	1	20	58	1610
7zmg301	1	20	58	1610
4czzB00	1	20	58	1880
3zc0D00	1	20	58	2140
4juyB00	1	20	58	2190
5ljmA00	1	20	58	2190
2d5uA01	1	20	58	2190
2d8dB00	1	20	59	10
2h9dD00	1	20	59	10
2vklA00	1	20	59	10
5vhtA00	1	20	59	10
2fp1B00	1	20	59	10
6ibeA02	1	20	80	10
2j0jA02	1	20	80	10
1hbkA00	1	20	80	10
6u4kA02	1	20	80	10
5f3yA03	1	20	80	10
2cquA00	1	20	80	10
4jk8A02	1	20	80	40
1r12A01	1	20	82	10
1e6dM01	1	20	85	10
1ds8M02	1	20	85	10
3zuwL01	1	20	85	10
8f4cA01	1	20	85	10
1eysL02	1	20	85	10
7d1tA01	1	20	85	10
1bk9A00	1	20	90	10
2wg7A00	1	20	90	10
3md2A01	1	20	91	10
1c5aA00	1	20	91	20
5jpnB01	1	20	91	20
3vrcA00	1	20	120	10
1yzaA00	1	20	120	10
2ccyA00	1	20	120	10
1s05A00	1	20	120	10
2hmqA00	1	20	120	50
1rmvA00	1	20	120	70
1m56C02	1	20	120	80
1vmaA01	1	20	120	140
7epkA01	1	20	120	140
2iylD01	1	20	120	140
6fqdB01	1	20	120	140
4g78A00	1	20	120	160
2oocB00	1	20	120	160
2lp4A01	1	20	120	160
1c02A00	1	20	120	160
1y6dA00	1	20	120	160
3ipmO01	1	20	120	180
1avoB00	1	20	120	180
1xwjA01	1	20	120	230
5w93A00	1	20	120	230
5h5mA02	1	20	120	230
6xz3A01	1	20	120	230
1l7cB01	1	20	120	230
1sj8A02	1	20	120	230
4iggB02	1	20	120	230
1dowA00	1	20	120	230
4iggB06	1	20	120	230
1tr2A04	1	20	120	230
1u89A00	1	20	120	230
2b0hA01	1	20	120	230
1oqcA00	1	20	120	310
3llkA02	1	20	120	310
4ebjA02	1	20	120	330
6nmnA02	1	20	120	330
1wolA00	1	20	120	330
2jx0A00	1	20	120	330
3mfnB00	1	20	120	330
3c18A02	1	20	120	330
1jogA00	1	20	120	330
1v4aA03	1	20	120	330
3tulB00	1	20	120	330
2pbeA02	1	20	120	330
3brjC00	1	20	120	330
2l6hA00	1	20	120	330
1orsC00	1	20	120	350
5yubA01	1	20	120	350
5dqqA01	1	20	120	350
7w6sB02	1	20	120	350
3g50C00	1	20	120	400
6a34A01	1	20	120	420
5yfjA01	1	20	120	420
6i3mE01	1	20	120	420
2qnlA00	1	20	120	450
5cogA00	1	20	120	450
2nsgA01	1	20	120	450
2qe9B01	1	20	120	450
2oqmB01	1	20	120	450
2hkvA01	1	20	120	450
3cexA00	1	20	120	450
2ou6A00	1	20	120	450
2yqyA00	1	20	120	450
2rd9B01	1	20	120	450
3dkaB01	1	20	120	450
6z74C02	1	20	120	530
3c7jA02	1	20	120	530
2hs5A02	1	20	120	530
5tpmB00	1	20	120	530
6wfqC01	1	20	120	530
4yl0A00	1	20	120	550
4jrzA00	1	20	120	550
4bemJ00	1	20	120	610
6o7uc01	1	20	120	610
2mysA04	1	20	120	720
1m2vB01	1	20	120	730
2cgeA03	1	20	120	790
3godB02	1	20	120	920
4wj0A02	1	20	120	920
8hi1C01	1	20	120	920
7kfuC02	1	20	120	920
5t3tJ00	1	20	120	1160
8befJ01	1	20	120	1200
7v2hm01	1	20	120	1200
3rkoF01	1	20	120	1200
4cs9C00	1	20	120	1350
2l9jA00	1	20	120	1350
5wo3A00	1	20	120	1490
2y3hD00	1	20	120	1490
3layF00	1	20	120	1490
3levA00	1	20	120	1810
1qdbA02	1	20	140	10
2wbiB03	1	20	140	10
3owaB04	1	20	140	10
4zyjA03	1	20	140	10
2ddhA03	1	20	140	10
5xdcA03	1	20	140	10
3mkhA03	1	20	140	10
8hk0C01	1	20	140	10
1ivhA03	1	20	140	10
2ot4A03	1	20	140	10
2fonA04	1	20	140	10
2j7aA02	1	20	140	10
8hk0B03	1	20	140	10
1u8vB03	1	20	140	10
2jbrA03	1	20	140	10
6jhmA02	1	20	140	10
3crkB01	1	20	140	20
2hjnA00	1	20	140	30
1k90C03	1	20	140	60
3x29A00	1	20	140	150
6dlzA01	1	20	140	150
1efyA01	1	20	142	10
4bgpA01	1	20	142	20
1vnsA01	1	20	144	10
2akcA00	1	20	144	10
4px7A00	1	20	144	10
4xd7C03	1	20	150	20
3x0uB01	1	20	190	10
4moaA01	1	20	190	10
4d8mA01	1	20	190	10
7qydA01	1	20	190	10
2br9A00	1	20	190	20
3tv2A02	1	20	200	10
2ptqA02	1	20	200	10
1b8fA02	1	20	200	10
4nleA01	1	20	200	10
1k62A02	1	20	200	10
2felA00	1	20	200	10
1fftA00	1	20	210	10
1ehkA00	1	20	210	10
3ayfA01	1	20	210	10
3mk7A00	1	20	210	10
1fgmA05	1	20	245	10
3pvsA03	1	20	272	10
6vvoE02	1	20	272	10
1a5tA03	1	20	272	10
3zh9B03	1	20	272	10
6vvoC03	1	20	272	10
1sxjA03	1	20	272	10
3glgG03	1	20	272	10
1sxjB03	1	20	272	10
1jr3D02	1	20	272	10
3u61D03	1	20	272	10
1ezvC00	1	20	810	10
7e1wB01	1	20	810	10
4i7zA00	1	20	810	10
1hbmA03	1	20	840	10
1e6vB02	1	20	840	10
1xd4A03	1	20	870	10
4jgwA01	1	20	870	10
4f7zA04	1	20	870	10
4l9mA01	1	20	870	10
3g36B00	1	20	890	10
2hwnB00	1	20	890	10
5hvzB00	1	20	890	10
2l9uA00	1	20	890	10
3actA02	1	20	890	20
2i15A01	1	20	890	20
4gouA03	1	20	900	10
1by1A00	1	20	900	10
7ckaA01	1	20	910	10
1n45A00	1	20	910	10
4fn6A01	1	20	910	10
7twaC00	1	20	910	10
3bjdA02	1	20	910	10
1otwB00	1	20	910	10
1sk7A00	1	20	910	10
2f2gA00	1	20	910	10
3oqlC00	1	20	910	10
3ddeB00	1	20	910	10
1rcwB00	1	20	910	10
3tlpA00	1	20	920	10
3lqhA02	1	20	920	10
4n4iA01	1	20	920	10
3u5nA02	1	20	920	10
5vs7A00	1	20	920	10
2r0yA02	1	20	920	10
3aadA01	1	20	920	10
4py6C00	1	20	920	10
1eo0A00	1	20	930	10
3op0A01	1	20	930	20
4btfA01	1	20	930	20
3fedA03	1	20	930	40
5az7A01	1	20	960	10
1xr7A03	1	20	960	20
1khvA05	1	20	960	20
4nyzA03	1	20	960	20
4lq3A04	1	20	960	20
2elcA01	1	20	970	10
1zvwA01	1	20	970	10
1uouA01	1	20	970	10
5ey3B01	1	20	970	10
4ga4A01	1	20	970	10
1ja1A03	1	20	990	10
2qtlA01	1	20	990	10
2bpoA02	1	20	990	10
3r2qA02	1	20	1050	10
4kx4A02	1	20	1050	10
4kdxA02	1	20	1050	10
4pqiA02	1	20	1050	10
4hz2A02	1	20	1050	10
2v6kA02	1	20	1050	10
1oyjB02	1	20	1050	10
1xw6A02	1	20	1050	10
4isdB02	1	20	1050	10
3m0fB02	1	20	1050	10
2n5fA02	1	20	1050	10
5bmuC02	1	20	1050	10
6eryA02	1	20	1050	10
3mdkA02	1	20	1050	10
2pvqA02	1	20	1050	10
2hnlA02	1	20	1050	10
4ussA02	1	20	1050	10
4ivfA02	1	20	1050	10
2yv9A02	1	20	1050	10
3c8eA02	1	20	1050	10
3cbuA02	1	20	1050	10
1r5aA02	1	20	1050	10
4lmvA02	1	20	1050	10
2hraA02	1	20	1050	10
4agsA02	1	20	1050	10
5u56A02	1	20	1050	10
3ic8C02	1	20	1050	10
1z9hA03	1	20	1050	10
4ptsB02	1	20	1050	10
2wvxA03	1	20	1050	60
1svmA02	1	20	1050	70
4q5qB00	1	20	1050	130
5a1nB00	1	20	1050	130
5a1nA00	1	20	1050	130
4zb7A00	1	20	1050	130
4w66B00	1	20	1050	130
7k5sA02	1	20	1060	10
1t7pA02	1	20	1060	10
3a7kB00	1	20	1070	10
5ax0A00	1	20	1070	10
7akwA01	1	20	1070	10
7utzR02	1	20	1070	10
7cj3A01	1	20	1070	10
7eq1R01	1	20	1070	10
4klyB00	1	20	1070	10
8hmpR01	1	20	1070	10
7cfmR01	1	20	1070	10
6csnA01	1	20	1070	10
3zevB00	1	20	1070	10
8h8jC01	1	20	1070	10
4jkvB02	1	20	1070	10
8f76A01	1	20	1070	10
5nx2A02	1	20	1070	10
3eh5B01	1	20	1070	10
1j4nA00	1	20	1080	10
3kcuD00	1	20	1080	10
3iv7A02	1	20	1090	10
1jq5A02	1	20	1090	10
6l1kA02	1	20	1090	10
5tprA02	1	20	1090	10
4rflA02	1	20	1090	10
3rf7A02	1	20	1090	10
1ujnA02	1	20	1090	10
1vfpB02	1	20	1110	10
2zxeA02	1	20	1110	10
3b8cA01	1	20	1110	10
1epwA02	1	20	1120	10
3vuoA02	1	20	1120	10
1jb0A00	1	20	1130	10
1qoyA00	1	20	1170	10
6w08A01	1	20	1170	10
2nrjA01	1	20	1170	10
4k1pE00	1	20	1170	10
6h2dS01	1	20	1170	10
6grkB01	1	20	1170	10
6gy8A01	1	20	1170	10
4r36A02	1	20	1180	10
1j2zA02	1	20	1180	10
1nogA00	1	20	1200	10
1nigA00	1	20	1200	10
3cv2A02	1	20	1220	12
2wscL00	1	20	1240	10
3d85C00	1	20	1250	10
1m4rB00	1	20	1250	10
1m4bA00	1	20	1250	10
1rhgB00	1	20	1250	10
3ejjB00	1	20	1250	10
1b5lA00	1	20	1250	10
1eteA00	1	20	1250	10
1ekuB02	1	20	1250	10
1n1fA00	1	20	1250	10
6f1eA01	1	20	1250	10
2l3yA00	1	20	1250	10
5d70A00	1	20	1250	10
4mhlA00	1	20	1250	10
7zxkC01	1	20	1250	10
3pivA00	1	20	1250	10
1ax8A00	1	20	1250	10
3bpoA00	1	20	1250	10
1eerA00	1	20	1250	10
1v7mV00	1	20	1250	10
1evsA00	1	20	1250	10
1a7mA00	1	20	1250	10
1f45B00	1	20	1250	10
5uwcI00	1	20	1250	10
3b5kB00	1	20	1250	10
1f6fA00	1	20	1250	10
8d74D01	1	20	1250	10
4yb9D00	1	20	1250	20
4iu9A00	1	20	1250	20
6wbvA01	1	20	1250	20
3wdoA01	1	20	1250	20
4iu9B01	1	20	1250	20
4gc0A01	1	20	1250	20
6ei3A00	1	20	1250	20
4iu9B02	1	20	1250	20
7zh0A01	1	20	1250	20
8bb6A01	1	20	1250	20
4gc0A02	1	20	1250	20
4q65A00	1	20	1250	20
6c9wA02	1	20	1250	20
2cfqA01	1	20	1250	20
3o7pA01	1	20	1250	20
7dl9B02	1	20	1250	20
7dl9A01	1	20	1250	20
1pw4A02	1	20	1250	20
1pw4A01	1	20	1250	20
8ex5A02	1	20	1250	20
5a2nA00	1	20	1250	20
7d5qA01	1	20	1250	20
8sbeA01	1	20	1250	20
8sbeA02	1	20	1250	20
4j05A00	1	20	1250	20
1y14C01	1	20	1250	40
3ayhA00	1	20	1250	40
2c35A00	1	20	1250	40
2ckzC01	1	20	1250	40
3e2cA00	1	20	1260	10
1dpsA00	1	20	1260	10
2gs4A00	1	20	1260	10
3q4oA00	1	20	1260	10
3qhbA00	1	20	1260	10
4ismA00	1	20	1260	10
2rbdA01	1	20	1260	10
5hjfA00	1	20	1260	10
5ffdA00	1	20	1260	10
2qf9A01	1	20	1260	10
5ux1D00	1	20	1260	10
3vnxA00	1	20	1260	10
3ezuA01	1	20	1260	10
4z5sA01	1	20	1260	10
3kwoA00	1	20	1260	10
2clbA01	1	20	1260	10
2qqyA00	1	20	1260	10
1vjxA00	1	20	1260	10
1zujA00	1	20	1260	10
3hl1B01	1	20	1260	10
2fzfA01	1	20	1260	10
3ez0C00	1	20	1260	10
4mudC00	1	20	1260	10
1otkA00	1	20	1260	10
2v8tA01	1	20	1260	10
3vvaA00	1	20	1260	140
3t46A00	1	20	1270	10
7n6lA02	1	20	1270	10
4kbqD00	1	20	1270	10
7b7tA01	1	20	1270	30
5kbpA02	1	20	1270	50
1o7dB00	1	20	1270	50
1o7dC01	1	20	1270	50
2q12A00	1	20	1270	60
2d1lA00	1	20	1270	60
1uruA01	1	20	1270	60
4dylA01	1	20	1270	60
3syvA01	1	20	1270	60
2z0vA00	1	20	1270	60
3ok8A00	1	20	1270	60
2efkA01	1	20	1270	60
3g9gA00	1	20	1270	60
3qweA00	1	20	1270	60
4wpeA00	1	20	1270	60
1i4dA00	1	20	1270	60
4fzsA00	1	20	1270	60
3pltA00	1	20	1270	60
6xj1A01	1	20	1270	60
3cazB00	1	20	1270	60
4wpcA00	1	20	1270	60
4az6A02	1	20	1270	90
2pmrA00	1	20	1270	90
2oznB01	1	20	1270	90
1mhyG01	1	20	1280	10
6d7kC02	1	20	1280	30
3ogkB01	1	20	1280	50
5ibkB00	1	20	1280	50
4i6jB01	1	20	1280	50
2ovrB01	1	20	1280	50
6m90A01	1	20	1280	50
3l2oB01	1	20	1280	50
3v7dD01	1	20	1280	50
7v3gA02	1	20	1280	260
4i9qA05	1	20	1280	300
2qeuB00	1	20	1290	10
2gmyD00	1	20	1290	10
1vkeE00	1	20	1290	10
2cwqA00	1	20	1290	10
1gu9C00	1	20	1290	10
6e8lA01	1	20	1290	10
3beyD00	1	20	1290	10
4g9qA00	1	20	1290	10
2q0tB01	1	20	1290	10
1yq3C02	1	20	1300	10
1zoyD00	1	20	1300	10
2wdqC00	1	20	1300	10
4kx6C00	1	20	1300	10
1kf6D00	1	20	1300	10
2wdqD00	1	20	1300	10
6lumG01	1	20	1300	10
1e7pC00	1	20	1300	10
4dhiB02	1	20	1300	20
2wzkA01	1	20	1310	10
1ldjA02	1	20	1310	10
3dplC01	1	20	1310	10
4wqoD00	1	20	1310	10
4i1sA01	1	20	1320	30
3zd7A03	1	20	1320	30
5ziyA01	1	20	1330	10
1io1A01	1	20	1330	10
3pwxA01	1	20	1330	10
6xkyA01	1	20	1330	10
4ensA02	1	20	1370	20
6l3tA01	1	20	1440	80
4u6rA03	1	20	1440	180
5xfaA04	1	20	1440	230
3zuxA00	1	20	1530	20
4bwzA00	1	20	1530	20
6z3yB01	1	20	1530	20
2irvB00	1	20	1540	10
4mrsA01	1	20	1560	10
4q4hA01	1	20	1560	10
7bcwA01	1	20	1560	10
7wiuB01	1	20	1560	10
8iprA01	1	20	1560	10
8iprC01	1	20	1560	10
6tqfA01	1	20	1560	10
3g5uA01	1	20	1560	10
5bunB00	1	20	1600	10
1yc9A01	1	20	1600	10
6u94A00	1	20	1600	10
2ww3A04	1	20	1610	10
4mt1A01	1	20	1640	10
2dhhA05	1	20	1640	10
3zqeB00	1	20	1710	10
2p7nA00	1	20	1710	10
1bk6A00	1	25	10	10
1m8zA00	1	25	10	10
6n85B01	1	25	10	10
1f59A00	1	25	10	10
1w9cA00	1	25	10	10
4fzaA01	1	25	10	10
3fgaB00	1	25	10	10
7ujdA01	1	25	10	10
4cv5D00	1	25	10	10
1xm9A01	1	25	10	10
4d4eA00	1	25	10	10
4adyA02	1	25	10	10
6whbA01	1	25	10	10
3tt9A00	1	25	10	10
3dadA00	1	25	10	10
5mzuA03	1	25	10	10
3nmzA00	1	25	10	10
4neeB00	1	25	10	10
5vjcA00	1	25	10	10
3o4xD01	1	25	10	10
2iw3B01	1	25	10	10
3ebbA00	1	25	10	10
4k6jB00	1	25	10	10
6mq7A00	1	25	10	10
3vwaA03	1	25	10	10
8c4aA01	1	25	10	10
5ewpA00	1	25	10	10
4r0zA00	1	25	10	10
7ep2B01	1	25	10	10
2w3cA02	1	25	10	10
1oyzA00	1	25	10	10
6idxA01	1	25	10	10
4l7mA00	1	25	10	10
4gmnA00	1	25	10	10
3opbA02	1	25	10	10
1xqrA00	1	25	10	10
1gw5B00	1	25	10	10
4cb8A00	1	25	10	10
5dlqB01	1	25	10	10
2w3cA01	1	25	10	10
3nowA01	1	25	10	10
3qmlD00	1	25	10	10
7k0yA01	1	25	10	10
3c2gB01	1	25	10	10
3grlA00	1	25	10	10
2qk2A01	1	25	10	10
8aw4A01	1	25	10	10
2db0B00	1	25	10	10
5dn7A00	1	25	10	10
1ho8A01	1	25	10	10
3gs3A00	1	25	10	10
3wozB00	1	25	10	10
1b3uA00	1	25	10	10
6wm2P01	1	25	10	10
1lrvA00	1	25	10	10
3tjzB00	1	25	10	10
7ldgA00	1	25	10	10
6igxD01	1	25	10	10
3c5wA00	1	25	10	10
4ffbC00	1	25	10	10
3gb8A01	1	25	10	10
8sorA01	1	25	10	10
7dvqK01	1	25	10	10
7unkA01	1	25	10	10
6tblB01	1	25	10	10
1qgrA00	1	25	10	10
2z5kA00	1	25	10	10
8f7aA01	1	25	10	10
4c0qB00	1	25	10	10
1wa5C00	1	25	10	10
3zkvA00	1	25	10	10
3w3uA01	1	25	10	10
3ibvB00	1	25	10	10
3a6pA00	1	25	10	10
1u6gC00	1	25	10	10
1te4A01	1	25	10	10
4ga1A00	1	25	40	10
2ff4A02	1	25	40	10
1wm5A00	1	25	40	10
4leuA00	1	25	40	10
6fndD01	1	25	40	10
7cc7A01	1	25	40	10
3ly7A02	1	25	40	10
2vq2A00	1	25	40	10
3q5mA00	1	25	40	10
8gm5A01	1	25	40	10
3rjvA01	1	25	40	10
6px0A00	1	25	40	10
3urzA00	1	25	40	10
2pziA04	1	25	40	10
4b94A00	1	25	40	10
3gw4A00	1	25	40	10
4yvoA00	1	25	40	10
2q7fA00	1	25	40	10
2xcbA00	1	25	40	10
4horA01	1	25	40	10
7mqzA01	1	25	40	10
4i9cA02	1	25	40	10
2vsyA01	1	25	40	10
3n71A03	1	25	40	10
4bt9A02	1	25	40	10
4uqxA01	1	25	40	10
3u3wA02	1	25	40	10
3o48A01	1	25	40	10
4i9cA01	1	25	40	10
1hxiA00	1	25	40	10
1ya0A01	1	25	40	10
2pziB03	1	25	40	10
3zheC01	1	25	40	10
3kaeA00	1	25	40	10
2p58C00	1	25	40	10
2hr2A00	1	25	40	10
1xnfA00	1	25	40	10
2i6hA02	1	25	40	10
6orcB00	1	25	40	10
5bt1B00	1	25	40	10
7qihA01	1	25	40	10
5v37A05	1	25	40	10
4ui9Y01	1	25	40	10
3u4tB00	1	25	40	10
2r5sA02	1	25	40	10
4f3vB01	1	25	40	10
8fbnB01	1	25	40	10
5an3B01	1	25	40	10
3cvpA00	1	25	40	10
4j8eA00	1	25	40	10
7n1nB01	1	25	40	10
4abnA01	1	25	40	10
3beeA00	1	25	40	10
3nf1A00	1	25	40	10
4g26A01	1	25	40	10
2r5sA01	1	25	40	10
4horA02	1	25	40	10
4a1sA00	1	25	40	10
3k9iA01	1	25	40	10
4rg6A03	1	25	40	10
4gpkF02	1	25	40	10
3ma5A00	1	25	40	10
5jj6B01	1	25	40	10
3mkrA00	1	25	40	10
1qqeA00	1	25	40	10
3hymL00	1	25	40	10
1hz4A00	1	25	40	10
7ru9C01	1	25	40	10
5ctrA01	1	25	40	10
3ulqA00	1	25	40	10
2ondA00	1	25	40	10
6wb9201	1	25	40	10
1b89A00	1	25	40	10
5tqbB01	1	25	40	10
4ui9P01	1	25	40	10
4rg6A02	1	25	40	10
8bfiB01	1	25	40	10
3zpjA00	1	25	40	10
4ui9Y03	1	25	40	10
3iegA00	1	25	40	10
2uy1A00	1	25	40	10
6xssA01	1	25	40	10
2gw1A02	1	25	40	10
3e4bA00	1	25	40	10
4bwrA00	1	25	40	10
8f5oD01	1	25	40	10
2xpiD00	1	25	40	10
4in3B00	1	25	40	10
1zu2A00	1	25	40	10
2mhkA01	1	25	40	10
3utmA01	1	25	40	20
5h28A01	1	25	40	20
6dcxD00	1	25	40	20
4hbdA00	1	25	40	20
2b0oE02	1	25	40	20
2f37A00	1	25	40	20
4zhbA00	1	25	40	20
1iknD00	1	25	40	20
5h28A02	1	25	40	20
6urqA02	1	25	40	20
6iybB00	1	25	40	20
5u0iB00	1	25	40	20
1sw6A00	1	25	40	20
7wdbA01	1	25	40	20
3keaA00	1	25	40	20
2fo1E00	1	25	40	20
2ajaA00	1	25	40	20
1n11A00	1	25	40	20
4uwhA01	1	25	40	70
5nczA01	1	25	40	70
2x6hA01	1	25	40	70
2i9cA01	1	25	40	70
5t5xA02	1	25	40	80
3zxsC02	1	25	40	80
4cdnB02	1	25	40	80
6lz3A02	1	25	40	80
5onfA00	1	25	40	90
3g2sB00	1	25	40	90
2lo6A00	1	25	40	90
4fu3A00	1	25	40	90
2bf0X00	1	25	40	90
5cmyA00	1	25	40	90
1hx8A01	1	25	40	90
1vdyA00	1	25	40	90
1n95A00	1	25	40	120
3dssA00	1	25	40	120
6j7xA01	1	25	40	120
4b89A00	1	25	40	180
2iu1A00	1	25	40	180
6kneA01	1	25	40	180
3l6aA01	1	25	40	180
1uw4B00	1	25	40	180
1h2tC03	1	25	40	180
3feyA02	1	25	40	180
1hu3A00	1	25	40	180
3d3mA00	1	25	40	180
4c9bB00	1	25	40	180
1h2uA01	1	25	40	180
1paqA00	1	25	40	180
4cemA00	1	25	40	180
6n7pX01	1	25	40	180
1zb1A00	1	25	40	280
5fwqA04	1	25	40	320
3jq0A00	1	25	40	390
3hdxA00	1	25	40	390
3snxA00	1	25	40	390
5e75A00	1	25	40	390
3cghA00	1	25	40	390
3ehmA01	1	25	40	390
3mcxA01	1	25	40	390
3ckcA01	1	25	40	390
3fdhA01	1	25	40	390
3mx3A01	1	25	40	390
7zcvA02	1	25	40	400
2aw6A02	1	25	40	400
3sbtB02	1	25	40	550
5dllA05	1	25	50	10
4f5cA04	1	25	50	20
4ayoA00	1	50	10	10
5gy1A01	1	50	10	10
4z4jA00	1	50	10	10
1fbwA01	1	50	10	10
2p0vA01	1	50	10	10
2afaA00	1	50	10	10
6g00A01	1	50	10	10
5ohzA00	1	50	10	10
3t33A00	1	50	10	10
1v7wA03	1	50	10	10
3w7tA03	1	50	10	10
2ahfA00	1	50	10	10
2eabA02	1	50	10	10
3k11A00	1	50	10	10
6gszA04	1	50	10	10
5xd0A01	1	50	10	10
1fp3A00	1	50	10	10
5h41A01	1	50	10	10
1gaiA00	1	50	10	10
4q2bB00	1	50	10	10
2jg0A00	1	50	10	10
1h54A02	1	50	10	10
1lf6A02	1	50	10	10
4xuvA00	1	50	10	10
2ri9A00	1	50	10	10
3h7lB02	1	50	10	10
4ce7B00	1	50	10	10
4j5tA02	1	50	10	10
5gy3A00	1	50	10	10
2okxA05	1	50	10	10
3renA00	1	50	10	10
1rq5A02	1	50	10	10
8carA01	1	50	10	10
4d4bA00	1	50	10	20
1gxmB00	1	50	10	20
4v1sA00	1	50	10	20
3dssB00	1	50	10	20
6ry2A01	1	50	10	20
4mu9B00	1	50	10	20
1umpA01	1	50	10	20
2v8iA01	1	50	10	20
2bb5A01	1	50	10	20
1w6kA03	1	50	10	20
5bp8A02	1	50	10	20
2sqcA02	1	50	10	20
1hzfA00	1	50	10	20
2g0dA00	1	50	10	20
4ydeB00	1	50	10	20
7bjtA01	1	50	10	100
1f1sA02	1	50	10	100
3nnbA01	1	50	10	100
4e1yA00	1	50	10	100
6ljaA01	1	50	10	100
4fnvA01	1	50	10	100
3vsmA01	1	50	10	100
1hn0A02	1	50	10	100
3a0oA02	1	50	10	100
2fuqA01	1	50	10	100
7r2xA01	1	50	10	100
1n1bA01	1	50	10	130
1h8pA01	2	10	10	10
1j7mA00	2	10	10	10
4mb4A04	2	10	10	20
4tx8A01	2	10	10	20
2rtsA00	2	10	10	20
3l2aA02	2	10	10	70
2bouA03	2	10	25	10
1b9wA01	2	10	25	10
1g1tA02	2	10	25	10
2p26A03	2	10	25	10
3fcsD05	2	10	25	10
1kloA01	2	10	25	10
2p3fN00	2	10	25	10
1dqbA01	2	10	25	10
1autL02	2	10	25	10
1kloA02	2	10	25	10
1p9jA00	2	10	25	10
1szbA02	2	10	25	10
1apqA00	2	10	25	10
6n29B01	2	10	25	10
1l3yA00	2	10	25	10
1eqgA01	2	10	25	10
2wg3D02	2	10	25	10
1yo8A02	2	10	25	10
3fbyA01	2	10	25	10
1yo8A03	2	10	25	10
1dx5I02	2	10	25	10
4bdxA00	2	10	25	10
3k6sD05	2	10	25	10
3k6sH04	2	10	25	10
3tbdA01	2	10	25	10
3p5bL01	2	10	25	10
2m74A02	2	10	25	10
1emnA01	2	10	25	10
2m74A01	2	10	25	10
2vrsA02	2	10	25	20
1v1hF01	2	10	25	20
3s6xC03	2	10	25	20
4gu4A01	2	10	25	20
4bk4A03	2	10	50	10
3nzyB02	2	10	50	10
6a3vB02	2	10	50	10
3thmF00	2	10	50	10
1d4vA03	2	10	50	10
5cirE02	2	10	50	10
1d4vA02	2	10	50	10
6ng3A01	2	10	50	10
3mi8D02	2	10	50	10
2ofsA00	2	10	60	10
2h5fB00	2	10	60	10
4aeaA00	2	10	60	10
3laqU01	2	10	60	10
3plcB00	2	10	60	10
5nh3A00	2	10	60	10
4faoC00	2	10	60	10
2i9bG02	2	10	60	10
1ks6A00	2	10	60	10
5do6A00	2	10	60	10
2pjyC00	2	10	60	10
7l0jB01	2	10	60	10
7z14F01	2	10	60	10
2aihA00	2	10	69	10
2qn5B01	2	10	69	10
1bi6H00	2	10	69	10
2g7iA02	2	10	70	10
2uwnA01	2	10	70	10
2cg7A01	2	10	70	10
1ghqB01	2	10	70	10
1gknA01	2	10	70	10
2lojA01	2	10	70	10
3o8eB01	2	10	70	10
4f4oC01	2	10	70	10
1e88A03	2	10	70	10
3mqlA04	2	10	70	10
2kmsA02	2	10	70	10
1tpmA00	2	10	70	10
1u5mA01	2	10	70	10
1g44C04	2	10	70	10
2y8tA03	2	10	70	70
2x2zD03	2	10	70	70
1rv0H01	2	10	77	10
4we6A01	2	10	77	10
4fqjA01	2	10	77	10
1mjvA00	2	10	90	10
1reuA00	2	10	90	10
5vb9A01	2	10	90	10
5bq8A00	2	10	90	10
5aejB00	2	10	90	10
1betA00	2	10	90	10
3e07A00	2	10	90	10
1hcnA00	2	10	90	10
1hcnB00	2	10	90	10
3mjkA00	2	10	90	10
1m4uA01	2	10	90	10
1aocA00	2	10	90	10
4k8wA00	2	10	109	10
2fjrA02	2	10	109	10
1b12C01	2	10	109	10
2hnfA00	2	10	109	10
2xjyA02	2	10	110	10
4kfzA01	2	10	110	10
2darA01	2	10	110	10
2miuA00	2	10	110	10
1m3vA00	2	10	110	10
4uf0A03	2	10	110	20
3la4A03	2	10	150	10
1ppjI00	2	10	210	10
3cwbI00	2	10	210	10
2fyuI00	2	10	210	10
4bsoA00	2	10	220	10
3wlwA02	2	10	220	10
1yy9A04	2	10	220	10
3u7uA04	2	10	220	10
7v3pB02	2	10	220	10
2l66A00	2	10	260	10
1mvfD00	2	10	260	10
2fy9A00	2	10	260	10
3o27B00	2	10	260	10
3tndB01	2	10	260	10
2qj6A01	2	10	270	10
2g7cA02	2	10	270	10
4aygB01	2	10	270	10
4gv5A00	2	20	20	10
1zlhB02	2	20	20	10
1d6bA00	2	20	20	10
1wqkA00	2	20	20	10
2mn3A00	2	20	20	10
2rngA02	2	20	20	10
1ahlA00	2	20	20	10
3i07B01	2	20	25	10
2bjoA01	2	20	25	10
3gkqA03	2	20	25	10
2jr6A01	2	20	25	10
7d58I01	2	20	25	10
1vlaA01	2	20	25	10
5xogI01	2	20	25	10
1x3zA04	2	20	25	10
1z01A03	2	20	25	10
3h0gI02	2	20	25	10
2p3yA01	2	20	25	10
3d6wB02	2	20	25	10
1nuiA01	2	20	25	10
3u50C02	2	20	25	10
2rblA01	2	20	25	10
1l1oC02	2	20	25	10
1ml8A01	2	20	25	10
1lqlA01	2	20	25	10
3q87A00	2	20	25	10
1dl6A00	2	20	25	10
1yuaA02	2	20	25	10
2kpiA01	2	20	25	10
1qf8B02	2	20	25	20
2jmoA01	2	20	25	20
1vq8100	2	20	25	30
1vx7h00	2	20	25	30
2e7zA01	2	20	25	90
6cz7A01	2	20	25	90
2vpzA01	2	20	25	90
7z0tA01	2	20	25	90
3j7a400	2	20	25	100
6tmfY00	2	20	25	100
1ti2A01	2	20	25	340
3gkqA02	2	20	25	680
1b2oA00	2	20	28	10
4tpuA02	2	20	28	10
4me3A03	2	20	28	10
4r7yA03	2	20	28	10
2k2dA00	2	20	28	10
5xogL00	2	20	28	30
3msuA01	2	20	28	60
3pio100	2	20	28	120
5x8t200	2	20	28	120
6hoyA02	2	20	28	200
2zquA01	2	20	70	10
3cngA01	2	20	70	10
3le4A00	2	20	70	10
2jv4A00	2	20	70	10
2ysiA01	2	20	70	10
1wmvA01	2	20	70	10
2e45A01	2	20	70	10
2mdiA00	2	20	70	10
2dk7A00	2	20	70	10
3hrzB01	2	20	130	20
3cu7A06	2	20	130	20
1yc9A02	2	20	200	10
4k7rA02	2	20	200	10
5azsA02	2	20	200	10
5kycB02	2	20	210	10
4qzvB02	2	20	210	30
1jqvA02	2	30	26	10
3syxA00	2	30	29	30
3pp2A00	2	30	29	30
4wsfA00	2	30	29	30
4a6fB00	2	30	29	30
2p8vA00	2	30	29	30
1vu2300	2	30	29	30
2oqbA00	2	30	29	30
3hqcA00	2	30	29	30
1maiA00	2	30	29	30
4ioyX02	2	30	29	30
5u78C00	2	30	29	30
1p5tA00	2	30	29	30
1w1hD00	2	30	29	30
6d21A03	2	30	29	30
4yl8A03	2	30	29	30
2mdxA00	2	30	29	30
4gxbA03	2	30	29	30
2cy5A00	2	30	29	30
1zc3B00	2	30	29	30
2ej8B00	2	30	29	30
3p6aB02	2	30	29	30
5c16A01	2	30	29	30
7z6eA01	2	30	29	30
1dynA00	2	30	29	30
2vszB02	2	30	29	30
2q13A02	2	30	29	30
4pq0A02	2	30	29	30
5fi1A02	2	30	29	30
3oanA00	2	30	29	30
4chjA00	2	30	29	30
1p3rC00	2	30	29	30
6oq4A03	2	30	29	30
5xbfA03	2	30	29	30
7mo0B01	2	30	29	30
6v97B02	2	30	29	30
4c0aE03	2	30	29	30
7csoA02	2	30	29	30
1qqgA01	2	30	29	30
2aehA03	2	30	29	30
2z0pC00	2	30	29	30
1mi1A01	2	30	29	30
3d8dA00	2	30	29	30
3ulbA01	2	30	29	30
1kz7C02	2	30	29	30
3wyfE00	2	30	29	30
2lydA00	2	30	29	30
2dx5A00	2	30	29	30
1n3hA00	2	30	29	30
2dyqA00	2	30	29	30
3hk0B02	2	30	29	30
5f3yA04	2	30	29	30
2yf0A01	2	30	29	30
7nkyO01	2	30	29	30
1fhoA00	2	30	29	30
1z87A01	2	30	29	30
1pfjA00	2	30	29	30
1v5pA01	2	30	29	30
1v61A00	2	30	29	30
2cocA01	2	30	29	30
2dhkA01	2	30	29	30
2kupA01	2	30	29	30
2ifsA00	2	30	29	30
1x1fA00	2	30	29	30
2fjlA00	2	30	29	30
2kuqA00	2	30	29	30
6escA03	2	30	29	100
7jn3A02	2	30	30	10
1ex4B02	2	30	30	10
1pg5B02	2	30	30	20
4amcA01	2	30	30	20
7k9cA01	2	30	30	30
4tvrA02	2	30	30	30
6s8zA01	2	30	30	30
1x6oA01	2	30	30	30
8swjA01	2	30	30	30
4zn3A02	2	30	30	30
3kbgA03	2	30	30	30
4ytlA02	2	30	30	30
3j7yD02	2	30	30	30
3a5zF01	2	30	30	30
4a17S00	2	30	30	30
6tqnG02	2	30	30	30
2e70A00	2	30	30	30
1vx7N01	2	30	30	30
1vs9S01	2	30	30	30
5o99A00	2	30	30	40
1e6hA00	2	30	30	40
2hbwA01	2	30	30	40
1xovA02	2	30	30	40
4r0kB01	2	30	30	40
8b2gA01	2	30	30	40
2fpfA00	2	30	30	40
6hx0A02	2	30	30	40
2jmcA00	2	30	30	40
3dkmA00	2	30	30	40
2qdlA01	2	30	30	40
2bzyA00	2	30	30	40
3nmzD00	2	30	30	40
1r77A00	2	30	30	40
3r6nA03	2	30	30	40
1bb9A00	2	30	30	40
1t3lA01	2	30	30	40
3lh5A01	2	30	30	40
1wfwA00	2	30	30	40
2kybA00	2	30	30	40
2aklA02	2	30	30	40
2gtjA01	2	30	30	40
2heqA01	2	30	30	40
2eyzA03	2	30	30	40
1ug1A00	2	30	30	40
2mk5A00	2	30	30	40
2rqrA00	2	30	30	40
3a8gB02	2	30	30	50
2pvdB00	2	30	30	50
1pseA00	2	30	30	50
3sfmA00	2	30	30	60
6rldA02	2	30	30	60
6urtA01	2	30	30	60
1vq8Q00	2	30	30	70
1vwxT01	2	30	30	70
2h3jA01	2	30	30	90
3mhxB00	2	30	30	90
1fx7B03	2	30	30	90
4o5vA03	2	30	30	90
5cviB02	2	30	30	90
2k5iA02	2	30	30	90
4jriB00	2	30	30	100
3hfnA00	2	30	30	100
6ppnO00	2	30	30	100
1m5q101	2	30	30	100
3fb9B00	2	30	30	100
2e10A02	2	30	30	100
1y96D00	2	30	30	100
3by7E00	2	30	30	100
6f9wA00	2	30	30	100
5gan800	2	30	30	100
1n9rB00	2	30	30	100
2i2lB02	2	30	30	100
3bfmA02	2	30	30	100
3jb9Z00	2	30	30	100
1hxdA03	2	30	30	100
4m75H00	2	30	30	100
4a53A01	2	30	30	100
2k57A00	2	30	30	100
3jscA00	2	30	30	110
1ub4A00	2	30	30	110
6veeA01	2	30	30	140
5vqhA02	2	30	30	140
3meuB02	2	30	30	140
8peoK01	2	30	30	140
6bhdA03	2	30	30	140
4q5wA02	2	30	30	140
7v8nB01	2	30	30	140
1khcA01	2	30	30	140
4iurA02	2	30	30	140
4ns5A02	2	30	30	140
5zwzA01	2	30	30	140
2rhuA02	2	30	30	140
2ckkA01	2	30	30	140
2d9tA01	2	30	30	140
5in1A01	2	30	30	140
6a7kA00	2	30	30	140
3kufA02	2	30	30	140
3goxA01	2	30	30	140
2rhiA01	2	30	30	140
7oc3A01	2	30	30	140
3pfsB00	2	30	30	140
8swjB01	2	30	30	140
4qqgG00	2	30	30	140
7aduA02	2	30	30	140
2fhdA01	2	30	30	140
4ld6A00	2	30	30	140
2ot2A01	2	30	30	140
3qiiA00	2	30	30	140
3pmiA01	2	30	30	140
6bogA01	2	30	30	140
2m0oA00	2	30	30	140
2efiA00	2	30	30	140
7dm4A01	2	30	30	140
1h3zA00	2	30	30	140
2m1hA00	2	30	30	140
7owdB01	2	30	30	190
1whkA00	2	30	30	190
1whmA01	2	30	30	190
1yfnA00	2	30	30	220
2qazD00	2	30	30	220
1d0xA01	2	30	30	360
4e7sA01	2	30	30	360
5i4eA01	2	30	30	360
3b08E00	2	30	30	380
2qtvA02	2	30	30	380
1pcxA02	2	30	30	380
2pptA01	2	30	30	380
4xxbB00	2	30	30	380
3efoB02	2	30	30	380
8ds8A01	2	30	30	490
1m4zA01	2	30	30	490
7xpkA01	2	30	30	490
4ft4B01	2	30	30	490
4bb7B00	2	30	30	490
3ptaA04	2	30	30	490
3gnfB05	2	30	30	550
1y7xA01	2	30	30	550
2zuoA02	2	30	30	560
2zuoA01	2	30	30	570
2zuoA09	2	30	30	570
2xi9A02	2	30	30	670
1vwxZ00	2	30	30	770
6escA01	2	30	30	1230
4bg7A00	2	30	31	10
2nvnA00	2	30	31	10
4kooB00	2	30	31	10
1pcfA00	2	30	31	10
1p3hB00	2	30	33	40
1k8kA02	2	30	36	70
2d1sA01	2	30	38	10
6ebyB00	2	30	38	10
4rlqA03	2	30	38	10
1ovaC01	2	30	39	10
1sngA01	2	30	39	10
2xn6A02	2	30	39	10
9paiA02	2	30	39	10
4r9iA02	2	30	39	10
2wxyC01	2	30	39	10
1ra0A01	2	30	40	10
3ls9A01	2	30	40	10
4f0lB01	2	30	40	10
1ynyA01	2	30	40	10
4bknB01	2	30	40	10
1p1mA01	2	30	40	10
2bb0A01	2	30	40	10
5xgwA01	2	30	40	10
4gbdB01	2	30	40	10
1rk6A01	2	30	40	10
1yrrA01	2	30	40	10
2ftyA01	2	30	40	10
2imrA01	2	30	40	10
3ggmA00	2	30	40	10
4z42C01	2	30	40	10
7x68A01	2	30	40	10
2pa1A00	2	30	42	10
5h3jA02	2	30	42	10
3id1A00	2	30	42	10
2ytwA00	2	30	42	10
3soeA00	2	30	42	10
1k32A04	2	30	42	10
4q2pA00	2	30	42	10
1wifA01	2	30	42	10
1x45A01	2	30	42	10
3otpC03	2	30	42	10
3r0hG01	2	30	42	10
7w6yA02	2	30	42	10
1ky9B04	2	30	42	10
1p1eA00	2	30	42	10
1i16A00	2	30	42	10
3ezmA00	2	30	60	10
2q9kA00	2	30	110	10
8d4wA01	2	30	110	10
3amfA00	2	30	110	10
4hx6H00	2	30	110	10
5jv4A00	2	30	110	10
2qckA01	2	30	110	10
2ig6A00	2	30	110	10
2arzA01	2	30	110	10
4z85A00	2	30	110	10
1xhnA01	2	30	110	10
2hq7B00	2	30	110	10
2vpaA00	2	30	110	10
2imlA01	2	30	110	10
3u5wA00	2	30	110	10
3db0B00	2	30	110	10
2furB00	2	30	110	10
2rdeB01	2	30	110	10
2a2jA00	2	30	110	10
5yjlD01	2	30	110	10
2htiA00	2	30	110	10
2ol5A00	2	30	110	10
3v4hA00	2	30	110	20
6a2vE00	2	30	110	20
6nvxB02	2	30	120	10
4hstB02	2	30	120	10
1fm2B03	2	30	120	10
1sqwA02	2	30	130	10
2q07A03	2	30	130	10
1wxxA01	2	30	130	10
1r3fA02	2	30	130	10
4q1tA02	2	30	130	10
3vseA01	2	30	130	10
1sgvA02	2	30	130	10
2ey4B01	2	30	130	10
6vbkA01	2	30	130	40
5fqdE02	2	30	130	40
1xj5A01	2	30	140	10
1inlC02	2	30	140	10
2b2cA01	2	30	140	10
2a6hC04	2	30	150	10
4a17T00	2	30	170	20
5mmiY00	2	30	170	40
2jz6A01	2	30	170	40
2j01100	2	30	170	40
5jm6A02	2	30	250	10
2vhjA02	2	30	270	20
2zkgC00	2	30	280	10
5mrtA02	2	40	10	10
6ku8A01	2	40	10	10
2rg3A01	2	40	10	10
6nirC02	2	40	10	10
3k6yA02	2	40	10	10
2h5cA01	2	40	10	10
3cp7B02	2	40	10	10
1havB02	2	40	10	10
3wy8A01	2	40	10	10
5c2zA02	2	40	10	10
1lvmA01	2	40	10	10
1a1rA02	2	40	10	10
2q6fA02	2	40	10	10
1arbA02	2	40	10	10
1dleA01	2	40	10	10
4z6aH01	2	40	10	10
2q6dC02	2	40	10	10
1rtfB01	2	40	10	10
2asuB02	2	40	10	10
4mvnA02	2	40	10	10
3h7tA02	2	40	10	10
1z8rA02	2	40	10	10
4xbdA01	2	40	10	10
5hm2A02	2	40	10	10
3e90B02	2	40	10	10
1kxcA02	2	40	10	10
1sotB01	2	40	10	10
1eptB00	2	40	10	10
1zyoA01	2	40	10	10
6kyzA02	2	40	10	10
5y2dA02	2	40	10	10
1wthD01	2	40	10	10
3fanA01	2	40	10	10
3fanA02	2	40	10	10
3stiB01	2	40	10	10
4agkA01	2	40	10	10
2odpA03	2	40	10	10
5eokA05	2	40	10	10
4fvdA01	2	40	10	10
1eptA00	2	40	10	10
2hrvA01	2	40	10	10
4o03A03	2	40	10	10
1gpzA02	2	40	10	10
4wf8A01	2	40	10	120
5h6vB01	2	40	10	120
2wv9A01	2	40	10	120
5gndA01	2	40	10	120
2f4lA02	2	40	10	120
4m9fA00	2	40	10	120
1wxrA01	2	40	10	120
6f5dD01	2	40	10	170
2lt4A00	2	40	10	170
6em3f00	2	40	10	190
4ac9C04	2	40	10	190
4rt0A00	2	40	10	220
2rdeA02	2	40	10	220
5xlyB00	2	40	10	220
3kyfA02	2	40	10	220
5kgoA02	2	40	10	220
4i86A00	2	40	10	220
3cnrB00	2	40	10	220
4p02A03	2	40	10	220
1i71A00	2	40	20	10
2pf2A00	2	40	20	10
2gpjA01	2	40	30	10
4rd4A02	2	40	30	10
5yt0A02	2	40	30	10
5ty0A02	2	40	30	10
4g1vA02	2	40	30	10
4he6A00	2	40	30	10
4c0sB03	2	40	30	10
4rd4A03	2	40	30	10
3mmpA05	2	40	30	10
2bgiA01	2	40	30	10
4kjzB03	2	40	30	10
1ddgA01	2	40	30	10
2ok7A01	2	40	30	10
2piaA01	2	40	30	10
6mv2A02	2	40	30	10
4u9uA01	2	40	30	10
3wndA02	2	40	30	10
1ep3B01	2	40	30	10
3mcaA03	2	40	30	10
3mcaA01	2	40	30	10
1zunB03	2	40	30	10
1r5bA02	2	40	30	10
1wb1A03	2	40	30	10
2hmaA03	2	40	30	10
3b82A03	2	40	30	10
4n3nA04	2	40	30	10
8gz3B01	2	40	30	10
6c0fB01	2	40	30	10
1vw3C01	2	40	30	10
3ofnK01	2	40	30	20
1kzlA01	2	40	30	20
6oqrB01	2	40	30	20
5trdA02	2	40	30	30
1n08A00	2	40	30	30
1vhoA02	2	40	30	40
3cpxA02	2	40	30	40
2cw5A02	2	40	30	90
1rqpA02	2	40	30	90
1wsrA04	2	40	30	110
3r6kA02	2	40	30	120
6xw5A02	2	40	30	120
4qv2A02	2	40	30	120
5e6tA02	2	40	30	120
8jjmA01	2	40	30	140
4l8jA02	2	40	30	170
2f1mA01	2	40	30	170
3lnnB01	2	40	30	170
4dk0A02	2	40	30	170
4ii2A03	2	40	30	180
1e0tA03	2	40	33	10
2pljA01	2	40	37	10
2yxxA01	2	40	37	10
3n29B01	2	40	37	10
3kw3B01	2	40	37	10
5zl6A01	2	40	37	10
4zgyA01	2	40	37	10
3n2oC01	2	40	37	10
3x2hA00	2	40	40	10
1wc2A00	2	40	40	10
1bw3A00	2	40	40	10
3sulA00	2	40	40	10
2ae0X01	2	40	40	10
1hd5A00	2	40	40	10
2pnwA01	2	40	40	10
4jcwA01	2	40	40	10
7xc8A01	2	40	40	10
6oyyB00	2	40	40	20
7dwwA01	2	40	40	20
3o5aA04	2	40	40	20
3hu1A01	2	40	40	20
6cz7C02	2	40	40	20
1g8kA04	2	40	40	20
5fj8A03	2	40	40	20
1qcsA01	2	40	40	20
2e7zA04	2	40	40	20
1yleA02	2	40	40	20
1q16A13	2	40	40	20
1h0hA04	2	40	40	20
2vpzA05	2	40	40	20
1ti2A04	2	40	40	20
1bbxC00	2	40	50	40
4x3kA00	2	40	50	40
6ftoA00	2	40	50	40
2fmmD00	2	40	50	40
5afwA02	2	40	50	40
1f9qD00	2	40	50	40
5ur7A00	2	40	50	40
4iupB01	2	40	50	40
6guuB01	2	40	50	40
1x3qA00	2	40	50	40
2hdmA00	2	40	50	40
2kumA01	2	40	50	40
2rsoA00	2	40	50	40
1c48A00	2	40	50	70
1encA00	2	40	50	90
5vqhA01	2	40	50	90
3bdlA03	2	40	50	90
4b9wA01	2	40	50	90
3bdlA01	2	40	50	90
5gu9A00	2	40	50	100
1fr3A00	2	40	50	100
1b9nB02	2	40	50	100
1h9sB01	2	40	50	100
3lwuA02	2	40	50	100
1e2wA02	2	40	50	100
3qjyA03	2	40	50	100
2it1A02	2	40	50	100
6gbzW01	2	40	50	100
3d4rB02	2	40	50	100
3crkC00	2	40	50	100
4kksA03	2	40	50	100
1oxxK03	2	40	50	100
3ne5B03	2	40	50	100
4ifdG01	2	40	50	100
2aujD03	2	40	50	100
2aujD04	2	40	50	100
3m7nA01	2	40	50	100
3a8iE00	2	40	50	100
2awnD02	2	40	50	100
4ljzC06	2	40	50	100
4v19000	2	40	50	100
1k8mA00	2	40	50	100
1ct1D00	2	40	50	110
3gp7A02	2	40	50	110
3tssA02	2	40	50	110
2iciA02	2	40	50	110
6p4sA00	2	40	50	110
1et9A02	2	40	50	110
2r61A02	2	40	50	110
5i4dA02	2	40	50	110
1ty0A02	2	40	50	110
6ro0C02	2	40	50	110
6ro0D00	2	40	50	110
2j4xA02	2	40	50	110
1jb3A00	2	40	50	120
2qkiC02	2	40	50	120
2tmpA00	2	40	50	120
1uapA00	2	40	50	120
1gd7A00	2	40	50	140
3rn5A01	2	40	50	140
1jt8A00	2	40	50	140
1ltlA02	2	40	50	140
3udfA03	2	40	50	140
5yzpA02	2	40	50	140
5groA00	2	40	50	140
2e8gA02	2	40	50	140
1vqaA00	2	40	50	140
3u4vA00	2	40	50	140
1v1qA00	2	40	50	140
6rarI02	2	40	50	140
2q2tA03	2	40	50	140
1h95A00	2	40	50	140
3ulpD00	2	40	50	140
3mxnB00	2	40	50	140
3u4zA00	2	40	50	140
7k98B01	2	40	50	140
2nchA00	2	40	50	140
1a62A02	2	40	50	140
4hikA00	2	40	50	140
3f8tA02	2	40	50	140
5gqoA00	2	40	50	140
1a0iA02	2	40	50	140
3kf6A00	2	40	50	140
3stbC00	2	40	50	140
6s8zA02	2	40	50	140
8sh0A01	2	40	50	140
6hcwA01	2	40	50	140
3f1zI00	2	40	50	140
2c35B02	2	40	50	140
3sgiA03	2	40	50	140
2ja9A01	2	40	50	140
6p0cA04	2	40	50	140
7lmaF01	2	40	50	140
2id0A04	2	40	50	140
4gnxA00	2	40	50	140
3cp0A00	2	40	50	140
4ex5B01	2	40	50	140
3o58B01	2	40	50	140
7z31G02	2	40	50	140
4gnxC02	2	40	50	140
2eifA02	2	40	50	140
2vnuD04	2	40	50	140
4rg1A02	2	40	50	140
1cukA01	2	40	50	140
5j3bB03	2	40	50	140
3q8dA01	2	40	50	140
1ckmA02	2	40	50	140
2vqeL00	2	40	50	140
3cqzH00	2	40	50	140
3er0A02	2	40	50	140
2r7dA03	2	40	50	140
2haxA01	2	40	50	140
1miuA02	2	40	50	140
4joiA00	2	40	50	140
2jjqA01	2	40	50	140
2it1A03	2	40	50	140
6y6mA01	2	40	50	140
4npsA02	2	40	50	140
4gnxB00	2	40	50	140
1fl0A00	2	40	50	140
1v43A03	2	40	50	140
3j7yD01	2	40	50	140
2rf4E02	2	40	50	140
5aj3Q00	2	40	50	140
3hkzG00	2	40	50	140
5j3bA02	2	40	50	140
1miuA03	2	40	50	140
2wg5F02	2	40	50	140
2rcnA01	2	40	50	140
1p16B02	2	40	50	140
1z47A03	2	40	50	140
7f66N01	2	40	50	140
1l1oF01	2	40	50	140
1k3rA02	2	40	50	140
4jg2A00	2	40	50	140
1g29102	2	40	50	140
1rl2A01	2	40	50	140
2d0oA05	2	40	50	140
6az1d00	2	40	50	140
1kixA03	2	40	50	140
1qzgA00	2	40	50	140
1miuA05	2	40	50	140
1u0lA01	2	40	50	140
4ifdI02	2	40	50	140
1jb7A01	2	40	50	140
5kwaA02	2	40	50	140
2nn6I02	2	40	50	140
2eqsA01	2	40	50	140
3ebeB00	2	40	50	140
1je5A00	2	40	50	140
3d31A02	2	40	50	140
8bprG01	2	40	50	140
6lbrA01	2	40	50	140
1jjgA00	2	40	50	140
1lm0A00	2	40	50	140
1wjjA01	2	40	50	140
2kctA01	2	40	50	140
1pfsA00	2	40	50	140
2kcmA00	2	40	50	140
1yvcA00	2	40	50	140
3o2zF00	2	40	50	140
4qiwB07	2	40	50	150
6kj6C01	2	40	50	150
5l37C00	2	40	50	220
6jy5B00	2	40	50	220
5optL02	2	40	50	740
4ujkM00	2	40	50	1000
3c9xA01	2	40	70	10
2aprA02	2	40	70	10
1a94A00	2	40	70	10
1yg9A03	2	40	70	10
5yq8A00	2	40	70	10
3hd8C01	2	40	70	10
2pmaA01	2	40	70	10
3fivA00	2	40	70	10
3liyA00	2	40	70	10
3hd8C02	2	40	70	10
2asiA02	2	40	70	10
6qcbA00	2	40	70	10
3qvcA01	2	40	70	10
1b5fC00	2	40	70	10
4ehcA00	2	40	70	10
3bkpA00	2	40	100	10
2phcB02	2	40	100	10
2oseA00	2	40	100	10
3va7A04	2	40	100	10
5ex2A01	2	40	100	10
1x7fA02	2	40	100	10
2wbiB02	2	40	110	10
4kcfA02	2	40	110	10
4x28C02	2	40	110	10
5mr6A02	2	40	110	10
4xvxB02	2	40	110	10
1w07A02	2	40	110	10
6eb0A02	2	40	110	10
5dpqA00	2	40	128	20
2x46A00	2	40	128	20
5epqA00	2	40	128	20
6rwqA00	2	40	128	20
1dzkA00	2	40	128	20
2w2aA00	2	40	128	20
1sa8A00	2	40	128	20
1sxwA00	2	40	128	20
1qftB00	2	40	128	20
2xklA00	2	40	128	20
1r0uA00	2	40	128	20
1vprA03	2	40	128	20
3ia8A00	2	40	128	20
4gh7A00	2	40	128	20
1t0vA01	2	40	128	20
2o62A01	2	40	128	20
3cqnB00	2	40	128	20
5xm5A00	2	40	128	20
1epaA00	2	40	128	20
4boeA00	2	40	128	20
3apuB00	2	40	128	20
4tq2A00	2	40	128	20
2fwvA00	2	40	128	20
1n43B00	2	40	128	30
6rtqA00	2	40	128	30
2c4iA01	2	40	128	30
2x34A00	2	40	128	110
1y0gA00	2	40	128	110
3d9wA02	2	40	128	150
2ol8O01	2	40	128	160
2af5A01	2	40	128	160
2bt9C01	2	40	128	190
3pquA01	2	40	128	250
3pqsA01	2	40	128	250
4fbrA02	2	40	128	450
4a17J00	2	40	150	20
5oomL00	2	40	150	20
3ed8A00	2	40	155	10
1mouA00	2	40	155	10
4hvfA00	2	40	155	10
3o78A01	2	40	155	10
5ukgA01	2	40	155	10
1h4uA00	2	40	155	10
1bt9A00	2	40	160	10
4auiA00	2	40	160	10
2porA00	2	40	160	10
2o4vA00	2	40	160	10
2odjA01	2	40	160	10
1bh3A00	2	40	160	10
7vu2A01	2	40	160	10
6eheA01	2	40	160	10
4bumX00	2	40	160	10
3gp6A00	2	40	160	20
1qj8A00	2	40	160	20
3g7gH00	2	40	160	20
2ervA00	2	40	160	20
1p4tA00	2	40	160	20
6x9zA01	2	40	160	20
2x27X00	2	40	160	20
2lhfA00	2	40	160	20
2k0lA00	2	40	160	20
5b66O01	2	40	160	30
4c4vB02	2	40	160	50
4c00A04	2	40	160	50
3njtA01	2	40	160	50
6wulB01	2	40	160	50
1t16A00	2	40	160	60
6z38A01	2	40	160	60
5nqyA02	2	40	160	90
3ve2A04	2	40	160	90
3v8uA02	2	40	160	90
1a0sP00	2	40	170	10
1kmoA02	2	40	170	20
6fokB01	2	40	170	20
1by5A02	2	40	170	20
4b7oA02	2	40	170	20
1fepA02	2	40	170	20
1nqfA02	2	40	170	20
3v89A02	2	40	170	20
3efmA02	2	40	170	20
8p97A01	2	40	170	20
3cslA02	2	40	170	20
4epaA00	2	40	170	20
1a4eA00	2	40	180	10
1u5uA00	2	40	180	10
3e4wA02	2	40	180	10
2sliA03	2	40	220	10
2bf6A02	2	40	220	10
3aiiA03	2	40	240	10
5iznA00	2	40	240	10
1feuA01	2	40	240	10
2hz7A04	2	40	240	10
2egvA01	2	40	240	20
4j3cA01	2	40	240	20
1v6zA01	2	40	240	20
4l69A01	2	40	240	20
6jckB00	2	40	240	130
1e50B00	2	40	250	10
3rbjB00	2	40	260	10
4d70A00	2	40	260	10
1t2pA00	2	40	260	10
1ng5B00	2	40	260	10
2w1kA00	2	40	260	10
2pmzB06	2	40	270	10
5mfdH00	2	40	300	10
3gqnA03	2	40	300	10
6xgqb01	2	40	300	10
5a67A00	2	40	320	10
5a64B00	2	40	320	10
2acaA00	2	40	320	10
2dc4A00	2	40	320	10
2gfgA00	2	40	320	10
2fblB00	2	40	320	10
3c0tA00	2	40	320	10
2hzsF00	2	40	320	10
4i1kA00	2	40	330	10
4ldvA02	2	40	330	10
6j9cD00	2	40	330	10
1na6A01	2	40	330	10
6ethA04	2	40	340	10
4jmdA00	2	40	400	10
3cmbA00	2	40	400	10
3bh2A01	2	40	400	10
4kktA01	2	40	420	20
3lnnA01	2	40	420	20
3oocA01	2	40	420	20
6xj6A01	2	40	440	10
4z7aA03	2	40	440	10
6fj1A02	2	40	440	10
4wz8B02	2	40	460	10
4cq7A00	2	40	480	10
6oodA01	2	40	480	10
1fouA02	2	40	500	10
2obsA01	2	40	510	10
4mxtA00	2	50	20	10
1iwmA00	2	50	20	10
4ki3I00	2	50	20	10
2yzyA00	2	50	20	10
3bk5A00	2	50	20	10
2y69F00	2	60	11	10
1fs0E01	2	60	15	10
3oe7Q00	2	60	15	10
2jdgA01	2	60	20	10
4iauA01	2	60	20	10
1prrA02	2	60	20	10
4fd9A00	2	60	20	10
4el6A00	2	60	20	10
1yhpA01	2	60	20	10
1maeL00	2	60	30	10
5tkyA04	2	60	34	10
2qxlB05	2	60	34	10
1bprA00	2	60	34	10
1v8hA00	2	60	40	10
6r2wT01	2	60	40	10
4l8sC01	2	60	40	10
2bhuA01	2	60	40	10
3kaaA00	2	60	40	10
6x5vA01	2	60	40	10
7bg1L01	2	60	40	10
1a21B02	2	60	40	10
3rnqA00	2	60	40	10
1bfoB02	2	60	40	10
6on6A00	2	60	40	10
4y88A00	2	60	40	10
2q87C00	2	60	40	10
6c61B01	2	60	40	10
2w38A02	2	60	40	10
2yocB03	2	60	40	10
5gqbA01	2	60	40	10
6l2hA04	2	60	40	10
2wanA02	2	60	40	10
3o3uN02	2	60	40	10
6u7jA02	2	60	40	10
2labA00	2	60	40	10
6tqdC01	2	60	40	10
7fbiH01	2	60	40	10
4hd9A02	2	60	40	10
1i1aC01	2	60	40	10
4nfcA00	2	60	40	10
1xauA00	2	60	40	10
4ofyD04	2	60	40	10
4l9dA00	2	60	40	10
1jz7A02	2	60	40	10
3vmnA01	2	60	40	10
2zuyA01	2	60	40	10
5hhmI02	2	60	40	10
4kknA00	2	60	40	10
1m1sA00	2	60	40	10
2r2cB00	2	60	40	10
2zuvA02	2	60	40	10
4x9iA02	2	60	40	10
3kyaA01	2	60	40	10
4mz3A00	2	60	40	10
2jjsC00	2	60	40	10
3b4nA01	2	60	40	10
1blwA02	2	60	40	10
1xf1A05	2	60	40	10
1vcaA02	2	60	40	10
4oq1A02	2	60	40	10
2z0bE00	2	60	40	10
2vzsA02	2	60	40	10
3zmrA01	2	60	40	10
4v2bA00	2	60	40	10
4nn6C02	2	60	40	10
2f15A00	2	60	40	10
5yxkA00	2	60	40	10
3v6oB01	2	60	40	10
4crpA00	2	60	40	10
4iihB04	2	60	40	10
5a2fA02	2	60	40	10
5yxoA03	2	60	40	10
2qsvA02	2	60	40	10
3decA04	2	60	40	10
4mb4A02	2	60	40	10
2pkdA00	2	60	40	10
2fboJ02	2	60	40	10
1i1rA02	2	60	40	10
5mn2A02	2	60	40	10
1cczA01	2	60	40	10
5jdjA00	2	60	40	10
4cucA05	2	60	40	10
5t5wA02	2	60	40	10
2vtfA03	2	60	40	10
3orjA01	2	60	40	10
3hrzB02	2	60	40	10
2dicA01	2	60	40	10
3wcyA02	2	60	40	10
4zocA03	2	60	40	10
1vdgA02	2	60	40	10
4ut7H00	2	60	40	10
4jcmA03	2	60	40	10
6se8A02	2	60	40	10
7k7jA03	2	60	40	10
3wcyA03	2	60	40	10
5dgqA01	2	60	40	10
4f80A02	2	60	40	10
3hrzA04	2	60	40	10
1ex0A03	2	60	40	10
5e24E03	2	60	40	10
3phsA01	2	60	40	10
3tp4B02	2	60	40	10
3shsA02	2	60	40	10
6x3aA03	2	60	40	10
4cvuA02	2	60	40	10
5mj3A01	2	60	40	10
4cvuA05	2	60	40	10
2xg5A02	2	60	40	10
1n26A03	2	60	40	10
3besR02	2	60	40	10
5cgmB01	2	60	40	10
5e53C01	2	60	40	10
5m5eB01	2	60	40	10
4jdzB03	2	60	40	10
3cmgA04	2	60	40	10
3l5hA04	2	60	40	10
1n6uA02	2	60	40	10
7uzsX04	2	60	40	10
4n0rA01	2	60	40	10
3l5iA02	2	60	40	10
5fucC01	2	60	40	10
3me0A01	2	60	40	10
5e7gA03	2	60	40	10
6ncyA02	2	60	40	10
2w1nA02	2	60	40	10
4aeeA02	2	60	40	10
4lfhG02	2	60	40	10
3hr6A03	2	60	40	10
5ldyA02	2	60	40	10
2xzzA00	2	60	40	10
3qazL01	2	60	40	10
1pbyA04	2	60	40	10
6bs6A04	2	60	40	10
3bplB01	2	60	40	10
4liqE02	2	60	40	10
4iefB03	2	60	40	10
1pbyA03	2	60	40	10
5x0tE00	2	60	40	10
3mgaB01	2	60	40	10
4aefA02	2	60	40	10
1hnfA02	2	60	40	10
6lp4A01	2	60	40	10
1hwgB01	2	60	40	10
3bn3B01	2	60	40	10
4aeeA01	2	60	40	10
5hbbB01	2	60	40	10
5ihbA02	2	60	40	10
2m26A01	2	60	40	10
4dohB02	2	60	40	10
2e9wB05	2	60	40	10
4cu7A02	2	60	40	10
4s0sD00	2	60	40	10
1txkB02	2	60	40	10
2gysA02	2	60	40	10
3qt2A01	2	60	40	10
6tybC02	2	60	40	10
3oq3B01	2	60	40	10
3of6E00	2	60	40	10
1jbjA02	2	60	40	10
2j3sA03	2	60	40	10
3qt2A02	2	60	40	10
3o4oB01	2	60	40	10
1cidA01	2	60	40	10
2oz4A01	2	60	40	10
5e4qA02	2	60	40	10
2q3zA03	2	60	40	10
3ottB03	2	60	40	10
3u83A03	2	60	40	10
5utkA01	2	60	40	10
4bsjA02	2	60	40	10
2x1wO01	2	60	40	10
7uzsX01	2	60	40	10
4bzyA02	2	60	40	10
2gy5A01	2	60	40	10
2gy5A04	2	60	40	10
1grwA00	2	60	40	10
5vi4E03	2	60	40	10
5u8rA03	2	60	40	10
1xiwB00	2	60	40	10
3lsoA02	2	60	40	10
3okyA02	2	60	40	10
3f8uB01	2	60	40	10
3gm8A04	2	60	40	10
4qqvD03	2	60	40	10
3e0gA02	2	60	40	10
3f8uB02	2	60	40	10
2gy5A02	2	60	40	10
5oj2B02	2	60	40	10
2flbT00	2	60	40	10
2rblA02	2	60	40	10
4qqvD01	2	60	40	10
2if7B02	2	60	40	10
3iylW05	2	60	40	10
8d7eC01	2	60	40	10
3lb6C01	2	60	40	10
2cknA00	2	60	40	10
3mlpA02	2	60	40	10
3es6B00	2	60	40	10
4bfiB02	2	60	40	10
1bf2A01	2	60	40	10
1wioA04	2	60	40	10
3e0gA01	2	60	40	10
5e99H01	2	60	40	10
2l4oA00	2	60	40	10
5k6wA01	2	60	40	10
2giyB00	2	60	40	10
7o85C01	2	60	40	10
1evuA01	2	60	40	10
2uzyB03	2	60	40	10
1ktkF02	2	60	40	10
1v5jA00	2	60	40	10
2ys4A01	2	60	40	10
2dbjA01	2	60	40	10
2e6jA00	2	60	40	10
2l0dA00	2	60	40	10
2dleA01	2	60	40	10
1b4rA00	2	60	40	10
2crmA01	2	60	40	10
1gxeA00	2	60	40	10
3lohE05	2	60	40	10
3zteA00	2	60	40	50
3lneA01	2	60	40	60
4zi8B01	2	60	40	60
5t9tA02	2	60	40	60
6pgwA04	2	60	40	60
5czrA02	2	60	40	60
5iryA03	2	60	40	60
3ubgB01	2	60	40	60
5kj4C02	2	60	40	60
5erdA02	2	60	40	60
1l3wA04	2	60	40	60
1op4A01	2	60	40	60
6ewlA00	2	60	40	150
3hn8A02	2	60	40	150
2cjsA01	2	60	40	150
2fk9A00	2	60	40	150
3jzyA00	2	60	40	150
2nq3A00	2	60	40	150
1bdyA00	2	60	40	150
6eelA00	2	60	40	150
1e7uA02	2	60	40	150
2jqzA00	2	60	40	150
3l9bA00	2	60	40	150
2qz5A00	2	60	40	150
3w57A00	2	60	40	150
6fb4A00	2	60	40	150
2q0zX03	2	60	40	150
6kxkG01	2	60	40	150
5dcaA08	2	60	40	150
3l4cA00	2	60	40	150
4qj3B04	2	60	40	150
2yrbA01	2	60	40	150
1kgiA00	2	60	40	180
1esoA00	2	60	40	200
1ej8A00	2	60	40	200
2jlpB00	2	60	40	200
8owfA01	2	60	40	290
1c7sA01	2	60	40	290
1xbdA00	2	60	40	290
1a3qA01	2	60	40	340
1a66A00	2	60	40	340
1uurA02	2	60	40	340
1pjwA00	2	60	40	350
6imma01	2	60	40	350
6hwrA01	2	60	40	380
1j9qA01	2	60	40	420
2cakA00	2	60	40	420
5b7eA01	2	60	40	420
6thfA02	2	60	40	420
5b7eA03	2	60	40	420
2q9oA01	2	60	40	420
1pmyA00	2	60	40	420
1aznA00	2	60	40	420
1kyaA03	2	60	40	420
6fc7A01	2	60	40	420
2idtA00	2	60	40	420
4knuA02	2	60	40	420
2cuaB00	2	60	40	420
6xizB01	2	60	40	420
2q9oA02	2	60	40	420
3zx1A02	2	60	40	420
3gdcA02	2	60	40	420
1shxA00	2	60	40	420
2uxtA03	2	60	40	420
1cywA00	2	60	40	420
6iqxA02	2	60	40	420
1jerA00	2	60	40	420
4f2eA00	2	60	40	420
5lwxA03	2	60	40	420
6kliA01	2	60	40	420
4enzA05	2	60	40	420
1aozA02	2	60	40	420
8c8qB01	2	60	40	420
2g23K04	2	60	40	420
3gyrA02	2	60	40	420
2r7eA02	2	60	40	420
2yevB02	2	60	40	420
2dv6A02	2	60	40	420
4bxsV03	2	60	40	420
1xx9D00	2	60	40	550
1fi8C00	2	60	40	550
4gejE00	2	60	40	640
6md5A01	2	60	40	640
1ayrB02	2	60	40	640
6md5A02	2	60	40	640
1ogpA02	2	60	40	650
5m2sA00	2	60	40	680
4dh2A00	2	60	40	680
1tyjA00	2	60	40	680
2zf9A00	2	60	40	680
1bv8A00	2	60	40	690
2ylkA00	2	60	40	710
1g87A02	2	60	40	710
1gzhA00	2	60	40	720
1t4wA00	2	60	40	720
3wtwF00	2	60	40	720
1dqiA00	2	60	40	730
2x9zA01	2	60	40	740
4ofqB01	2	60	40	740
8begA04	2	60	40	740
2okmA00	2	60	40	740
3qdhA01	2	60	40	740
4tshB01	2	60	40	740
4igbB02	2	60	40	740
3rkpA02	2	60	40	740
8gsxA01	2	60	40	740
4jcwA02	2	60	40	760
7xc8A02	2	60	40	760
1nepA00	2	60	40	770
2e56A00	2	60	40	770
3ztdF01	2	60	40	780
3l1eA01	2	60	40	790
5ds1A00	2	60	40	790
1wfiA00	2	60	40	790
3igfA02	2	60	40	790
8h77C01	2	60	40	790
1shsA00	2	60	40	790
2bolB02	2	60	40	790
1gmeA00	2	60	40	790
4ydzA00	2	60	40	790
1x5mA01	2	60	40	790
1wh0A01	2	60	40	790
2k8qA00	2	60	40	790
3tezA04	2	60	40	810
4a04A00	2	60	40	820
1hczA01	2	60	40	830
4jqiA01	2	60	40	840
8gyrA02	2	60	40	1080
1f00I02	2	60	40	1080
4hu8A01	2	60	40	1080
4ca4A00	2	60	40	1090
4xo9A02	2	60	40	1090
2wmpB00	2	60	40	1090
2uy6C01	2	60	40	1090
2jmrA00	2	60	40	1090
2w07B01	2	60	40	1090
8ehtB01	2	60	40	1090
5ynaA01	2	60	40	1110
2j43A02	2	60	40	1110
1d5rA02	2	60	40	1110
2ya1A01	2	60	40	1110
2nsmA02	2	60	40	1120
1nkgA02	2	60	40	1120
4yokA01	2	60	40	1120
5m0yB01	2	60	40	1120
2yocA02	2	60	40	1130
2wanA01	2	60	40	1130
1dceA02	2	60	40	1130
3gldA02	2	60	40	1140
2xtlA02	2	60	40	1140
1d2oA01	2	60	40	1140
3l81A01	2	60	40	1170
4iknA02	2	60	40	1170
2pr9A02	2	60	40	1170
4fmvA01	2	60	40	1180
3qgvA02	2	60	40	1180
2taaA02	2	60	40	1180
4do4A02	2	60	40	1180
4jcmA02	2	60	40	1180
1sznA02	2	60	40	1180
3a21A02	2	60	40	1180
1bliA03	2	60	40	1180
2e4tA01	2	60	40	1180
3lppA04	2	60	40	1180
3mi6B03	2	60	40	1180
5h2tA03	2	60	40	1180
2eabB03	2	60	40	1180
3amkA03	2	60	40	1180
6ibkA02	2	60	40	1180
2ya0A03	2	60	40	1180
2d73A03	2	60	40	1180
2xvlA04	2	60	40	1180
5e6zA03	2	60	40	1180
1wzaA03	2	60	40	1180
3edfA03	2	60	40	1180
1r75A00	2	60	40	1180
3wy2A03	2	60	40	1180
2f2hA04	2	60	40	1180
2e8yA04	2	60	40	1180
2zxdA02	2	60	40	1180
5o82A01	2	60	40	1180
3weoA04	2	60	40	1180
3cc1A02	2	60	40	1180
1gcyA02	2	60	40	1180
3vsvA02	2	60	40	1180
1bf2A03	2	60	40	1180
3czgA04	2	60	40	1180
4gklA02	2	60	40	1180
2z1kA02	2	60	40	1180
3bvxA03	2	60	40	1180
3dc0A02	2	60	40	1180
1ht6A02	2	60	40	1180
4uzsA03	2	60	40	1180
4xb3A03	2	60	40	1180
1iv8A05	2	60	40	1180
1o7dC02	2	60	40	1180
1gjwA02	2	60	40	1180
3vmnA03	2	60	40	1180
5lfcA05	2	60	40	1180
2zutA04	2	60	40	1180
1kwgA03	2	60	40	1180
3ug3D01	2	60	40	1180
2zxqA03	2	60	40	1180
4aefA04	2	60	40	1180
4ba0A04	2	60	40	1180
3lrkA02	2	60	40	1180
2f2hA03	2	60	40	1180
4oifA03	2	60	40	1180
7vt9A02	2	60	40	1180
1lwjA03	2	60	40	1180
3bc9A01	2	60	40	1220
4cc4A02	2	60	40	1220
5icuA00	2	60	40	1220
3fawA01	2	60	40	1220
3zy7A00	2	60	40	1230
1kyfA01	2	60	40	1230
3mnmA00	2	60	40	1230
4leeA01	2	60	40	1280
4jdzB01	2	60	40	1280
3v10A01	2	60	40	1280
2vr3B01	2	60	40	1280
2z1pA01	2	60	40	1280
1r17A02	2	60	40	1290
4rmbB00	2	60	40	1290
3irpX02	2	60	40	1290
4q6kA01	2	60	40	1290
3bvxA05	2	60	40	1360
1o7dE00	2	60	40	1360
1u4eA00	2	60	40	1400
7swjA02	2	60	40	1400
5aodA02	2	60	40	1430
3fcsA02	2	60	40	1460
5es4A03	2	60	40	1460
6a6yA00	2	60	40	1490
6uqjA01	2	60	40	1500
2bs9A01	2	60	40	1500
3w81A01	2	60	40	1500
3fcsA03	2	60	40	1510
2vdrB02	2	60	40	1510
4jx0A01	2	60	40	1510
1yukB01	2	60	40	1510
1llaA02	2	60	40	1520
4nehA05	2	60	40	1530
1jv2A04	2	60	40	1530
2bcmC00	2	60	40	1570
4or1B00	2	60	40	1570
3wguB00	2	60	40	1660
1m2oA01	2	60	40	1670
1m2vB02	2	60	40	1670
6ce1A02	2	60	40	1700
3ciaA01	2	60	40	1730
6ea2A01	2	60	40	1730
4fyqA01	2	60	40	1730
5jouA01	2	60	40	1760
3lppA02	2	60	40	1760
2f2hA01	2	60	40	1760
3m46A01	2	60	40	1760
4amwA01	2	60	40	1760
4diw202	2	60	40	1830
4qhpA04	2	60	40	1840
2o1aA00	2	60	40	1850
2k78A00	2	60	40	1850
3ovuB00	2	60	40	1850
5hp5A01	2	60	40	1860
4fytA03	2	60	40	1910
4kh9B02	2	60	40	1930
3hrzA02	2	60	40	1930
3hrzA01	2	60	40	1930
4d94A05	2	60	40	1930
5jtwA05	2	60	40	1930
5jtwA01	2	60	40	1930
2b39A03	2	60	40	1940
6minA00	2	60	40	1970
6hq0A00	2	60	40	1970
5iqlA00	2	60	40	1970
5nqpB01	2	60	40	1980
3e9tB00	2	60	40	2030
3rb5A02	2	60	40	2030
2kltA00	2	60	40	2030
3f84A02	2	60	40	2040
2wn3A02	2	60	40	2080
3wmqA00	2	60	40	2080
5i0xB00	2	60	40	2480
3muuB01	2	60	40	3200
4xvoA01	2	60	40	3710
4kkpA01	2	60	40	3880
1ik3A01	2	60	60	20
2wxuA02	2	60	60	20
2pplA02	2	60	60	20
4nreA01	2	60	60	20
3cwzB03	2	60	60	20
6fjqA00	2	60	90	10
2qlkA00	2	60	90	10
2oj6D00	2	60	90	20
1uzgA01	2	60	98	10
1rerA01	2	60	98	10
2ahnA00	2	60	110	10
3gd0A01	2	60	110	10
3g7mA00	2	60	110	10
2y0oA00	2	60	120	10
1cx4A02	2	60	120	10
4hltA02	2	60	120	10
2fmyA01	2	60	120	10
6bvpA01	2	60	120	10
5onoA00	2	60	120	10
5wxuA02	2	60	120	10
2atfA00	2	60	120	10
1gqhC01	2	60	120	10
1lr5B00	2	60	120	10
1eybA02	2	60	120	10
5bpxA00	2	60	120	10
2paeA00	2	60	120	10
4avaA01	2	60	120	10
3ejkA00	2	60	120	10
2cv6A02	2	60	120	10
3sxwA00	2	60	120	10
3kgzA00	2	60	120	10
5zt5A02	2	60	120	10
1xruA02	2	60	120	10
1ipkB02	2	60	120	10
4rd7A00	2	60	120	10
6l9iA01	2	60	120	10
2qjvA01	2	60	120	10
3balA01	2	60	120	10
5i8tA00	2	60	120	10
4lloC00	2	60	120	10
1upiA00	2	60	120	10
4la2A00	2	60	120	10
2o8qA00	2	60	120	10
1gqgC02	2	60	120	10
4uxaA00	2	60	120	10
2bnmA02	2	60	120	10
2fqpA00	2	60	120	10
3mdpA00	2	60	120	10
1fi2A00	2	60	120	10
2gu9A01	2	60	120	10
2vecA02	2	60	120	10
3es4A00	2	60	120	10
3es1A02	2	60	120	10
1omiA01	2	60	120	10
2pytA00	2	60	120	10
5zbeA02	2	60	120	10
1yllC02	2	60	120	10
3m3iB01	2	60	120	10
7zvyA01	2	60	120	10
3kmhA00	2	60	120	10
6utsA01	2	60	120	10
3cjxA01	2	60	120	10
5e44A01	2	60	120	10
2wfpA01	2	60	120	10
3o14A00	2	60	120	10
3e6dB00	2	60	120	10
5dykA03	2	60	120	10
1yhfA01	2	60	120	10
3c3vA01	2	60	120	10
7lvzA01	2	60	120	10
2p17A00	2	60	120	10
1y9qA02	2	60	120	10
2xlgA00	2	60	120	10
3dl3E00	2	60	120	10
4h7lB00	2	60	120	10
5v00B01	2	60	120	10
2opkB01	2	60	120	10
1zx5A01	2	60	120	10
3ww3A00	2	60	120	10
2q1zB02	2	60	120	10
2i45D00	2	60	120	10
1zx5A02	2	60	120	10
2vpvA00	2	60	120	10
3fe5A00	2	60	120	10
1rc6A00	2	60	120	10
1h2kA01	2	60	120	10
2d40B00	2	60	120	10
1ywkC00	2	60	120	10
2qdrA01	2	60	120	10
2hjiA00	2	60	120	10
1d4m300	2	60	120	20
1zba200	2	60	120	20
1mqtA00	2	60	120	20
5cfcB00	2	60	120	20
1fod100	2	60	120	20
8hi2A01	2	60	120	20
8e8l201	2	60	120	20
1b35B00	2	60	120	20
5fmoS00	2	60	120	20
1tmf100	2	60	120	20
1b35A00	2	60	120	20
4bcuA00	2	60	120	20
4sbvC00	2	60	120	20
5ibvA01	2	60	120	20
1hx6A02	2	60	120	20
4ejrA00	2	60	120	20
5mjvB00	2	60	120	20
8b38A01	2	60	120	20
5j98B00	2	60	120	20
5mqcC00	2	60	120	20
1wcdJ01	2	60	120	20
4qpiC00	2	60	120	20
1ohfB02	2	60	120	20
6f2sH01	2	60	120	20
6jhsA00	2	60	120	20
6mrlD01	2	60	120	20
2y26A02	2	60	120	20
2tbvA00	2	60	120	20
5yl1A01	2	60	120	20
1e57B00	2	60	120	20
6rj0C00	2	60	120	20
1m06G00	2	60	120	20
1f8vC00	2	60	120	20
2y26A01	2	60	120	20
1pgw200	2	60	120	20
4fy1100	2	60	120	20
4oulA00	2	60	120	40
2z5wA00	2	60	120	40
2r30A00	2	60	120	40
1xu1A00	2	60	120	40
2rjlA01	2	60	120	40
6a3vG00	2	60	120	40
1qhdA01	2	60	120	170
2btvC02	2	60	120	170
1uf2C02	2	60	120	170
1h4gA00	2	60	120	180
1ks5A00	2	60	120	180
3vhoA00	2	60	120	180
3lb9A00	2	60	120	180
5sv8A00	2	60	120	200
2a6xA00	2	60	120	200
3r05A04	2	60	120	200
5zqjB02	2	60	120	200
1dglA00	2	60	120	200
1uaiA00	2	60	120	200
5jowA02	2	60	120	200
4dqaA02	2	60	120	200
2oujA00	2	60	120	200
2jkbA01	2	60	120	200
3a4uA00	2	60	120	200
3zxkA02	2	60	120	200
1epwA03	2	60	120	200
3mepA00	2	60	120	200
1w0pA03	2	60	120	200
3pveA00	2	60	120	200
3zypA00	2	60	120	200
3d6eB00	2	60	120	200
1ikpA01	2	60	120	200
1avbA00	2	60	120	200
3m1hD00	2	60	120	200
1oq1B00	2	60	120	200
2zgsA00	2	60	120	200
1kqrA00	2	60	120	200
2uurA00	2	60	120	200
6pyaA00	2	60	120	200
3fbyA02	2	60	120	200
1ms5B02	2	60	120	200
1j1tA00	2	60	120	200
1ajoA00	2	60	120	200
3mw3A00	2	60	120	200
6k2yA01	2	60	120	200
2wjsA01	2	60	120	200
1h30A01	2	60	120	200
4gwmA02	2	60	120	200
7c8fA01	2	60	120	200
2zzjA00	2	60	120	200
2a5zA00	2	60	120	200
3flpA00	2	60	120	200
5ocrA00	2	60	120	200
1hlcA00	2	60	120	200
3wdvB00	2	60	120	200
3dgtA00	2	60	120	200
2uwaA00	2	60	120	200
6kcvA01	2	60	120	200
1upsB01	2	60	120	200
4cd9D00	2	60	120	200
4agrB00	2	60	120	200
3ikwA01	2	60	120	200
7w12A01	2	60	120	200
8a7dC01	2	60	120	200
1jhnA01	2	60	120	200
2d44A01	2	60	120	200
4asmB00	2	60	120	200
4awdB00	2	60	120	200
4oq8A00	2	60	120	220
1stmA00	2	60	120	220
1za7A00	2	60	120	220
5wkwA02	2	60	120	230
1pgsA02	2	60	120	230
3pmsA01	2	60	120	230
4r4zD03	2	60	120	230
1accA02	2	60	120	240
2y6lA00	2	60	120	260
1pmhX00	2	60	120	260
1d7pM00	2	60	120	260
1tg7A04	2	60	120	260
5ifpA05	2	60	120	260
3wqbA02	2	60	120	260
3achA00	2	60	120	260
1nkgA03	2	60	120	260
5a57A04	2	60	120	260
4txwA00	2	60	120	260
1kgyA00	2	60	120	260
2zezC00	2	60	120	260
4qpwA00	2	60	120	260
1w0nA00	2	60	120	260
4pqqA00	2	60	120	260
4xurA00	2	60	120	260
3w5nA03	2	60	120	260
1j83A00	2	60	120	260
4lhsA01	2	60	120	260
4cu9A00	2	60	120	260
2okxA02	2	60	120	260
2vtfA02	2	60	120	260
3thdC02	2	60	120	260
1us2A01	2	60	120	260
4xuoA00	2	60	120	260
3wsoA02	2	60	120	260
6d4oA01	2	60	120	260
3seeA00	2	60	120	260
5a57A05	2	60	120	260
5t9gA01	2	60	120	260
2vzsA01	2	60	120	260
3iiiA03	2	60	120	260
3cqoA01	2	60	120	260
1uxzA00	2	60	120	260
1w99A02	2	60	120	260
7jnfA01	2	60	120	260
1tvgA00	2	60	120	260
2okxA03	2	60	120	260
4d8mA02	2	60	120	260
4uapA00	2	60	120	260
6a48A01	2	60	120	260
4cvuA01	2	60	120	260
1o59A01	2	60	120	260
4madA03	2	60	120	260
8hhvA01	2	60	120	260
4a4aA01	2	60	120	260
3cihA01	2	60	120	260
7ehgC01	2	60	120	260
3skvA01	2	60	120	260
1gu3A00	2	60	120	260
4zrxA02	2	60	120	260
7sf2D01	2	60	120	260
2waoA01	2	60	120	260
3decA01	2	60	120	260
1mpxA03	2	60	120	260
4p02B03	2	60	120	260
3cihA02	2	60	120	260
3zyjB02	2	60	120	260
7lyuA01	2	60	120	260
3zm8A01	2	60	120	260
8a3tA01	2	60	120	260
2ls6A00	2	60	120	260
2bgoA00	2	60	120	260
3demA03	2	60	120	290
6an3A01	2	60	120	310
1dcsA00	2	60	120	330
8ci9C01	2	60	120	330
1odmA00	2	60	120	330
7fh5A01	2	60	120	330
5jqyA02	2	60	120	330
7v4mB01	2	60	120	330
2csgA00	2	60	120	330
1e5rB01	2	60	120	330
1nlqE00	2	60	120	340
4ca9A00	2	60	120	340
5sv5A00	2	60	120	380
5fbzA02	2	60	120	380
5jouA02	2	60	120	380
4dzgA00	2	60	120	380
1qxpA03	2	60	120	380
4ce8A00	2	60	120	400
1jmuB04	2	60	120	420
1wcuA00	2	60	120	430
6r3mA01	2	60	120	430
1wmxB00	2	60	120	430
1hn0A01	2	60	120	430
4bq2D01	2	60	120	430
7zkpA01	2	60	120	430
2jwpA00	2	60	120	430
4azzA00	2	60	120	560
3sc7X02	2	60	120	560
3kf3A02	2	60	120	560
5xh8A02	2	60	120	560
4hxcA00	2	60	120	560
4ccdA03	2	60	120	560
3pijA02	2	60	120	560
2ac1A02	2	60	120	560
6j0tA02	2	60	120	560
4jqtA01	2	60	120	560
3khbB00	2	60	120	590
4nplA00	2	60	120	590
3h8rA00	2	60	120	590
7vjvA01	2	60	120	590
8h68A01	2	60	120	590
5ylbA01	2	60	120	590
4ie5A01	2	60	120	590
2hbtA00	2	60	120	620
4xcbD00	2	60	120	620
7eysB01	2	60	120	620
3kt7A01	2	60	120	620
3w20A00	2	60	120	620
7eehA01	2	60	120	620
7u6iA01	2	60	120	620
5dawA00	2	60	120	620
4nhxA02	2	60	120	620
2jigA01	2	60	120	620
3gjbA00	2	60	120	620
2opwA00	2	60	120	620
6fxrA01	2	60	120	620
2rg4A01	2	60	120	620
2a1xA00	2	60	120	620
4xaaA00	2	60	120	620
6lnhB01	2	60	120	620
3nnfA00	2	60	120	620
3dkqA01	2	60	120	620
2w2iC00	2	60	120	650
2ypdB01	2	60	120	650
2xxzA00	2	60	120	650
3k2oA01	2	60	120	650
3kv4A01	2	60	120	650
2xdvA01	2	60	120	650
3ideA02	2	60	120	660
5h4sA01	2	60	120	740
5c33A00	2	60	120	920
5jiaJ00	2	60	120	920
7qs5B01	2	60	120	920
7ccbA01	2	60	120	920
7qs4A01	2	60	120	920
2yyoA00	2	60	120	920
2fbeA00	2	60	120	920
2e63A00	2	60	120	920
3jciA00	2	60	120	950
3r4dB00	2	60	120	960
7u6rA01	2	60	120	960
6accA01	2	60	120	960
3ziwA02	2	60	120	1050
3cu7A10	2	60	120	1540
2xjpA01	2	60	120	1560
4cp2A00	2	60	120	1560
5wfiA01	2	60	120	1680
1ykkB00	2	60	130	10
1tmxB00	2	60	130	10
4iltC00	2	60	130	10
1sva400	2	60	175	10
1dzlA00	2	60	175	20
4r9pA00	2	60	200	10
1zoqA00	2	60	200	10
1dd1A00	2	60	200	10
2pieA01	2	60	200	20
3uotA00	2	60	200	20
5w7wT01	2	60	200	20
3kt9A00	2	60	200	20
2eh0A01	2	60	200	20
3po8A00	2	60	200	20
1wv3A02	2	60	200	20
4jonC00	2	60	200	20
4a0eA00	2	60	200	20
3elsA00	2	60	200	20
3i6uA01	2	60	200	20
5xzwA01	2	60	200	20
2jpeA00	2	60	200	20
1dmzA00	2	60	200	20
2q5fA02	2	60	200	30
2an1D02	2	60	200	30
1yt5A02	2	60	200	30
2p1rA02	2	60	200	40
3vzbB02	2	60	200	40
2f1zB01	2	60	210	10
3hqiA01	2	60	210	10
4gwmB03	2	60	210	10
4ca1B02	2	60	210	10
5e1tC00	2	60	210	10
1cb8A03	2	60	220	10
2wmfA03	2	60	220	10
1hn0A04	2	60	220	10
1f1sA03	2	60	220	10
3f59D00	2	60	220	30
3ud1A02	2	60	220	30
2kxsA00	2	60	220	30
3tj8A01	2	60	260	20
1gmuA02	2	60	260	20
2q2gB02	2	60	260	20
1nltA01	2	60	260	20
3lz8B02	2	60	260	20
6pqmA01	2	60	260	20
2jvmA01	2	60	260	40
2jz8A00	2	60	260	40
1gwyA00	2	60	270	20
4yldA00	2	60	270	20
3a3jA02	2	60	410	10
6gszA05	2	60	420	10
1h54A03	2	60	420	10
2qtsA02	2	60	470	10
3i5dA02	2	60	490	10
1zruC01	2	60	520	10
5tipA01	2	70	9	10
2gaiA03	2	70	20	10
1i7dA03	2	70	20	10
5uj1A03	2	70	20	10
4ao5B01	2	70	40	10
6mjkA00	2	70	40	10
2we2A01	2	70	40	10
2yzjA01	2	70	40	10
2hxdA00	2	70	40	10
2we1A02	2	70	40	10
1doaB00	2	70	50	30
1kshB00	2	70	50	40
5l7kG00	2	70	50	40
6if7A00	2	70	50	50
4eirA00	2	70	50	70
5o2wA00	2	70	50	70
4maiA00	2	70	50	70
3kysA00	2	70	50	80
4qp5A00	2	70	70	10
1gprA00	2	70	70	10
3csqA02	2	70	70	10
3it5G00	2	70	70	10
3tufB00	2	70	70	10
1f49A05	2	70	98	10
2zxqA01	2	70	98	10
3nreA00	2	70	98	10
1jovA00	2	70	98	10
1f1sA01	2	70	98	10
3dcdA00	2	70	98	10
6f91A01	2	70	98	10
1nkgA01	2	70	98	10
1hn0A03	2	70	98	10
5e1qB01	2	70	98	10
1mmuA00	2	70	98	10
1ulvA01	2	70	98	10
1ygaA00	2	70	98	10
3k25A00	2	70	98	10
5swiD01	2	70	98	10
3obaA05	2	70	98	10
1k1yB02	2	70	98	10
3ty1A00	2	70	98	10
1txkA01	2	70	98	10
7wffb01	2	70	98	10
1a2vA03	2	70	98	20
6fopA01	2	70	98	30
3lvtA04	2	70	98	30
7dd9A02	2	70	98	30
1o7dD01	2	70	98	30
4k35A02	2	70	98	30
1v7wA01	2	70	98	40
1h54B01	2	70	98	40
6gh3A01	2	70	98	40
3wirA01	2	70	98	40
5nz7A01	2	70	98	40
6xuxA01	2	70	98	50
4ufcA01	2	70	98	50
2xn1A01	2	70	98	60
4ok4A02	2	70	98	70
3e7jA02	2	70	98	70
4mmhA02	2	70	98	70
1a39A00	2	70	100	10
3k41A00	2	70	130	10
1q25A02	2	70	130	10
2n1hA00	2	70	130	10
2v5oA05	2	70	130	10
1wpeA01	2	70	150	10
2hc8A00	2	70	150	10
6xmpA01	2	70	150	10
4c4aA02	2	70	160	11
4m37A02	2	70	160	11
4c4aA04	2	70	160	11
1f3lA02	2	70	160	11
4gqbA03	2	70	160	11
1uw6B00	2	70	170	10
3igqC00	2	70	170	10
6dw1D00	2	70	170	10
1lkfA00	2	70	240	10
5f8sA00	2	80	10	50
4i4oA00	2	80	10	50
4izxA00	2	80	10	50
5bowA00	2	80	10	50
5mu9A01	2	80	10	50
3vwcA00	2	80	10	50
2y9wC00	2	80	10	50
1qxmA02	2	80	10	50
1ybiA01	2	80	10	50
2p39A00	2	80	10	50
3pubA02	2	80	10	50
1ijtA00	2	80	10	50
2vxtI00	2	80	10	50
5bxrA03	2	80	10	50
1vclA01	2	80	10	50
4x37A00	2	80	10	50
6sxtA02	2	80	10	50
4qkrA00	2	80	10	50
4jp0A01	2	80	10	50
7zoiA01	2	80	10	50
4gp3A03	2	80	10	50
1dqgA00	2	80	10	50
6i18A02	2	80	10	50
3wa1A01	2	80	10	50
1onkB01	2	80	10	50
3h6sE00	2	80	10	50
3bx1C00	2	80	10	50
6lf2B01	2	80	10	50
3h6qA00	2	80	10	50
2zqoA00	2	80	10	50
7kcgA01	2	80	10	50
1sr4C00	2	80	10	50
5uc6A00	2	80	10	50
3brdA02	2	80	10	50
4a7kA03	2	80	10	50
7t3uA02	2	80	10	50
3qr5A00	2	80	10	50
1oqlB02	2	80	10	50
3rmxA02	2	80	10	50
6f0oA02	2	80	10	50
1sr4A00	2	80	10	50
4l4hA02	2	80	10	50
1jlxA01	2	80	10	50
3s8kB00	2	80	10	50
2d7iA02	2	80	10	50
4zktB04	2	80	10	50
3n7lA02	2	80	10	50
3zx7A02	2	80	10	50
5g56A03	2	80	10	50
3e8lC00	2	80	10	50
3uj4A01	2	80	10	50
6p25A01	2	80	10	50
2yugA00	2	80	10	50
3mezD00	2	90	10	10
4le7A02	2	90	10	10
3ll2A00	2	100	10	30
3llzA00	2	100	10	30
5v6fA00	2	100	10	30
4ddnA00	2	100	10	30
5gvyA00	2	100	10	30
3aqgB00	2	100	10	30
1uliA02	2	102	10	10
1g8jB00	2	102	10	10
1vf5D02	2	102	10	10
4p1bH00	2	102	10	10
3d89A00	2	102	10	10
5cxmA00	2	102	10	10
7rh5M01	2	102	10	10
2jo6A00	2	102	10	10
3n99I01	2	102	30	10
3lp9A00	2	110	10	10
1hxnA00	2	110	10	10
1su3A02	2	110	10	10
4n1iA00	2	115	10	20
3cu9A00	2	115	10	20
3qc2B00	2	115	10	20
3sc7X01	2	115	10	20
3vsfC01	2	115	10	20
3zxjA01	2	115	10	20
2b4wA00	2	115	10	20
3ugfA01	2	115	10	20
4mlgG00	2	115	10	20
5aycA00	2	115	10	20
3k1uA00	2	115	10	20
4u6dA00	2	115	10	20
1oygA01	2	115	10	20
4kcaA02	2	115	10	20
3lf7A01	2	115	10	20
6nobA01	2	115	10	20
8aa0E01	2	115	10	20
1sil000	2	120	10	10
1v0fA02	2	120	10	10
2w5nA00	2	120	10	10
4m4nA00	2	120	10	10
8axiA01	2	120	10	10
2jkbA02	2	120	10	10
1so7A00	2	120	10	10
1b9vA00	2	120	10	10
2vsmA00	2	120	10	10
5hx0A00	2	120	10	10
2w38A01	2	120	10	10
5mqrA01	2	120	10	10
1z4vA00	2	120	10	10
2rkcA00	2	120	10	10
1pjxA00	2	120	10	30
5gtqA00	2	120	10	30
2qe8A00	2	120	10	30
3amrA00	2	120	10	30
3dr2A00	2	120	10	30
3hrpA02	2	120	10	30
4hw6A02	2	120	10	30
2ismA00	2	120	10	30
1c5kA02	2	120	10	30
8djfA01	2	120	10	30
2fp8B00	2	120	10	30
1ijqA01	2	120	10	30
7x36A01	2	120	10	30
6jwfA01	2	120	10	30
3sreA00	2	120	10	30
1q7fB00	2	120	10	30
3fvzA00	2	120	10	30
1cruA00	2	120	10	30
3q6kA00	2	120	10	30
1iucA00	2	120	10	70
6htnA01	2	120	10	70
6gy5A00	2	120	10	80
2zwaA02	2	120	10	80
8gq6A01	2	120	10	80
2i0rA01	2	130	10	10
1u4cB00	2	130	10	10
4h5jB00	2	130	10	10
2cn3A01	2	130	10	10
3ijcA00	2	130	10	10
5hqgA00	2	130	10	10
3scyA00	2	130	10	10
1r5mA00	2	130	10	10
5h3uA01	2	130	10	10
4ozuA01	2	130	10	10
5cxbB00	2	130	10	10
3vgzC00	2	130	10	10
1jmxB00	2	130	10	10
6mgjA02	2	130	10	10
4i79A00	2	130	10	10
4hdjA00	2	130	10	10
3i2nA00	2	130	10	10
3c5mA00	2	130	10	10
4d0kA01	2	130	10	10
8eg0B01	2	130	10	10
1k32A02	2	130	10	10
3dsmA00	2	130	10	10
1nr0A01	2	130	10	10
3dwlH00	2	130	10	10
4zn4A00	2	130	10	10
2qc5A00	2	130	10	10
4cc9A00	2	130	10	10
6n8rA01	2	130	10	10
4nsxA01	2	130	10	10
2w18A00	2	130	10	10
1s4uX00	2	130	10	10
3nvnA00	2	130	10	10
8cukB01	2	130	10	10
5ic7A00	2	130	10	10
4pswB00	2	130	10	10
3ei3A02	2	130	10	10
5m8cB01	2	130	10	10
3b7fA00	2	130	10	10
4nsxA02	2	130	10	10
5cxbA02	2	130	10	10
6x05A01	2	130	10	10
4gq1A00	2	130	10	10
1fwxA01	2	130	10	10
7sulB01	2	130	10	10
4o9dA00	2	130	10	10
2b5nB00	2	130	10	10
3ei3B02	2	130	10	10
2b5lB01	2	130	10	10
1jofA00	2	130	10	10
1xksA00	2	130	10	10
3ottA01	2	130	10	10
4ci8A01	2	130	10	10
1xipA00	2	130	10	10
4j0xA00	2	130	10	10
1mdaH00	2	130	10	10
6jlqC00	2	130	10	10
5ov3B01	2	130	10	10
4ci8A02	2	130	10	10
6bm0A01	2	130	10	10
6fcvB00	2	130	10	10
8adlB01	2	130	10	10
3u4yA00	2	130	10	10
8hpoK01	2	130	10	10
1q47A00	2	130	10	10
6qk7A01	2	130	10	10
7apkF01	2	130	10	10
6vp6A03	2	130	10	10
1shyB01	2	130	10	10
6yleA01	2	130	10	10
8f5pE01	2	130	10	10
8hmcA01	2	130	10	10
1i2mB00	2	130	10	30
7a0kA01	2	130	10	30
2xzhA00	2	130	10	110
1e5tA02	2	130	10	120
4bp8A02	2	130	10	120
1tyeA00	2	130	10	130
5e6sC01	2	130	10	130
3o4hA01	2	130	10	150
1flgA00	2	140	10	10
1e2rA02	2	140	10	20
1orvA01	2	140	10	30
7svlA02	2	140	10	30
4q1vA01	2	140	10	30
1kapP01	2	150	10	10
4usxA00	2	150	10	10
3s6lD00	2	150	10	10
3kwdA00	2	160	10	10
3srtA00	2	160	10	10
3vbiA01	2	160	10	10
3r5dA03	2	160	10	10
4ea9A02	2	160	10	10
2ggoA02	2	160	10	10
6mfkA00	2	160	10	10
5w5rA02	2	160	10	10
2wlgB00	2	160	10	10
2icyB02	2	160	10	10
7d73C02	2	160	10	10
3gvdA02	2	160	10	10
3c8vA02	2	160	10	10
4e79A02	2	160	10	10
5lw3A00	2	160	20	10
3eqnA02	2	160	20	10
3eqnA01	2	160	20	10
2vjiA02	2	160	20	10
1ogoX02	2	160	20	10
1ru4A00	2	160	20	10
6kqsA01	2	160	20	10
1qcxA00	2	160	20	10
3grhA00	2	160	20	10
4oj6C03	2	160	20	10
1bheA00	2	160	20	10
1ia5A00	2	160	20	10
2odlA00	2	160	20	10
2inuA00	2	160	20	10
1h80B00	2	160	20	10
7o79A01	2	160	20	10
7chuA01	2	160	20	10
1gq8A00	2	160	20	10
1o88A00	2	160	20	10
3zscA00	2	160	20	10
4nk6A00	2	160	20	10
1rwrA00	2	160	20	10
1rmgA00	2	160	20	10
2vbkA00	2	160	20	10
3zppA00	2	160	20	10
3vsvA01	2	160	20	10
2x3hA00	2	160	20	10
4z06A00	2	160	20	10
4u49B02	2	160	20	10
3gq8A01	2	160	20	10
5z9tA01	2	160	20	10
5gkdA02	2	160	20	10
4mxnB00	2	160	20	10
1clwA00	2	160	20	20
3h09B02	2	160	20	20
1dabA00	2	160	20	20
3ak5D02	2	160	20	20
4kh3A00	2	160	20	20
2w7zA00	2	160	20	80
2qyuA01	2	160	20	80
3du1X00	2	160	20	80
5jlvC00	2	160	20	80
2j8iA01	2	160	20	80
4wptA02	2	170	8	10
1j3bA02	2	170	8	10
3winD00	2	170	15	20
1zdeA00	2	170	16	10
2in8A00	2	170	16	10
1ef0B01	2	170	16	10
1am2A00	2	170	16	10
2cw8A01	2	170	16	10
2lcjA00	2	170	16	10
1c8dA00	2	170	30	10
1s58A00	2	170	30	10
1g9mG00	2	170	40	20
5xogC02	2	170	120	12
1i6vA02	2	170	120	12
6spbV02	2	170	120	20
4cu4A01	2	170	130	10
4rdrA01	2	170	130	10
3cslA01	2	170	130	10
2kznA00	2	170	150	20
5fqdB01	2	170	150	20
2rqaA00	2	170	150	30
1g9gA02	2	170	160	10
8bveA02	2	170	190	11
1fu1A01	2	170	210	10
2qm4A01	2	170	210	10
2y3wB00	2	170	210	20
4ckmB00	2	170	210	20
4gfcB00	2	170	210	20
2x1lB02	2	170	220	10
1rqgA02	2	170	220	10
1li1C00	2	170	240	10
1r6zA03	2	170	260	10
3o7xA00	2	170	260	10
3f9zB00	2	170	270	10
3dalA00	2	170	270	10
2f69A02	2	170	270	10
5ex0A01	2	170	270	10
4mi5A00	2	170	270	10
3rq4A02	2	170	270	10
2qpwA01	2	170	270	10
4ldgA00	2	170	270	10
5ecjB01	2	170	270	10
6p0rB00	2	170	270	10
1ml9A00	2	170	270	10
1lwfB01	3	10	10	10
6mihA02	3	10	10	10
1mhxA00	3	10	20	10
1zxhA00	3	10	20	10
1hezE00	3	10	20	10
2pw9D02	3	10	20	10
3u4eG00	3	10	20	10
1vwxS01	3	10	20	10
1vx7U02	3	10	20	10
1ibxB00	3	10	20	10
4i4m600	3	10	20	10
1pfdA00	3	10	20	30
3zyvA01	3	10	20	30
1dgjA01	3	10	20	30
1ayfA00	3	10	20	30
5xmjB01	3	10	20	30
1l5pA00	3	10	20	30
5ffiE00	3	10	20	30
1tkeA01	3	10	20	30
4idiB00	3	10	20	30
2lekA00	3	10	20	30
1doiA00	3	10	20	30
2ekiA00	3	10	20	30
3hvzA00	3	10	20	30
1tygB00	3	10	20	30
2g1eA00	3	10	20	30
4s17A01	3	10	20	70
4is4A01	3	10	20	70
4hppA01	3	10	20	70
5ctrD02	3	10	20	90
5o2cA03	3	10	20	90
4icvA00	3	10	20	90
6d21A01	3	10	20	90
1h4rA01	3	10	20	90
4gn1A01	3	10	20	90
4mjsA00	3	10	20	90
4efoA00	3	10	20	90
3ixsI00	3	10	20	90
2v3sA00	3	10	20	90
2c5lC01	3	10	20	90
1l7yA00	3	10	20	90
2cu1A01	3	10	20	90
7ct1A01	3	10	20	90
5jh5C00	3	10	20	90
4gocA00	3	10	20	90
6oq3A01	3	10	20	90
2kc1A00	3	10	20	90
2aehA01	3	10	20	90
1lfdA00	3	10	20	90
1oeyL00	3	10	20	90
6hohD00	3	10	20	90
4chkG00	3	10	20	90
2v1yA00	3	10	20	90
5x0wF00	3	10	20	90
5aekB00	3	10	20	90
6jm4D00	3	10	20	90
4b6wA00	3	10	20	90
6ptsD01	3	10	20	90
1se9A00	3	10	20	90
4kikB02	3	10	20	90
5c6dA01	3	10	20	90
2bpsA00	3	10	20	90
2wxfA02	3	10	20	90
3kuzB00	3	10	20	90
3pvlA02	3	10	20	90
2ns5A00	3	10	20	90
4ic7E00	3	10	20	90
4m8mA02	3	10	20	90
3ec8A00	3	10	20	90
5dxtA01	3	10	20	90
2dzkA01	3	10	20	90
2c7hA00	3	10	20	90
2kzrA00	3	10	20	90
2mrpA00	3	10	20	90
2uwqA00	3	10	20	90
2kfkA00	3	10	20	90
1wgyA01	3	10	20	90
2kdbA00	3	10	20	90
2kmcA00	3	10	20	90
1j8cA00	3	10	20	90
2lwpA00	3	10	20	90
1pqsA00	3	10	20	90
2pjhA00	3	10	20	90
2kanA01	3	10	20	90
2dzmA01	3	10	20	90
2m4nA00	3	10	20	90
2kdiA00	3	10	20	90
1gjzA00	3	10	20	90
6klwF03	3	10	20	110
1ts5A01	3	10	20	120
1bxtA02	3	10	20	120
1ty0B01	3	10	20	120
2incC00	3	10	20	270
5efrA01	3	10	20	310
3mc8A03	3	10	20	310
4bzaA01	3	10	20	310
6izsA00	3	10	20	310
4ql0A01	3	10	20	310
6wilA02	3	10	20	310
5uayA01	3	10	20	310
5z2wA01	3	10	20	310
7nriA03	3	10	20	310
1vz8A02	3	10	20	340
4rf1A01	3	10	20	540
6tg9B02	3	10	20	600
6q9jB01	3	10	20	600
8b9zF01	3	10	20	600
7q5yG01	3	10	20	740
6vt2A02	3	10	20	890
2bw0A02	3	10	25	10
3eh8A01	3	10	28	10
1af5A00	3	10	28	10
3oorA01	3	10	28	10
1dq3A04	3	10	28	10
4un8G01	3	10	28	10
3c0wA02	3	10	28	10
7qssA01	3	10	28	10
5a0wG02	3	10	28	10
1ef0B02	3	10	28	10
3hyiA01	3	10	28	10
8dy9I01	3	10	28	10
3g4nA01	3	10	40	10
4uriA02	3	10	50	10
1edqA03	3	10	50	10
1w9pA02	3	10	50	10
1goiA02	3	10	50	10
3cz8A02	3	10	50	10
4w5uA02	3	10	50	10
4nzcA02	3	10	50	10
3bxwA03	3	10	50	10
3oa5A01	3	10	50	10
4tw8A02	3	10	50	40
2jzvA00	3	10	50	40
4nnrA00	3	10	50	40
4odkA00	3	10	50	40
7l75A01	3	10	50	40
3nrkA02	3	10	50	40
7zubC01	3	10	50	40
2kr7A01	3	10	50	40
2mf9A00	3	10	50	40
2ls8A00	3	10	100	10
5b1rA00	3	10	100	10
5ffsA00	3	10	100	10
3rs1A00	3	10	100	10
1h8uB00	3	10	100	10
1byfA00	3	10	100	10
1dy2A00	3	10	100	10
3fd4A00	3	10	100	10
3ncxA02	3	10	100	10
2pf5D00	3	10	100	10
4m1gA00	3	10	100	10
7jptA04	3	10	100	10
6wm6A01	3	10	105	10
2nooA02	3	10	105	10
7vevA01	3	10	105	10
5kztA03	3	10	105	10
4ze8A03	3	10	105	10
5icqA02	3	10	105	10
6epzA01	3	10	105	10
2b4lA02	3	10	105	10
4onlA00	3	10	110	10
3obqA00	3	10	110	10
2z6oA00	3	10	110	10
1zuoB00	3	10	110	10
1yf9A00	3	10	110	10
2nvuC01	3	10	110	10
2fo3A00	3	10	110	10
3zqsA01	3	10	110	10
4y1lC00	3	10	110	10
3cegA00	3	10	110	10
2yz0A00	3	10	110	10
6u1oA01	3	10	110	10
1cxyA00	3	10	120	10
4b8nB00	3	10	120	10
4qd8A00	3	10	129	10
1lo7A00	3	10	129	10
4b0iE00	3	10	129	10
5egjA00	3	10	129	10
1yocA00	3	10	129	10
2w3xB00	3	10	129	10
4rv2B00	3	10	129	10
5zy8C00	3	10	129	10
5cpgA00	3	10	129	10
3p3iA00	3	10	129	10
2c2iA00	3	10	129	10
4i83A00	3	10	129	10
3f5oA00	3	10	129	10
2bi0A02	3	10	129	10
4wnbA00	3	10	129	10
2pzhA00	3	10	129	10
4ae7A00	3	10	129	10
1c8uA01	3	10	129	10
3kh8B01	3	10	129	10
3lmbA01	3	10	129	10
2gf6A00	3	10	129	10
1njkA00	3	10	129	10
2hljA01	3	10	129	10
3kh8A02	3	10	129	10
3exzB00	3	10	129	10
3hduA00	3	10	129	10
2pimA00	3	10	129	10
3kg8A01	3	10	129	10
2gvhC01	3	10	129	10
2essA02	3	10	129	10
4a12A02	3	10	129	10
3wewA00	3	10	129	10
2ownA00	3	10	129	10
3omlA03	3	10	129	10
4hzoA00	3	10	129	10
2uvaG08	3	10	129	10
4e3eA00	3	10	129	10
3kg9B00	3	10	129	110
5e1vB00	3	10	129	110
4u3vA00	3	10	129	110
5kbzB00	3	10	129	110
6fn6A01	3	10	129	110
4kc5C03	3	10	129	110
7wvzA03	3	10	129	110
4owzA00	3	10	130	10
2vq8A00	3	10	130	10
1oj1A00	3	10	130	10
3f1vA02	3	10	150	10
3pweA03	3	10	150	10
6ap4B01	3	10	150	10
5fveA02	3	10	150	10
6dlyA03	3	10	150	10
1sxjH01	3	10	150	10
3t0pA01	3	10	150	10
3l0xB01	3	10	150	10
4k89A01	3	10	170	10
2vqxA01	3	10	170	10
4k90A01	3	10	170	10
5vb0C00	3	10	180	10
6wfiA00	3	10	180	10
1f1xA01	3	10	180	10
4ghcA02	3	10	180	10
1u69D00	3	10	180	10
4gymB00	3	10	180	10
1kw3B01	3	10	180	10
2ei0A02	3	10	180	10
1zswA02	3	10	180	10
1ss4A00	3	10	180	10
3oajA01	3	10	180	10
2r5vA01	3	10	180	10
5cj3A00	3	10	180	10
4g6xA00	3	10	180	10
1bh5A00	3	10	180	10
1ecsA00	3	10	180	10
5c68A00	3	10	180	10
3l20A00	3	10	180	10
3p8aA01	3	10	180	10
5hmqD02	3	10	180	10
3vb0A01	3	10	180	10
1k4nA00	3	10	180	10
1tfzA01	3	10	180	10
2rk0A01	3	10	180	10
3r4qA01	3	10	180	10
3rheA00	3	10	180	10
3e0rB01	3	10	180	10
1cjxB02	3	10	180	10
1dmxA00	3	10	200	10
3b1bA01	3	10	200	10
5ce1A01	3	10	250	10
6k0oA00	3	10	250	10
2ja4A00	3	10	250	10
2xrcB03	3	10	250	10
1r4sA00	3	10	270	10
3d2oA00	3	10	270	10
1dm9A00	3	10	290	10
1h3eA03	3	10	290	10
3hp7A01	3	10	290	10
1vioA01	3	10	290	10
6g5iE01	3	10	290	10
5o5jD02	3	10	290	10
7bl5701	3	10	290	10
1p9kA00	3	10	290	10
6nyaA06	3	10	290	60
4jciB01	3	10	310	10
4jciB02	3	10	310	10
3ednA02	3	10	310	10
6d1vA02	3	10	310	10
1u0kA01	3	10	310	10
2pw0B02	3	10	310	10
2h9fA01	3	10	310	10
5h2gB01	3	10	310	10
6l4lA02	3	10	310	10
1ym5A01	3	10	310	10
6l4lA01	3	10	310	10
1i74A02	3	10	310	20
2qb7B02	3	10	310	20
3devA02	3	10	310	30
4ls9B02	3	10	310	30
6mtzA01	3	10	310	30
7e15A02	3	10	310	30
2nnaA01	3	10	320	10
1fv1B01	3	10	320	10
1k8iB01	3	10	320	10
4ko8A02	3	10	330	10
1wlfA02	3	10	330	10
1qcsA02	3	10	330	10
2m3xA01	3	10	330	10
1cz4A02	3	10	330	10
2yujA02	3	10	330	10
2mkxA00	3	10	350	10
4b8vA03	3	10	350	10
5c8qB02	3	10	350	10
1i2dA02	3	10	400	10
3s9xA00	3	10	400	10
5a5gA03	3	10	410	10
2hngA00	3	10	420	10
1qynD00	3	10	420	10
5gaeH01	3	10	430	100
7oodf01	3	10	430	100
1vq8X00	3	10	440	10
7nafd01	3	10	440	10
1vx7700	3	10	440	10
1iv9A00	3	10	450	10
1stfI00	3	10	450	10
2bo9B01	3	10	450	10
4eycB00	3	10	450	10
3lh4A00	3	10	450	10
3gaxA00	3	10	450	10
2bk7D02	3	10	450	10
3ul5D00	3	10	450	10
4ccvA00	3	10	450	10
6hpvA01	3	10	450	10
1ugiD00	3	10	450	20
4haaA00	3	10	450	30
1ch0A00	3	10	450	30
1mgrA00	3	10	450	30
1aqzA00	3	10	450	30
3sxxC01	3	10	450	40
3wa2X01	3	10	450	40
2ia7A00	3	10	450	40
6grrA03	3	10	450	40
2c10A01	3	10	450	40
1ksiA01	3	10	450	40
3loyA02	3	10	450	40
3nqzA02	3	10	450	40
3hi7B02	3	10	450	40
3pgbA03	3	10	450	40
2gu3A01	3	10	450	40
2gu3A02	3	10	450	40
1tu5A02	3	10	450	40
4hrzB00	3	10	450	40
2k0mA00	3	10	450	40
1gs3A00	3	10	450	50
2f99C00	3	10	450	50
3ff0A01	3	10	450	50
2imjD01	3	10	450	50
3ef8A00	3	10	450	50
3gzbA00	3	10	450	50
3g0kA00	3	10	450	50
3stdA00	3	10	450	50
3g16B00	3	10	450	50
3rgaA02	3	10	450	50
3ejvA00	3	10	450	50
3hzpA00	3	10	450	50
5drvA00	3	10	450	50
3dm8A00	3	10	450	50
1gy7B00	3	10	450	50
2owpA00	3	10	450	50
3er7B00	3	10	450	50
3ebyA00	3	10	450	50
3e99A00	3	10	450	50
3k0zA00	3	10	450	50
3fljA00	3	10	450	50
3blzA00	3	10	450	50
4l8oA00	3	10	450	50
3f7sA00	3	10	450	50
3ecfA00	3	10	450	50
3b7cA00	3	10	450	50
5bkaE01	3	10	450	50
5ig5B00	3	10	450	50
7f13A01	3	10	450	50
5evhA00	3	10	450	50
3cu3A00	3	10	450	50
7c5yA02	3	10	450	50
5xbpC00	3	10	450	50
3hk4A00	3	10	450	50
3en8A01	3	10	450	50
3d9rB00	3	10	450	50
5xe7A02	3	10	450	50
4r1kB00	3	10	450	50
4hz9B00	3	10	450	50
1of5B00	3	10	450	50
1of5A00	3	10	450	50
3nv0A00	3	10	450	50
2gxfA00	3	10	450	50
2k54A00	3	10	450	50
4wfoA04	3	10	450	60
3v98A03	3	10	450	60
1t3bA01	3	10	450	70
4a18C00	3	10	450	80
1vqqA01	3	10	450	100
4meiA00	3	10	450	230
4o3vA00	3	10	450	230
3q1cA01	3	10	450	460
3eb8B01	3	10	450	460
2o18A00	3	10	520	10
2o34A00	3	10	520	10
1vrmA01	3	10	520	10
7xffF01	3	10	560	10
8dfkB01	3	10	560	10
3pc3A03	3	10	580	10
1yavB00	3	10	580	10
2nycA00	3	10	580	10
3fv6A00	3	10	580	10
3k2vA00	3	10	580	10
2rihA00	3	10	580	10
4nocD00	3	10	580	10
3lhhA01	3	10	580	10
6xwlE02	3	10	580	10
2qrdE01	3	10	580	10
6n7eD01	3	10	580	10
3orgA02	3	10	580	10
2d4zB00	3	10	580	10
7ahhC02	3	10	580	10
5zuuC01	3	10	590	10
1zceA00	3	10	590	10
5dnoA00	3	10	590	10
3tw6C02	3	10	600	10
5b66B02	3	10	680	10
4ce5A02	3	20	10	10
2hg8A02	3	20	10	10
3lulA02	3	20	10	10
2zgiD02	3	20	10	10
3qqmA02	3	20	10	10
1fuiA03	3	20	14	10
1at3A00	3	20	16	10
3h5jA00	3	20	19	10
2b3yA05	3	20	19	10
1v7lA01	3	20	19	10
3wqcA02	3	20	20	10
1w8gA00	3	20	20	10
3co8A02	3	20	20	10
3mt1B02	3	20	20	10
3kw3A02	3	20	20	10
2o0tA02	3	20	20	10
3nzpB02	3	20	20	10
4g9pA01	3	20	20	20
1ad1A00	3	20	20	20
2yclA01	3	20	20	20
3k13A00	3	20	20	20
4djdD01	3	20	20	20
1f07A00	3	20	20	30
1lucB00	3	20	20	30
4us5D00	3	20	20	30
7olfA01	3	20	20	30
1tvlA00	3	20	20	30
1nfpA00	3	20	20	30
2b81C00	3	20	20	30
1gz1A00	3	20	20	40
3rptA00	3	20	20	40
2vwsA00	3	20	20	60
3bjfA02	3	20	20	60
1s2uB00	3	20	20	60
1o66A00	3	20	20	60
3oyzA01	3	20	20	60
2hroA03	3	20	20	60
1u5vA00	3	20	20	60
2qiwA01	3	20	20	60
3r4iA01	3	20	20	60
2olsA04	3	20	20	60
1dquA01	3	20	20	60
1o5xA00	3	20	20	70
1a5aA00	3	20	20	70
1gqnA00	3	20	20	70
1jqxA01	3	20	20	70
3rf9B02	3	20	20	70
4u28A00	3	20	20	70
1sznA01	3	20	20	70
4ah7A00	3	20	20	70
2lleA00	3	20	20	70
3lm7A00	3	20	20	70
4eivA00	3	20	20	70
2nv1A00	3	20	20	70
1rqbA01	3	20	20	70
4ur7A00	3	20	20	70
6gvdA02	3	20	20	70
2xn1A02	3	20	20	70
3c6cA00	3	20	20	70
1g7vA00	3	20	20	70
1i2nA00	3	20	20	70
2g95B02	3	20	20	70
3lhuA00	3	20	20	70
2yx0A00	3	20	20	70
1z41A00	3	20	20	70
1aw5A00	3	20	20	70
6xigA01	3	20	20	70
3r89A00	3	20	20	70
1vliA01	3	20	20	70
2agkA00	3	20	20	70
1dosA00	3	20	20	70
3r5eA00	3	20	20	70
1gteB05	3	20	20	70
1u83A00	3	20	20	70
4m7tA00	3	20	20	70
2hmcA00	3	20	20	70
3dz1A00	3	20	20	70
1fcqA00	3	20	20	70
1xbzB00	3	20	20	70
4ml9A00	3	20	20	70
5z9yB00	3	20	20	70
2d73A02	3	20	20	70
6aj5A00	3	20	20	70
3dxiA00	3	20	20	70
2cw6D00	3	20	20	70
2nliB00	3	20	20	70
2a5hA02	3	20	20	70
3q58A00	3	20	20	70
2qezE03	3	20	20	70
3f4nC00	3	20	20	70
3tqkA00	3	20	20	70
1p0kA00	3	20	20	70
6bfgA00	3	20	20	70
3bw2A00	3	20	20	70
2aamC00	3	20	20	70
3hpxA01	3	20	20	70
2qr6A02	3	20	20	70
1jcmP00	3	20	20	70
2fiqA01	3	20	20	70
3bleA00	3	20	20	70
3s6dA00	3	20	20	70
1euaA00	3	20	20	70
1dbtA00	3	20	20	70
1fbaA00	3	20	20	70
7exfA01	3	20	20	70
6y1xB01	3	20	20	70
4mozD00	3	20	20	70
2iqtA00	3	20	20	70
5zolA00	3	20	20	70
3cu2A00	3	20	20	70
3fokA00	3	20	20	70
5v1qB01	3	20	20	70
1bwkA00	3	20	20	70
4k36B00	3	20	20	70
5ikyA01	3	20	20	70
1vcvA00	3	20	20	70
3c8fA00	3	20	20	70
2p10C01	3	20	20	70
1ea0A02	3	20	20	70
2qjgA00	3	20	20	70
1to3A00	3	20	20	70
2fb2B00	3	20	20	70
4njhA00	3	20	20	70
1ak5A00	3	20	20	70
7tbvB02	3	20	20	70
2b7oA01	3	20	20	70
6u5uG04	3	20	20	70
6ia6A01	3	20	20	70
1dl3B00	3	20	20	70
1x7fA01	3	20	20	70
4r33A00	3	20	20	70
7fevA01	3	20	20	70
1hg3A00	3	20	20	70
4ccdA02	3	20	20	70
3nl6B01	3	20	20	70
3ceuA00	3	20	20	70
4wfsA01	3	20	20	70
2i1oA02	3	20	20	70
3pajA02	3	20	20	70
4dnhA01	3	20	20	70
1r30A00	3	20	20	70
1b3oB00	3	20	20	70
1ea0B03	3	20	20	70
3tw6B03	3	20	20	70
5m17A00	3	20	20	80
2c0hA00	3	20	20	80
2osxA02	3	20	20	80
2ddxA00	3	20	20	80
3og2A01	3	20	20	80
3vm7A01	3	20	20	80
3m07A02	3	20	20	80
2e4tA02	3	20	20	80
1qw9A02	3	20	20	80
2wmfA01	3	20	20	80
1bvnP01	3	20	20	80
1b30A00	3	20	20	80
3n12A00	3	20	20	80
5i78A00	3	20	20	80
2whlA00	3	20	20	80
1edgA00	3	20	20	80
5ihsA00	3	20	20	80
4aweA00	3	20	20	80
3vnyA02	3	20	20	80
2gduA01	3	20	20	80
7pulA01	3	20	20	80
3wdqA00	3	20	20	80
4p7oB00	3	20	20	80
3lppA03	3	20	20	80
1ghsA00	3	20	20	80
3wn6A01	3	20	20	80
1odzA00	3	20	20	80
6tr4A01	3	20	20	80
4aw7A02	3	20	20	80
2wvsA01	3	20	20	80
3ucqA02	3	20	20	80
4jkmA03	3	20	20	80
1gqiA02	3	20	20	80
5jawA01	3	20	20	80
8d89A01	3	20	20	80
1jndA01	3	20	20	80
3ke0A01	3	20	20	80
6mp7A01	3	20	20	80
2w61A01	3	20	20	80
3vmnA02	3	20	20	80
7o0eA01	3	20	20	80
4lyqA00	3	20	20	80
5ac4A02	3	20	20	80
4tufA00	3	20	20	80
7dfqA02	3	20	20	80
2vtfA01	3	20	20	80
5ylhA00	3	20	20	80
5la2B01	3	20	20	80
5e6zA02	3	20	20	80
5cgmA03	3	20	20	80
1uokA01	3	20	20	80
6jqfA01	3	20	20	80
8dgeA01	3	20	20	80
1ud2A01	3	20	20	80
1h4pA00	3	20	20	80
7wdtA03	3	20	20	80
2citA00	3	20	20	80
4dwsA02	3	20	20	80
3gycA00	3	20	20	80
1fobA00	3	20	20	80
2vztA03	3	20	20	80
2dskA00	3	20	20	80
5z3kB01	3	20	20	80
7lnpA01	3	20	20	80
2zxqA02	3	20	20	80
3dhuA01	3	20	20	80
1yq2A03	3	20	20	80
1cecA00	3	20	20	80
4a4aA03	3	20	20	80
6i9qA01	3	20	20	80
4ac1X01	3	20	20	80
7wj9A01	3	20	20	80
2zuvA01	3	20	20	80
5ndxA02	3	20	20	80
1b1yA00	3	20	20	80
1w91A02	3	20	20	80
4cvuA03	3	20	20	80
4h41B00	3	20	20	80
8j53A01	3	20	20	80
6jowA01	3	20	20	80
4n0rA02	3	20	20	80
1bagA01	3	20	20	80
4b15A00	3	20	20	80
4s3jB02	3	20	20	80
1sfsA00	3	20	20	80
1narA00	3	20	20	80
3hjeA01	3	20	20	80
2wzhA02	3	20	20	80
8balC01	3	20	20	80
6ierA00	3	20	20	80
3clwA02	3	20	20	80
3thdA01	3	20	20	80
8b73B01	3	20	20	80
3zr5A02	3	20	20	80
5e9aA01	3	20	20	80
6en3A01	3	20	20	80
4pmoA00	3	20	20	80
4bzyA01	3	20	20	80
3gm8A03	3	20	20	80
6b6lA03	3	20	20	80
1c3fA00	3	20	20	80
3fndA01	3	20	20	80
4ccdA01	3	20	20	80
4ttuA03	3	20	20	80
2x8rB00	3	20	20	80
5f7cA02	3	20	20	80
1c7sA03	3	20	20	80
5euvA02	3	20	20	80
4qfuE01	3	20	20	80
1eswA00	3	20	20	80
4ff5A00	3	20	20	80
5navA00	3	20	20	80
1bf2A02	3	20	20	80
1h09A01	3	20	20	80
6m4fG01	3	20	20	80
7sf2A03	3	20	20	80
2fhfA04	3	20	20	80
3bxwA02	3	20	20	80
4bq2D02	3	20	20	80
1gjwA01	3	20	20	80
1az1A00	3	20	20	100
2clpI00	3	20	20	100
6gtmA01	3	20	20	100
6ovqA00	3	20	20	100
1efzA00	3	20	20	105
7ui4A01	3	20	20	105
1rbaA02	3	20	20	110
3qfwB02	3	20	20	110
1kczA02	3	20	20	120
3nxlA02	3	20	20	120
2pmqA02	3	20	20	120
2oz3A02	3	20	20	120
2oktA02	3	20	20	120
3s5sA02	3	20	20	120
1oepA02	3	20	20	120
2oztA02	3	20	20	120
2nqlA02	3	20	20	120
3cawA02	3	20	20	120
4a35A02	3	20	20	120
4jhmA02	3	20	20	120
6sj3B01	3	20	20	140
4l6dA00	3	20	20	140
1r9zA02	3	20	20	140
1j79A00	3	20	20	140
3ls9A02	3	20	20	140
5nnlA00	3	20	20	140
3mduA02	3	20	20	140
1kcxA02	3	20	20	140
1rjqA02	3	20	20	140
2qpxA00	3	20	20	140
3lu2A00	3	20	20	140
1a5kC02	3	20	20	140
3e2vB00	3	20	20	140
2gwnA02	3	20	20	140
1p1mA02	3	20	20	140
4gc3A00	3	20	20	140
1bf6A00	3	20	20	140
2puzA02	3	20	20	140
2pgfA00	3	20	20	140
4do7A00	3	20	20	140
3b0xA05	3	20	20	140
4dziB00	3	20	20	140
1onwA02	3	20	20	140
4i6vA01	3	20	20	140
3ighX02	3	20	20	140
3iv8A02	3	20	20	140
3qy7A00	3	20	20	140
2ragA00	3	20	20	140
4ub9A02	3	20	20	140
1j6oA00	3	20	20	140
3cjpA00	3	20	20	140
3ooqA02	3	20	20	140
2oodA02	3	20	20	140
2vunA02	3	20	20	140
3rysB00	3	20	20	140
3feqC02	3	20	20	140
3dcpA00	3	20	20	140
2f6kA00	3	20	20	140
7rtyA01	3	20	20	140
2q01A01	3	20	20	140
2ffiA00	3	20	20	140
2ogjA02	3	20	20	140
1v77A00	3	20	20	140
2yb1A01	3	20	20	140
3nqbA02	3	20	20	140
3f2bA02	3	20	20	140
7c79I01	3	20	20	140
5zb8A01	3	20	20	140
2anuA00	3	20	20	140
3lgdA00	3	20	20	140
3guwA00	3	20	20	140
2a3lA01	3	20	20	140
1ximA00	3	20	20	150
1qtwA00	3	20	20	150
1d8wC00	3	20	20	150
2qw5A00	3	20	20	150
3itlD00	3	20	20	150
2j6vA00	3	20	20	150
2qulA00	3	20	20	150
4k3zA00	3	20	20	150
3obeB00	3	20	20	150
3cnyA00	3	20	20	150
2g0wB00	3	20	20	150
1a0cA00	3	20	20	150
1tz9A00	3	20	20	150
1k77A00	3	20	20	150
2zdsB00	3	20	20	150
4kw2A00	3	20	20	150
3tvaA00	3	20	20	150
3ayvD00	3	20	20	150
6ki3A01	3	20	20	150
3dx5A00	3	20	20	150
7dz9A01	3	20	20	150
7exbA01	3	20	20	150
4ovxA00	3	20	20	150
4eacC01	3	20	20	150
3bwwA01	3	20	20	150
2q02A00	3	20	20	150
1yx1B01	3	20	20	150
3ua3B01	3	20	20	150
3i10A00	3	20	20	190
3mz2A00	3	20	20	190
1xx1A00	3	20	20	190
3h4xA00	3	20	20	190
2or2A00	3	20	20	190
2fjuB03	3	20	20	190
1vd6A00	3	20	20	190
2plcA00	3	20	20	190
3ks6A00	3	20	20	190
1ydyA00	3	20	20	190
1zccA00	3	20	20	190
4zr8B00	3	20	20	210
1u1jA02	3	20	20	210
4ay7A00	3	20	20	210
1t7lB01	3	20	20	210
1ypxA00	3	20	20	210
2ekgA02	3	20	20	220
7xg9A01	3	20	20	220
6peyB00	3	20	20	220
7wmzC01	3	20	20	220
3ijdA00	3	20	20	220
4jnyA00	3	20	20	220
1ccwB01	3	20	20	240
1e1cA01	3	20	20	240
1reqB01	3	20	20	240
5g1mA00	3	20	20	300
6r5iB01	3	20	20	300
5wugA02	3	20	20	300
5wabA01	3	20	20	300
5dmmA00	3	20	20	330
4m3pC00	3	20	20	330
1iwpA00	3	20	20	350
3cuxA01	3	20	20	360
6axeB01	3	20	20	360
2w3zA00	3	20	20	370
2i5iA00	3	20	20	370
1xw8A00	3	20	20	370
4hd5A02	3	20	20	370
4nz1A01	3	20	20	370
4wcjA00	3	20	20	370
1z7aC00	3	20	20	370
3hftA00	3	20	20	370
2qv5A01	3	20	20	370
2y8uB00	3	20	20	370
2e67A00	3	20	20	370
4nafA00	3	20	20	390
3vk5B00	3	20	20	390
3tlqA00	3	20	20	450
3kzpA00	3	20	20	450
4hu4A00	3	20	20	450
6pwkA02	3	20	20	450
2basB01	3	20	20	450
3aieA03	3	20	20	470
5lfcA04	3	20	20	470
3hncA00	3	20	70	20
1h16A00	3	20	70	20
1l1lA01	3	20	70	20
5a0zD00	3	20	70	20
1r1rA02	3	20	70	20
1b8bA00	3	20	70	20
2y8nA00	3	20	70	20
2ha9B00	3	20	70	20
6wl5A01	3	20	80	10
5kawA00	3	20	80	10
4ayzB00	3	20	80	10
3gk6A00	3	20	80	10
2kcuA00	3	20	80	10
3b49A00	3	20	80	10
2b5dX01	3	20	110	10
7dd9A01	3	20	110	10
5kbpA01	3	20	110	10
1o7dA01	3	20	110	10
5itqA01	3	20	190	10
4cisA01	3	20	190	10
4mb7A01	3	20	190	10
3w0fA01	3	20	190	10
3lkmA02	3	20	200	10
3nycA02	3	30	9	10
1c0pA02	3	30	9	10
2olnA02	3	30	9	10
3aljA02	3	30	9	10
3dmeA02	3	30	9	10
6dllA02	3	30	9	10
2qcuA02	3	30	9	10
1x31B02	3	30	9	10
2x3nA02	3	30	9	10
1b3mA02	3	30	9	10
1pn0A02	3	30	9	10
5l46A02	3	30	9	10
4yshA02	3	30	9	10
4eipB02	3	30	9	10
5wx2A02	3	30	9	10
3axbA02	3	30	9	10
3djdB02	3	30	9	10
3pvcA03	3	30	9	10
3ihgA02	3	30	9	10
5xaoA02	3	30	9	10
4k22A02	3	30	9	10
1cseI00	3	30	10	10
1hymA00	3	30	10	10
2z39A02	3	30	20	10
2cjlA02	3	30	20	10
2kbkA00	3	30	30	10
1n4nA00	3	30	30	10
2kyqA00	3	30	30	10
6vxwA00	3	30	30	10
1wt7A00	3	30	30	10
1bk8A00	3	30	30	10
1i2uA00	3	30	30	10
2ny9X00	3	30	30	10
1ne5A00	3	30	30	10
2b68A01	3	30	30	10
6p2uA02	3	30	30	30
3d2fA02	3	30	30	30
2lv9A00	3	30	40	10
1dvpA02	3	30	40	10
5d1mB01	3	30	40	10
2vpgC00	3	30	40	10
6hprA00	3	30	40	10
4up0A00	3	30	40	10
5m88A01	3	30	40	10
2ldrA00	3	30	40	10
5h9mA01	3	30	40	10
3purA01	3	30	40	10
6y2xA01	3	30	40	10
4n4fA02	3	30	40	10
4ccgY00	3	30	40	10
3lrqB00	3	30	40	10
2g6qA00	3	30	40	10
7v8fB01	3	30	40	10
4wz3B02	3	30	40	10
4gnfA00	3	30	40	10
2f42A02	3	30	40	10
4msxA01	3	30	40	10
6nftB01	3	30	40	10
4lk9A00	3	30	40	10
2lgvA00	3	30	40	10
3l11A00	3	30	40	10
7o4j301	3	30	40	10
4wz3B01	3	30	40	10
3hctA00	3	30	40	10
2ma5A00	3	30	40	10
4nn2B00	3	30	40	10
3fl2A00	3	30	40	10
5dinA00	3	30	40	10
1e53A00	3	30	40	10
4b7yD00	3	30	40	10
5aiuA00	3	30	40	10
6u75B02	3	30	40	10
1zbdB00	3	30	40	10
3ihpA01	3	30	40	10
5dahA01	3	30	40	10
2lriC00	3	30	40	10
2yucA01	3	30	40	10
2ma6A00	3	30	40	10
1vyxA00	3	30	40	10
2idaA01	3	30	40	10
2l0bA00	3	30	40	10
2i50A00	3	30	40	10
1zr6A01	3	30	43	10
4pvkA01	3	30	43	10
4o95A01	3	30	43	10
3js8A01	3	30	43	10
4zohB01	3	30	43	10
1dznA01	3	30	43	10
2e3tB03	3	30	43	10
7qh2C01	3	30	43	10
1uxyA02	3	30	43	10
2exrA01	3	30	43	10
4bbyB01	3	30	43	10
1r74B01	3	30	46	10
1citA00	3	30	50	10
2m9wA00	3	30	50	10
4tmaJ00	3	30	50	10
2cxiA01	3	30	56	10
2rhqB01	3	30	56	10
7k98E03	3	30	56	10
7dpiB01	3	30	56	10
1p9gA00	3	30	60	10
1k7tA01	3	30	60	10
2wvjB02	3	30	60	20
3bjiA03	3	30	60	20
6xi7B02	3	30	60	20
2b8tB02	3	30	60	20
2gviA03	3	30	60	20
1tbnA00	3	30	60	20
2n71A00	3	30	60	30
5daeA00	3	30	60	30
1n13E00	3	30	60	30
4gi3C00	3	30	60	30
1ldtL00	3	30	60	30
1ytpA00	3	30	60	30
1ce3A00	3	30	60	30
2arpF02	3	30	60	30
2xrcA02	3	30	60	30
1uucA00	3	30	60	30
2wcyA01	3	30	60	30
2m25A00	3	30	60	30
3fsyA02	3	30	60	70
3u5eI02	3	30	60	300
1vwxI02	3	30	60	300
2xi1B00	3	30	62	10
1z8fA02	3	30	63	10
7ykiA01	3	30	63	10
1ok8A02	3	30	67	10
6n59A02	3	30	70	20
2zvsA00	3	30	70	20
3or1A04	3	30	70	20
1ff2A00	3	30	70	20
1fxdA00	3	30	70	20
1gteA01	3	30	70	20
2v4jB03	3	30	70	20
8amqA01	3	30	70	20
2pa8D03	3	30	70	20
2c42A05	3	30	70	20
5c4iB02	3	30	70	20
1h0hB01	3	30	70	20
1q16B01	3	30	70	20
1ti6B02	3	30	70	20
1cqmA00	3	30	70	60
2rjzA02	3	30	70	60
2b7cB00	3	30	70	60
7b8vA01	3	30	70	60
8d8lF01	3	30	70	60
3cnqP00	3	30	70	80
1r6vA02	3	30	70	80
2z58B00	3	30	70	80
6u26A01	3	30	70	80
3qfhA01	3	30	70	80
3afgB01	3	30	70	80
2vh7A00	3	30	70	100
2rilA00	3	30	70	100
3fgvA00	3	30	70	100
2ftrA00	3	30	70	100
1x8dA01	3	30	70	100
3e8oB00	3	30	70	100
6fu9A00	3	30	70	100
3qmqA00	3	30	70	100
6vq6G03	3	30	70	100
3bn7A00	3	30	70	100
2pd1A01	3	30	70	100
3mziA01	3	30	70	100
2od4B01	3	30	70	100
2qycA00	3	30	70	100
4hl9A00	3	30	70	100
3bf4A01	3	30	70	100
4f67A01	3	30	70	100
5xztJ00	3	30	70	100
2od6C00	3	30	70	100
2jdjA00	3	30	70	100
2n7yA00	3	30	70	100
3lo3A00	3	30	70	100
2pgcC01	3	30	70	100
1qupA01	3	30	70	100
2okqB00	3	30	70	100
1osdA00	3	30	70	100
2bycB00	3	30	70	100
6urtA02	3	30	70	100
7razA01	3	30	70	100
3fj2A00	3	30	70	100
6fp6H01	3	30	70	100
3dcaA00	3	30	70	100
4ae5C00	3	30	70	100
3mcsA00	3	30	70	100
3dfeA00	3	30	70	120
3bzqA00	3	30	70	120
1kr4A00	3	30	70	120
2dclA00	3	30	70	120
3ce8A00	3	30	70	120
1h3dA03	3	30	70	120
3hluA00	3	30	70	120
4rwxC01	3	30	70	120
1be4A00	3	30	70	141
1bwvA01	3	30	70	150
1ykwA01	3	30	70	150
3qfwA01	3	30	70	150
1zpwX00	3	30	70	240
2i8eA01	3	30	70	240
4zckA02	3	30	70	240
2cveA02	3	30	70	240
2wbmA03	3	30	70	240
3cb4A04	3	30	70	240
1vi7A02	3	30	70	240
2kdoA03	3	30	70	240
5dz6A02	3	30	70	250
4qbuA03	3	30	70	250
2c2nA02	3	30	70	250
3cj8B02	3	30	70	250
2jfkA03	3	30	70	250
7ahbB01	3	30	70	250
2dtjA02	3	30	70	260
2qswA00	3	30	70	260
6u9hF01	3	30	70	260
3nrbB01	3	30	70	260
3offA00	3	30	70	260
3hheA02	3	30	70	260
3k5pA03	3	30	70	260
5is2A01	3	30	70	260
3w7bA01	3	30	70	260
1u8sA02	3	30	70	260
2qmwA03	3	30	70	260
3mahA02	3	30	70	260
2cdqA03	3	30	70	260
3ghfA00	3	30	70	260
2lqjA00	3	30	70	260
1mu2B04	3	30	70	270
1xr6A02	3	30	70	270
4f4wB01	3	30	70	270
1c9rB03	3	30	70	270
1jkhA02	3	30	70	270
1lwfB03	3	30	70	270
2qv6B02	3	30	70	270
2xhwA03	3	30	70	270
2uutA03	3	30	70	270
1s48A04	3	30	70	270
5llwA02	3	30	70	270
3ungC03	3	30	70	270
3hvwA00	3	30	70	270
3gqcC01	3	30	70	270
6mq8A01	3	30	70	270
4ol8B03	3	30	70	270
4ol8A01	3	30	70	270
1jlbB02	3	30	70	270
1jlcB04	3	30	70	270
6xn3A01	3	30	70	270
3s6eB00	3	30	70	330
2xnrA00	3	30	70	330
3tytA02	3	30	70	330
6cmnA00	3	30	70	330
4qptA01	3	30	70	330
3p3dA00	3	30	70	330
2e5iA01	3	30	70	330
2l08A00	3	30	70	330
1f9fD00	3	30	70	330
6tznA01	3	30	70	330
2go9A01	3	30	70	330
4n0tA04	3	30	70	330
2g0cA00	3	30	70	330
1wexA01	3	30	70	330
5xymT00	3	30	70	330
4qu7A00	3	30	70	330
3vajB01	3	30	70	330
6le1A01	3	30	70	330
3vajB02	3	30	70	330
4erdA00	3	30	70	330
4pkdB02	3	30	70	330
1vx7Y01	3	30	70	330
1kooA01	3	30	70	330
3rw7A01	3	30	70	330
1ft8E00	3	30	70	330
5oomU00	3	30	70	330
2wbrA00	3	30	70	330
1ufwA00	3	30	70	330
2jvrA00	3	30	70	330
5zswA01	3	30	70	330
2mkhA02	3	30	70	330
2dgxA01	3	30	70	330
2dnoA00	3	30	70	330
2khcA00	3	30	70	330
2ku7A00	3	30	70	330
1o6xA00	3	30	70	340
3d68A01	3	30	70	340
5uejA02	3	30	70	360
1fnoA02	3	30	70	360
2f7vA02	3	30	70	360
1lfwA02	3	30	70	360
4q7aC02	3	30	70	360
5k8pA02	3	30	70	360
1lfwA03	3	30	70	360
3io1A02	3	30	70	360
4g1pA02	3	30	70	360
6dswA03	3	30	70	370
1x9mA03	3	30	70	370
3tupA02	3	30	70	380
7k98B05	3	30	70	380
5t7xA00	3	30	70	390
4k2jB00	3	30	70	390
7m3hB01	3	30	70	420
5a8rB02	3	30	70	470
1hbmA02	3	30	70	470
6s6yD02	3	30	70	520
1m5hA01	3	30	70	520
1cbkA00	3	30	70	560
4x4vA03	3	30	70	590
2hhpA03	3	30	70	590
1f5aA01	3	30	70	590
2mewA00	3	30	70	600
6wxoB01	3	30	70	600
6az1M00	3	30	70	600
2ohdF00	3	30	70	640
3tj8A02	3	30	70	790
1gmvA01	3	30	70	790
2hfvA01	3	30	70	790
1n0uA04	3	30	70	870
3cb4A03	3	30	70	870
3e3xA01	3	30	70	870
2bv3A03	3	30	70	870
2hfsA02	3	30	70	890
3pyfA02	3	30	70	890
1pieA02	3	30	70	890
1uekA02	3	30	70	890
1kvkA02	3	30	70	890
3ltoA02	3	30	70	890
6n10A02	3	30	70	890
3hulA02	3	30	70	890
2zbcA01	3	30	70	920
2efpA02	3	30	70	920
2p5vA02	3	30	70	920
2cfxA02	3	30	70	920
1s7hA02	3	30	70	930
1lxjA00	3	30	70	930
2iboA00	3	30	70	930
1m1hA01	3	30	70	940
3p8bB01	3	30	70	940
5ondB00	3	30	70	940
1vdhA01	3	30	70	1030
1vdhA02	3	30	70	1030
3zo7B00	3	30	70	1060
4lbhA00	3	30	70	1060
1q5yC00	3	30	70	1150
2fgdD03	3	30	70	1150
3ajdA01	3	30	70	1170
2b9eA01	3	30	70	1170
1ixkA01	3	30	70	1170
3uvjB00	3	30	70	1230
6yiiA02	3	30	70	1230
4cm2A02	3	30	70	1230
4wp3C00	3	30	70	1230
4cllA01	3	30	70	1230
6yiiA01	3	30	70	1230
2qv6A01	3	30	70	1230
2a6mB01	3	30	70	1290
4er8A00	3	30	70	1290
4r86A02	3	30	70	1320
3w60A00	3	30	70	1350
3h90A02	3	30	70	1350
1nrkA02	3	30	70	1400
3girA02	3	30	70	1400
1pj5A04	3	30	70	1400
3fuyA00	3	30	70	1420
3w9iA06	3	30	70	1430
5t0oA02	3	30	70	1430
7b8qA01	3	30	70	1430
3w9iA07	3	30	70	1440
7wjgA01	3	30	70	1450
4g65A04	3	30	70	1450
4gx0B03	3	30	70	1450
3p4uB00	3	30	70	1470
1sc3B00	3	30	70	1470
1r89A04	3	30	70	1550
2jlgA03	3	30	70	1600
2b4pA01	3	30	70	1690
3f56D01	3	30	70	1710
3f56A02	3	30	70	1710
3i6pA00	3	30	70	1710
3i87A02	3	30	70	1710
3i96A00	3	30	70	1710
5dihA01	3	30	70	1710
6i0y501	3	30	70	1730
4v19J00	3	30	70	1730
3u5iq00	3	30	70	1730
4g1iA03	3	30	70	1770
3gr0D01	3	30	70	1780
4l3nA01	3	30	70	1840
2dd8S01	3	30	70	1840
4c98A02	3	30	70	1900
6njyA01	3	30	70	1900
3i4hX02	3	30	70	1900
4illA02	3	30	70	1900
3r5dA01	3	30	70	2010
5e3qA01	3	30	70	2010
5iq6A01	3	30	70	2840
3otdA00	3	30	70	3000
7nyrI01	3	30	70	3270
7m7iA02	3	30	70	3290
8g4uA02	3	30	70	3290
7uwrA02	3	30	70	3290
2hg4A02	3	30	70	3290
2vz8B02	3	30	70	3290
2v4jB01	3	30	70	3340
6az1Z00	3	30	70	3370
7pwfY01	3	30	70	3370
8gweB01	3	30	70	3540
4z9eA00	3	30	110	20
2bkyX00	3	30	110	20
2ek0A00	3	30	110	20
7dl8C01	3	30	110	20
3iabB01	3	30	110	20
5xiiB03	3	30	110	30
3ialA03	3	30	110	30
1nj1A03	3	30	110	30
7v2qE01	3	30	160	20
3d5aX03	3	30	160	20
3rv0B03	3	30	160	20
6ei8A00	3	30	160	20
4wyqB00	3	30	160	20
1t4lB00	3	30	160	20
1uhzA00	3	30	160	20
5optd01	3	30	160	20
2b7vA00	3	30	160	20
2n3gA00	3	30	160	20
1whqA01	3	30	160	20
1qu6A02	3	30	160	20
2mdrA00	3	30	160	20
1vw4502	3	30	160	20
4tn3A01	3	30	160	60
2r1fA03	3	30	160	60
3ddtC00	3	30	160	60
5vmzA01	3	30	160	60
2j7jA03	3	30	160	60
1llmD02	3	30	160	60
4ijdA02	3	30	160	60
1rmdA02	3	30	160	60
3mhsC02	3	30	160	60
2gliA01	3	30	160	60
2a25A01	3	30	160	60
5y0uA02	3	30	160	60
2r1fA01	3	30	160	60
2epaA01	3	30	160	60
1z1bA01	3	30	160	60
5kl7A00	3	30	160	60
2el5A01	3	30	160	60
2lvhA00	3	30	160	60
2m9aA03	3	30	160	60
1ncsA00	3	30	160	60
1wjpA01	3	30	160	60
2rsiA02	3	30	160	60
2rsiA03	3	30	160	60
1wjpA02	3	30	160	60
1zu1A02	3	30	160	60
1zu1A01	3	30	160	60
1zr9A00	3	30	160	60
1b69A00	3	30	160	60
2ghfA01	3	30	160	60
1wrjA01	3	30	160	70
1sfeA01	3	30	160	70
7w4qL01	3	30	160	190
4bbyA02	3	30	160	650
5yvdA01	3	30	160	820
3qy2A00	3	30	170	10
1bwvS00	3	30	190	10
4qg3A01	3	30	190	20
2ygrA03	3	30	190	20
3o58A01	3	30	190	20
4wweA01	3	30	190	20
4wwtA01	3	30	190	20
2pvhA02	3	30	200	20
5iwuA01	3	30	200	20
3r9rA01	3	30	200	20
2z02A01	3	30	200	20
5o2cA01	3	30	200	20
3oezB01	3	30	200	20
5ko1A01	3	30	200	20
6sulA01	3	30	200	20
2ppqA01	3	30	200	20
2pywB01	3	30	200	20
3i1aA01	3	30	200	20
4ix3A01	3	30	200	20
7u4vB01	3	30	200	20
2in6A01	3	30	200	20
1zarA02	3	30	200	20
5iqaA01	3	30	200	20
4lrkA01	3	30	200	20
3sv0A01	3	30	200	20
3atsA01	3	30	200	20
3gniB01	3	30	200	20
4ianA01	3	30	200	20
4azsA02	3	30	200	20
2jiiA01	3	30	200	20
4l68A01	3	30	200	20
2q83B01	3	30	200	20
4da5A01	3	30	200	20
3c5iD01	3	30	200	20
2rioA01	3	30	200	20
5cemA01	3	30	200	20
3flnC01	3	30	200	20
3q5zA02	3	30	200	20
4df3A01	3	30	200	20
3dxqA01	3	30	200	20
3kn6A01	3	30	200	20
6g38A01	3	30	200	20
1fotA02	3	30	200	20
2oo8X01	3	30	200	20
5f9eA01	3	30	200	20
7sebA01	3	30	200	20
1ia9A01	3	30	200	20
5dyjB01	3	30	200	20
4kujA01	3	30	200	20
4xbrA01	3	30	200	20
1nt2A01	3	30	200	20
2f2uB01	3	30	200	20
4tndA01	3	30	200	20
1xmlA01	3	30	200	40
4ldtA01	3	30	200	60
2xanA01	3	30	200	110
5xu6C01	3	30	200	110
3c5gB04	3	30	210	10
1fnmA04	3	30	230	10
1h7sA02	3	30	230	10
1mg7A02	3	30	230	10
1b63A02	3	30	230	10
2q2eB03	3	30	230	10
3cwvA02	3	30	230	10
3lnuA02	3	30	230	10
4jg4A00	3	30	230	10
6spci00	3	30	230	10
1fi4A01	3	30	230	10
6az1L00	3	30	230	10
5e7sE01	3	30	230	10
1n0vC05	3	30	230	10
8eilD01	3	30	230	10
4uskA01	3	30	230	10
4rpfC01	3	30	230	10
5xxuC02	3	30	230	10
3v2uD01	3	30	230	10
3k17A01	3	30	230	10
7t71A01	3	30	230	10
6spce02	3	30	230	10
4fw9A03	3	30	230	10
2r3vB01	3	30	230	10
6caxA01	3	30	230	20
4mu3A02	3	30	230	40
2ae8B01	3	30	230	40
1udsA01	3	30	230	70
1e3hA03	3	30	230	70
1e3hA01	3	30	230	70
5k36B00	3	30	230	70
5jeaD00	3	30	230	70
4ifdF00	3	30	230	70
5jeaC00	3	30	230	70
2nn6A01	3	30	230	70
1usuA01	3	30	230	80
4ppfA02	3	30	250	10
1iokA02	3	30	260	10
6qb8Z02	3	30	260	10
6qb8Q02	3	30	260	10
7x7yh01	3	30	260	10
8blyB01	3	30	260	10
4z42A00	3	30	280	10
5a1iA01	3	30	300	10
2dplA02	3	30	300	10
6fcdA02	3	30	300	10
4l4qA03	3	30	300	10
3imlC03	3	30	300	10
6ebcA02	3	30	300	20
1josA00	3	30	300	20
2vqeC01	3	30	300	20
1wf3A02	3	30	300	20
5flxD01	3	30	300	20
2cxcA01	3	30	300	20
2pt7G01	3	30	300	20
2e8eA00	3	30	300	20
2ql8A00	3	30	300	20
1lqlA02	3	30	300	20
3af5A02	3	30	300	20
2pn2A00	3	30	300	20
6xrsB03	3	30	300	20
3cjeA00	3	30	300	20
2d7vB00	3	30	300	20
2oplA01	3	30	300	20
7x9uA01	3	30	300	20
2y27A02	3	30	300	30
7wuaB01	3	30	300	30
1nnnA02	3	30	300	30
1yj7D02	3	30	300	30
4oxiA02	3	30	300	30
4d57A02	3	30	300	30
4g1iA02	3	30	300	170
4bcaA05	3	30	300	330
1tbpA01	3	30	310	10
3eikA02	3	30	310	10
1pzdA02	3	30	310	10
4py5A01	3	30	310	10
2mj7A00	3	30	310	10
3ogdA01	3	30	310	20
5o9xA03	3	30	310	50
1wqaA04	3	30	310	50
7pjcA02	3	30	310	50
3pdkA04	3	30	310	50
5jmvD00	3	30	310	50
2jpiA00	3	30	310	50
3oseA00	3	30	310	80
2y94A03	3	30	310	80
2qrdA00	3	30	310	80
2ehbD00	3	30	310	80
5omvA01	3	30	342	10
2p5oB01	3	30	342	10
3oa2A02	3	30	360	10
1gadO02	3	30	360	10
5kvsA02	3	30	360	10
1lc0A02	3	30	360	10
1ff9A02	3	30	360	10
2i3gA02	3	30	360	10
4mkzA02	3	30	360	10
4ew6A02	3	30	360	10
2yyyA02	3	30	360	10
4dplA02	3	30	360	10
1nvmB02	3	30	360	10
3fhlA02	3	30	360	10
3db2B02	3	30	360	10
6dzsA02	3	30	360	10
5loaA02	3	30	360	10
4hadB02	3	30	360	10
3c8mA02	3	30	360	10
1ebfA02	3	30	360	10
1t4bA02	3	30	360	10
3mz0A02	3	30	360	10
6o15A02	3	30	360	10
3evnA02	3	30	360	10
3abiA02	3	30	360	10
3c1aA02	3	30	360	10
6norA02	3	30	360	10
3euwA02	3	30	360	10
3btuB02	3	30	360	10
3m2tA02	3	30	360	10
4inaA02	3	30	360	10
7xr9E01	3	30	360	10
4gqaB02	3	30	360	10
1tltA02	3	30	360	10
3ijpA02	3	30	360	10
3moiA02	3	30	360	10
1ydwA02	3	30	360	10
2dc1A02	3	30	360	10
3oqbH02	3	30	360	10
1gr0A02	3	30	360	10
2ixaA02	3	30	360	10
1dpgA02	3	30	360	10
1ffvB03	3	30	365	10
1ffvB02	3	30	365	10
2e1qC08	3	30	365	10
3zyvA10	3	30	365	10
4zohA04	3	30	365	10
2w55B03	3	30	365	10
5g5gC03	3	30	365	10
1rm6D04	3	30	365	10
1v97A06	3	30	365	10
2hxxA00	3	30	370	10
2cx6A00	3	30	370	10
8bdpA01	3	30	379	10
7wdtA02	3	30	379	10
1c7sA02	3	30	379	10
4a4aA02	3	30	379	10
7cboA01	3	30	379	10
2v5dA01	3	30	379	10
1nowA01	3	30	379	10
4c91A01	3	30	379	10
6jebA01	3	30	379	10
1dwnA00	3	30	380	10
1aq3A00	3	30	380	10
7tjgC01	3	30	380	10
2hg0A03	3	30	387	10
2akzA01	3	30	390	10
2pgeA01	3	30	390	10
3n4fA01	3	30	390	10
3toyA01	3	30	390	10
1bqgA01	3	30	390	10
1sjdB01	3	30	390	10
2rdxA01	3	30	390	10
1rvkA01	3	30	390	10
2zadA01	3	30	390	10
3sqsA01	3	30	390	10
2p0iA01	3	30	390	10
1kczA01	3	30	390	10
2hzgB01	3	30	390	10
3cyjA01	3	30	390	10
4gfiC01	3	30	390	10
3cawA01	3	30	390	10
4j57A03	3	30	390	30
2cduA03	3	30	390	30
4burC03	3	30	390	30
3ic9A04	3	30	390	30
4jq9A03	3	30	390	30
4emiA03	3	30	390	30
3oc4B03	3	30	390	30
1mo9A03	3	30	390	30
3kljA03	3	30	390	30
3fg2P03	3	30	390	30
1xhcA03	3	30	390	30
1zxiC03	3	30	390	50
1rm6B02	3	30	390	50
6ac4A05	3	30	390	50
5g5gB02	3	30	390	50
3hrdC02	3	30	390	50
2e5aA02	3	30	390	50
1vqzA02	3	30	390	50
1h2iA01	3	30	390	80
4udqA02	3	30	410	40
2jbvA04	3	30	410	40
3b0gA02	3	30	413	10
6c3zA03	3	30	413	10
3b0nA03	3	30	413	10
3mm5A03	3	30	413	10
3mm5B02	3	30	413	10
5h8yD02	3	30	413	10
3noyB02	3	30	413	10
4ep4A00	3	30	420	10
1cz9A00	3	30	420	10
6a4dB00	3	30	420	10
1rilA00	3	30	420	10
1b92A00	3	30	420	10
4dleA01	3	30	420	10
2py5A01	3	30	420	10
2qxfA01	3	30	420	10
1bdp001	3	30	420	10
1wljA00	3	30	420	10
3oyjB00	3	30	420	10
2ehgA00	3	30	420	10
1zbhA02	3	30	420	10
3k9jA00	3	30	420	10
7jw6A01	3	30	420	10
1q8iA03	3	30	420	10
3v9wB00	3	30	420	10
2fbyA00	3	30	420	10
5ovnA05	3	30	420	10
7wrnA01	3	30	420	10
2etjA00	3	30	420	10
5cr4A00	3	30	420	10
2o4iA01	3	30	420	10
4fzxC00	3	30	420	10
4ogcA01	3	30	420	10
5v5fA00	3	30	420	10
3dlbA04	3	30	420	10
3cymA01	3	30	420	10
2p5oB02	3	30	420	10
1kfdA01	3	30	420	10
2yhaA02	3	30	420	10
2d0bA02	3	30	420	10
1uocB00	3	30	420	10
2w42B02	3	30	420	10
1x9mA01	3	30	420	10
7kseA02	3	30	420	10
7r8iA01	3	30	420	10
7pikC01	3	30	420	10
1bcoA01	3	30	420	10
1kcfB00	3	30	420	10
5g5tA02	3	30	420	10
8b4hA01	3	30	420	10
4fvmA03	3	30	420	10
7lufB01	3	30	420	10
3sahA01	3	30	420	10
7sxqA01	3	30	420	10
7kx7A03	3	30	420	10
7r0kB01	3	30	420	10
8in8C01	3	30	420	10
3d45B01	3	30	420	10
2p9iA01	3	30	420	40
2i7nA02	3	30	420	40
7b7zB01	3	30	420	40
2nztB04	3	30	420	40
3zx3A01	3	30	420	40
4gniB01	3	30	420	40
1huxA02	3	30	420	40
6gwjK01	3	30	420	40
2pbdA01	3	30	420	40
2q2rA01	3	30	420	40
5jicA02	3	30	420	40
1okjB01	3	30	420	40
3djcJ02	3	30	420	40
5b8hA02	3	30	420	40
4a2bA01	3	30	420	40
3wt0A02	3	30	420	40
2e2oA01	3	30	420	40
2ch5A01	3	30	420	40
5ljvA02	3	30	420	40
4ijaB02	3	30	420	40
4dq8B01	3	30	420	40
6jdbA01	3	30	420	40
4mo4A01	3	30	420	40
2ychA01	3	30	420	40
4zxzA01	3	30	420	40
2fsjA02	3	30	420	40
3ohrA02	3	30	420	40
8gtyA01	3	30	420	40
3lm2A02	3	30	420	40
2f9wA01	3	30	420	40
1nbwA04	3	30	420	40
2zgyA01	3	30	420	40
1zc6B01	3	30	420	40
1hkgA02	3	30	420	40
3khyA02	3	30	420	40
5ly3A01	3	30	420	40
7vyjB01	3	30	420	40
1woqA01	3	30	420	40
4bc3A02	3	30	420	40
2gupA02	3	30	420	40
4htlA01	3	30	420	40
2ch5B02	3	30	420	40
5br9A02	3	30	420	40
1x9jB01	3	30	420	40
6p2uA03	3	30	420	40
3ohrA01	3	30	420	40
8oqkA01	3	30	420	40
1k8kB01	3	30	420	40
2d4wA02	3	30	420	40
3wuhA02	3	30	420	40
2h3gX01	3	30	420	40
6ixwB01	3	30	420	40
2uytA02	3	30	420	40
4xhpA01	3	30	420	40
1zxoA02	3	30	420	40
4i6mA02	3	30	420	40
3weeA01	3	30	420	40
2itmB02	3	30	420	40
1r59O01	3	30	420	40
4am6A01	3	30	420	40
3ttcA04	3	30	420	40
3h6eA03	3	30	420	40
3qdkA02	3	30	420	40
4bc3A01	3	30	420	40
3l0qA01	3	30	420	40
6az1O00	3	30	420	80
5oomP00	3	30	420	80
5o60P01	3	30	420	100
3o58E00	3	30	420	100
1ewrA01	3	30	420	110
7ou4A02	3	30	420	110
2o8bB02	3	30	420	110
3mdqA02	3	30	420	150
3cj1A02	3	30	420	150
1u6zA02	3	30	420	150
4iljA01	3	30	420	230
3f5tA02	3	30	420	330
3i4sA00	3	30	428	10
3n1sJ00	3	30	428	10
6gqdA01	3	30	428	10
3l7xA00	3	30	428	10
2h39B02	3	30	428	10
1st0B03	3	30	428	10
3wo5A00	3	30	428	10
3spdA00	3	30	428	10
1vkvA01	3	30	428	10
6gbsA02	3	30	428	10
1fimA00	3	30	429	10
3mb2C00	3	30	429	10
4nwpH00	3	30	429	10
3ej3C00	3	30	429	10
2aajA00	3	30	429	10
4lkbE00	3	30	429	10
4u5pA00	3	30	429	10
4jj9C00	3	30	429	10
3m20A00	3	30	429	10
3mb2F00	3	30	429	10
6mktA00	3	30	450	20
5aveA02	3	30	450	20
3libH01	3	30	450	20
4cqhA01	3	30	450	20
3mqqB00	3	30	450	20
7dwmB01	3	30	450	20
4hh3A01	3	30	450	20
3by9B01	3	30	450	20
4e04B01	3	30	450	20
2qkpD00	3	30	450	20
3a0sA00	3	30	450	20
5ereA02	3	30	450	20
3b33A00	3	30	450	20
2ea9A01	3	30	450	20
3h9wA00	3	30	450	20
2pd8B00	3	30	450	20
3volA00	3	30	450	20
4ywzB00	3	30	450	20
3lidA03	3	30	450	20
4exoA00	3	30	450	20
4f3lB02	3	30	450	20
3cwfA00	3	30	450	20
6zj8D01	3	30	450	20
8dikA01	3	30	450	20
3e4pA03	3	30	450	20
4mn5A00	3	30	450	20
4jgpA02	3	30	450	20
3gdiA01	3	30	450	20
4m4xA00	3	30	450	20
3mfxB00	3	30	450	20
4ehoA04	3	30	450	20
3lifB01	3	30	450	20
7xlqD01	3	30	450	20
2zbbA02	3	30	450	20
4r3aA01	3	30	450	20
3lifA02	3	30	450	20
6fu4A01	3	30	450	20
3licA01	3	30	450	20
8oskM01	3	30	450	20
1wa9A02	3	30	450	20
1ll8A00	3	30	450	20
1vetA00	3	30	450	30
1skoB00	3	30	450	30
4qwoB00	3	30	450	30
3d9yA00	3	30	450	30
4ftxB01	3	30	450	30
5y3aE00	3	30	450	30
3kyeB00	3	30	450	30
6h5bB01	3	30	450	30
3necA00	3	30	450	30
1f5mA00	3	30	450	40
5dfyA00	3	30	450	40
3trcA00	3	30	450	40
5ey1B00	3	30	450	40
4y2fA00	3	30	450	40
4dn0A01	3	30	450	40
3obfA00	3	30	450	40
3eeaA00	3	30	450	40
3citA00	3	30	450	40
4lrzE01	3	30	450	40
3e98B00	3	30	450	40
3k2nA00	3	30	450	40
5tjjB02	3	30	450	40
3g6oA01	3	30	450	40
3d3oA00	3	30	450	40
1stzA02	3	30	450	40
2vjwA00	3	30	450	40
4bwiB02	3	30	450	40
3mf0A01	3	30	450	40
2qybA00	3	30	450	40
2xrnA02	3	30	450	40
3ibjA01	3	30	450	40
7jsnB02	3	30	450	40
2nutC00	3	30	450	50
1h8mA00	3	30	450	50
1nrjA00	3	30	450	60
6oxlM01	3	30	450	60
6cm9S00	3	30	450	60
5ck3C00	3	30	450	60
1l3lA01	3	30	450	80
3qp6A01	3	30	450	80
6d6nC00	3	30	450	80
2avxA00	3	30	450	80
5tshB01	3	30	450	90
6ojyB01	3	30	450	90
4nkpC00	3	30	450	150
5cx7E00	3	30	450	150
4clcA00	3	30	450	150
3r7wB02	3	30	450	190
8fw5D02	3	30	450	190
3nhqC03	3	30	450	270
7l5aA02	3	30	450	270
4ehoB03	3	30	450	270
3eqvA02	3	30	450	330
5c0uA00	3	30	450	410
3rh6A03	3	30	460	10
1knyA01	3	30	460	10
4ebkA01	3	30	460	10
6go4A03	3	30	460	10
5hrgA01	3	30	460	10
1px5A01	3	30	460	10
1no5B00	3	30	460	10
4x4wB01	3	30	460	10
6sj5A01	3	30	460	10
4zrlA01	3	30	460	10
7x4pA01	3	30	460	10
2pbeA01	3	30	460	10
2hhpA02	3	30	460	10
7qprA02	3	30	460	10
7ohgA02	3	30	460	10
7ztbB01	3	30	460	10
2w9mB03	3	30	460	10
4at7B02	3	30	460	10
3wfoA01	3	30	460	10
3k7dA02	3	30	460	10
5jrwA01	3	30	460	20
3ck6A01	3	30	460	20
7z7vC01	3	30	460	80
7z0sE01	3	30	460	80
6u8yK01	3	30	460	80
5xzgA02	3	30	460	90
4woyA02	3	30	460	90
7lt2A01	3	30	460	90
6fyeA02	3	30	465	10
1wvfA02	3	30	465	10
1ffvC03	3	30	465	10
2i0kA02	3	30	465	10
4jb1A02	3	30	465	10
2w3sA04	3	30	465	10
2exrA02	3	30	465	10
1hskA01	3	30	465	10
1f0xA03	3	30	465	10
2rk5A00	3	30	465	10
3vteA02	3	30	465	10
2p13A00	3	30	465	10
2pliA00	3	30	465	10
2ipiA01	3	30	465	10
2uuuA02	3	30	465	10
4tm5A01	3	30	470	10
4dqnA01	3	30	470	10
3snoA01	3	30	470	10
2zgiA01	3	30	470	10
3cswC01	3	30	470	10
3cebA01	3	30	470	10
2r85A02	3	30	470	20
3t7aA02	3	30	470	20
3ax6A03	3	30	470	20
1a9xA06	3	30	470	20
5s5bF02	3	30	470	20
2gqsA02	3	30	470	20
7pupA01	3	30	470	20
5caeB01	3	30	470	20
3i12A02	3	30	470	20
2yrxA03	3	30	470	20
4xymB01	3	30	470	20
3wnzA03	3	30	470	20
4fflA02	3	30	470	20
3n6rA02	3	30	470	20
1auvA03	3	30	470	20
2pvpA02	3	30	470	20
4egjD02	3	30	470	20
1glvA02	3	30	470	20
2olsA02	3	30	470	20
1m0wA02	3	30	470	20
2pn1A03	3	30	470	20
1uc8A03	3	30	470	20
1vbgA03	3	30	470	20
3votB02	3	30	470	20
1bxrC02	3	30	470	20
5i47B03	3	30	470	20
4hnvB01	3	30	470	20
3tw6C01	3	30	470	20
6p0cA03	3	30	470	30
6imjA01	3	30	470	30
4glxA02	3	30	470	30
2hivA02	3	30	470	30
3bacA01	3	30	470	30
1ckmA01	3	30	470	30
1s68A02	3	30	470	30
3kyhC01	3	30	470	30
4d05A02	3	30	470	30
2vugA03	3	30	470	30
3gb8B00	3	30	470	30
3ty5A01	3	30	470	30
3d7jA00	3	30	479	10
3i2bG00	3	30	479	10
1y13A00	3	30	479	10
3jygA00	3	30	479	10
1xb2B03	3	30	479	20
1xb2B02	3	30	479	20
1winA01	3	30	479	30
2rpbA00	3	30	479	30
2zv4O01	3	30	479	30
5c98A01	3	30	497	10
1attB02	3	30	497	10
2wxyC02	3	30	497	10
3stoA01	3	30	497	10
4r9iA01	3	30	497	10
3snpA02	3	30	499	10
4kp2A01	3	30	499	10
4kp2A02	3	30	499	10
1l5jA04	3	30	499	10
3snpA01	3	30	499	10
4f7eA01	3	30	500	10
1lqvB00	3	30	500	10
5bxfA01	3	30	500	10
4pp8D00	3	30	500	10
4pdcE00	3	30	500	10
3it8D01	3	30	500	10
1u58A01	3	30	500	10
1r3hA01	3	30	500	10
1h9oA00	3	30	505	10
3pjpA02	3	30	505	10
4fl3A01	3	30	505	10
2xp1A01	3	30	505	10
7siyA03	3	30	505	10
1bg1A04	3	30	505	10
2hmhA00	3	30	505	10
1rpyB00	3	30	505	10
2ci8A01	3	30	505	10
1uurA04	3	30	505	10
2dvjA01	3	30	505	10
1b6fA00	3	30	530	20
3njoA00	3	30	530	20
5e4bA00	3	30	530	20
3q64A00	3	30	530	20
2vneA01	3	30	530	20
4xrtA02	3	30	530	20
4r7kA00	3	30	530	20
2resA00	3	30	530	20
3p9vA00	3	30	530	20
1xfsA00	3	30	530	20
7wa9A01	3	30	530	20
3tfzB00	3	30	530	20
1jssA00	3	30	530	20
8es5A01	3	30	530	20
2il5A00	3	30	530	20
3oh8A01	3	30	530	20
1em2A00	3	30	530	20
2e3nA00	3	30	530	20
2d4rA00	3	30	530	20
2ffsA00	3	30	530	20
3pu2B00	3	30	530	20
3ni8A00	3	30	530	20
1vjhA00	3	30	530	20
2qpvA00	3	30	530	20
3fo5B00	3	30	530	20
1t27A00	3	30	530	20
2lf2A00	3	30	530	20
1zxfA00	3	30	530	20
1xn6A00	3	30	530	20
2lioA00	3	30	530	20
5iz3A01	3	30	540	10
1spiA01	3	30	540	10
4n81A01	3	30	540	10
1ni9A01	3	30	540	10
1ka1A01	3	30	540	10
6b64A01	3	30	540	10
2q74A01	3	30	540	10
2rkvA01	3	30	559	10
2zbaB02	3	30	559	10
4jn3A01	3	30	559	10
1ciaA00	3	30	559	10
4ke4A01	3	30	559	10
2xhgA01	3	30	559	10
2e1vA01	3	30	559	10
3fotA01	3	30	559	10
1ndbA01	3	30	559	10
2bghA02	3	30	559	10
1q9jB01	3	30	559	10
1dpbA00	3	30	559	10
4zxwB01	3	30	559	10
7emyA02	3	30	559	10
2jgpA03	3	30	559	30
3fotA02	3	30	559	30
2xhgA02	3	30	559	30
7r9xA02	3	30	559	30
4znmA01	3	30	559	30
6aefA01	3	30	559	30
5t3eB02	3	30	559	30
1l5aA03	3	30	559	30
5ja2A01	3	30	559	30
4hvmD02	3	30	559	30
1ndbA02	3	30	559	70
1aj6A00	3	30	565	10
1i5dA00	3	30	565	10
1bgqA00	3	30	565	10
1h7sA01	3	30	565	10
5iujB02	3	30	565	10
3tz0A02	3	30	565	10
3jz3B01	3	30	565	10
6qrjA01	3	30	565	10
4r3aA02	3	30	565	10
6m36O01	3	30	565	10
2q2eB01	3	30	565	10
1bo7A00	3	30	572	10
3egyX00	3	30	572	10
1b5eA00	3	30	572	10
6pf8C02	3	30	572	10
1crkA02	3	30	590	10
1f52A01	3	30	590	10
4is4D02	3	30	590	10
2gwcA00	3	30	590	20
1va6B02	3	30	590	20
1r8gA00	3	30	590	20
5vawA01	3	30	700	10
5jw8A00	3	30	700	10
1t92A01	3	30	700	10
4xa2A01	3	30	700	10
1a68A00	3	30	710	10
6er1A00	3	30	710	10
3fkcA00	3	30	710	10
4b9kE00	3	30	710	10
4u2mA02	3	30	710	10
4uyiA00	3	30	710	10
5ftaA00	3	30	710	10
4u2nA01	3	30	710	10
1nexA00	3	30	710	10
1vx7d00	3	30	720	90
4gywA04	3	30	720	150
3dvhA00	3	30	740	10
1h4yA00	3	30	750	24
4dgfA00	3	30	750	24
6jhkA00	3	30	750	24
3lklA00	3	30	750	24
3ny7A00	3	30	750	24
3ih8A02	3	30	750	24
3t6oA00	3	30	750	24
4xs5B00	3	30	750	24
7d06C01	3	30	750	24
1j7xA01	3	30	750	44
4l8kA01	3	30	750	44
1ap8A00	3	30	760	10
1ztpA01	3	30	760	10
6ospA01	3	30	800	10
1bo1A02	3	30	810	10
3go9A02	3	30	830	10
3cx5B01	3	30	830	10
3cx5A02	3	30	830	10
3amjB01	3	30	830	10
4l3tA02	3	30	830	10
4l3tA03	3	30	830	10
3p7lA03	3	30	830	10
3p7lA04	3	30	830	10
3cx5A01	3	30	830	10
3d3yA01	3	30	830	10
1bccB02	3	30	830	10
3cwwA01	3	30	830	10
1q2lA04	3	30	830	10
4xeaA02	3	30	830	10
1q2lA02	3	30	830	10
7y8vF01	3	30	830	10
2fgeA01	3	30	830	10
4l3tA04	3	30	830	10
6ofsA03	3	30	830	10
6ofsA02	3	30	830	10
3ivlA00	3	30	830	10
8b6jb01	3	30	830	10
7v4yA02	3	30	830	10
6ofsA04	3	30	830	10
3cx5B02	3	30	830	10
5eufA02	3	30	830	10
4iofB01	3	30	830	10
6zxfP01	3	30	860	10
1f0iA01	3	30	870	10
1jy1A01	3	30	870	10
4gemA00	3	30	870	10
1jy1A02	3	30	870	10
5lzkA00	3	30	870	10
3hsiA02	3	30	870	10
3sq8A01	3	30	870	10
1q32C02	3	30	870	10
4rctA01	3	30	870	10
2ze9A01	3	30	870	10
3hsiA01	3	30	870	10
2o8rB03	3	30	870	10
2o8rB04	3	30	870	10
7clgA01	3	30	870	10
5bpdA02	3	30	870	10
4lg7A00	3	30	890	10
1ub1A00	3	30	890	10
3abdB00	3	30	900	10
6tljZ00	3	30	900	10
4trkA00	3	30	900	10
4yk8B00	3	30	900	10
6v93E01	3	30	900	10
1ew4A00	3	30	920	10
1yfsA01	3	30	930	10
1evlA01	3	30	930	10
1hc7A01	3	30	930	10
1w66A01	3	30	930	10
2g4cA01	3	30	930	10
5zg8A02	3	30	930	10
1wleA02	3	30	930	10
3a5yA00	3	30	930	10
4h2xA00	3	30	930	10
2i4lA01	3	30	930	10
2p5iA00	3	30	930	10
2e5aA01	3	30	930	10
4ah6A02	3	30	930	10
3lc0A01	3	30	930	10
1usyC00	3	30	930	10
12asA00	3	30	930	10
7u0rA01	3	30	930	10
1httA01	3	30	930	10
2cjaA02	3	30	930	10
7k98B04	3	30	930	10
3bfmA01	3	30	930	10
1yb3A00	3	30	930	10
8crjA01	3	30	930	10
2du3A02	3	30	930	10
2eayB01	3	30	930	10
4up8A02	3	30	930	10
2pmeA01	3	30	930	10
7lu4B01	3	30	930	10
2ddzE00	3	30	930	10
3pcoB05	3	30	930	10
7by6B04	3	30	930	10
2iy5A00	3	30	930	10
3nd1A02	3	30	950	10
3nutB02	3	30	950	10
1ve2B02	3	30	950	10
1cbfA02	3	30	950	10
3i4tA02	3	30	950	10
3fq6A00	3	30	950	10
2qbuA02	3	30	950	10
2bb3A02	3	30	950	10
3rfnA01	3	30	980	10
1tkeA02	3	30	980	10
2e1bA02	3	30	980	10
7qh7701	3	30	980	10
1e7uA04	3	30	1010	10
1cjaA01	3	30	1010	10
6krkA02	3	30	1020	10
5ykjA02	3	30	1020	10
3bkrA00	3	30	1050	10
3cnuA00	3	30	1050	10
3sxnA03	3	30	1050	10
2cx7A00	3	30	1050	10
2cfuA03	3	30	1050	10
2hv2C02	3	30	1050	10
1ff3A00	3	30	1060	10
3otxA02	3	30	1110	10
2qzuA02	3	30	1120	10
3ed4A02	3	30	1120	10
1e33P02	3	30	1120	10
1fsuA02	3	30	1120	10
5dmsA02	3	30	1120	30
3q1iA01	3	30	1120	30
3uxjA02	3	30	1130	10
3uxjA01	3	30	1130	10
5f3mA00	3	30	1130	10
4uqfA02	3	30	1130	10
1b9lA00	3	30	1130	10
5o5jC02	3	30	1140	32
2xzmC02	3	30	1140	32
4akrA01	3	30	1140	60
2iuoA02	3	30	1160	10
3jamV00	3	30	1230	20
1rkqA02	3	30	1240	10
3daoA02	3	30	1240	10
2hf2B02	3	30	1240	10
3dnpA02	3	30	1240	10
3fzqA02	3	30	1240	10
1nrwA02	3	30	1240	10
1ufvA02	3	30	1300	10
3n8hA02	3	30	1300	10
2gr8A00	3	30	1300	30
3ci0I00	3	30	1300	30
2lmeA00	3	30	1300	30
2g16A00	3	30	1300	40
6m9yA00	3	30	1300	40
6nqbP00	3	30	1320	10
5aj3P00	3	30	1320	10
7du3B01	3	30	1330	10
2rb9A01	3	30	1330	10
5l16A01	3	30	1330	10
1vk3A03	3	30	1330	10
1vk3A02	3	30	1330	10
5avmA01	3	30	1330	10
6s8lB02	3	30	1330	20
2rhjA02	3	30	1330	20
2gviA02	3	30	1330	20
3cb2A02	3	30	1330	20
3o85B00	3	30	1330	30
2ohwA00	3	30	1330	30
2kg4A00	3	30	1330	30
1w40A00	3	30	1330	30
2i6dA01	3	30	1330	30
1dt9A03	3	30	1330	30
1x52A01	3	30	1330	30
4ujfN00	3	30	1330	30
3v7eA00	3	30	1330	30
1vwxG01	3	30	1330	30
1fnjA00	3	30	1330	40
2uyjA00	3	30	1330	40
2ewcB00	3	30	1330	40
2otmA00	3	30	1330	40
1gx1A00	3	30	1330	50
2mqeA00	3	30	1330	60
3td3D00	3	30	1330	60
3s0yA01	3	30	1330	60
2zovA00	3	30	1330	60
2zf8A02	3	30	1330	60
6j92A02	3	30	1330	80
3hwuA00	3	30	1330	80
1xv2C01	3	30	1330	80
4bvqA03	3	30	1330	160
4nq3A01	3	30	1330	170
3ihsA00	3	30	1340	10
5t17A00	3	30	1340	10
1bhpA00	3	30	1350	10
1h5wB03	3	30	1350	20
4aybL00	3	30	1360	10
3h0gK00	3	30	1360	10
5tw1B01	3	30	1360	10
3h0gC01	3	30	1360	10
2ebbA00	3	30	1360	20
4lowA00	3	30	1360	20
4wj4A03	3	30	1360	30
2p8tA02	3	30	1360	30
3v4gA02	3	30	1360	40
5cj9A02	3	30	1360	40
1dd5A02	3	30	1360	40
3oreA01	3	30	1360	40
3lpxB02	3	30	1360	40
3mmlF01	3	30	1360	40
4fm9A04	3	30	1360	40
3va7A05	3	30	1360	40
1vgxA00	3	30	1360	80
1v5vA01	3	30	1360	120
1xzpB00	3	30	1360	120
2gagC01	3	30	1360	120
3ttgA00	3	30	1360	120
2gagA02	3	30	1360	120
6upxA02	3	30	1360	140
4p5aC00	3	30	1360	170
3ah5B00	3	30	1360	170
4fzbC01	3	30	1360	170
6c02A01	3	30	1360	180
4a18M00	3	30	1360	210
1tuaA01	3	30	1370	10
3vkeA00	3	30	1370	10
1tuaA02	3	30	1370	10
3l7zC03	3	30	1370	10
2qndB01	3	30	1370	10
4aimA03	3	30	1370	10
3v69B00	3	30	1370	10
2nn6G03	3	30	1370	10
4jvhA00	3	30	1370	10
1vigA00	3	30	1370	10
5opte01	3	30	1370	30
5mmjh01	3	30	1370	30
2g8yA02	3	30	1370	60
1rfmA02	3	30	1370	60
1z2iA02	3	30	1370	60
6rwk002	3	30	1370	120
4e9jA02	3	30	1370	120
5wq8A01	3	30	1370	120
4e9jB01	3	30	1370	120
3k7gB00	3	30	1380	10
4ox3A00	3	30	1380	10
6akvA01	3	30	1380	10
1lbuA02	3	30	1380	10
1tzpB00	3	30	1380	10
1r44A00	3	30	1380	10
7yh3D01	3	30	1380	20
2bjnB00	3	30	1380	20
3njcA00	3	30	1380	20
2osoA00	3	30	1380	20
6iy8A01	3	30	1380	20
3dnjA00	3	30	1390	10
6ppfZ00	3	30	1390	20
1vq8W01	3	30	1390	20
1jg5A00	3	30	1410	10
5z3gF02	3	30	1430	10
5x8tF00	3	30	1440	10
3d7aA01	3	30	1440	10
2wnyA00	3	30	1440	10
3d4eA01	3	30	1450	10
3c7vB01	3	30	1450	10
1xxmC02	3	30	1450	10
5d0oE01	3	30	1450	10
4g6tA00	3	30	1460	10
1xkpC00	3	30	1460	10
1xkpB00	3	30	1460	10
2bsjA00	3	30	1460	10
4jmfB00	3	30	1460	10
4gf3A00	3	30	1460	10
1ry9A00	3	30	1460	10
1jyoA00	3	30	1460	10
3tu3A00	3	30	1460	10
2plgA01	3	30	1460	10
5z38D00	3	30	1460	10
1s28A00	3	30	1460	10
3cxjA00	3	30	1460	10
1k8kD01	3	30	1460	20
6uhcD01	3	30	1460	20
1k8kF00	3	30	1460	20
4xk8d00	3	30	1470	10
5mmjh02	3	30	1490	10
1i6uB02	3	30	1490	10
2c00A03	3	30	1490	20
3vpbA02	3	30	1490	20
3tqtA03	3	30	1490	20
3ethA03	3	30	1490	20
3k5iA02	3	30	1490	20
3glkA03	3	30	1490	20
4xylB02	3	30	1490	20
1gsaA03	3	30	1490	20
2pvpA03	3	30	1490	20
2r7kA03	3	30	1490	20
6hxiC02	3	30	1490	20
1auvA01	3	30	1490	20
2nu8B02	3	30	1490	20
3wnzA02	3	30	1490	20
3pihA03	3	30	1490	20
4i50F03	3	30	1490	20
2pbzA03	3	30	1490	20
1dikA01	3	30	1490	20
1xdnA01	3	30	1490	70
1b04A02	3	30	1490	70
1fviA01	3	30	1490	70
5d1oB02	3	30	1490	70
1a0iA01	3	30	1490	70
1vs0A01	3	30	1490	70
6d0zA04	3	30	1490	100
1jx4A04	3	30	1490	100
6jumA03	3	30	1490	100
1y14D01	3	30	1490	120
7z31G01	3	30	1490	120
2rf4C01	3	30	1490	120
3h0gA03	3	30	1490	180
1mzbA02	3	30	1490	190
3eyyA02	3	30	1490	190
1zhsA01	3	30	1490	230
4jerA00	3	30	1500	10
3do6A02	3	30	1510	10
2czoA00	3	30	1520	10
2ar5A00	3	30	1520	10
1ocuA00	3	30	1520	10
5wy2A00	3	30	1520	10
4akvB01	3	30	1520	10
1kmdA00	3	30	1520	10
2yimA02	3	30	1540	10
3ubmA02	3	30	1540	10
1xa3A02	3	30	1540	10
3cjsC00	3	30	1550	10
7vb2A01	3	30	1550	10
4bn4A02	3	30	1600	10
2vl6A01	3	30	1640	10
6u0m601	3	30	1640	10
6u0m401	3	30	1640	10
6u0m201	3	30	1640	10
6yttA03	3	30	1650	10
6r1eA00	3	30	1660	10
4b2jA00	3	30	1660	10
3al9A02	3	30	1680	10
1olzA02	3	30	1680	10
3fcsD01	3	30	1680	10
4k3jB02	3	30	1680	10
4gz8B02	3	30	1680	10
3al8B02	3	30	1680	10
3p3gA02	3	30	1700	10
1uw0A01	3	30	1740	10
6g5ha00	3	30	1740	20
1wxcB01	3	30	1880	10
3b8oA01	3	30	1890	10
3b8pC00	3	30	1890	10
7xfdA01	3	30	1950	10
4qhpA02	3	30	2010	30
3b7sA02	3	30	2010	30
5b66O02	3	30	2050	10
2wvxA02	3	30	2080	10
3w9iA04	3	30	2090	10
8ffkA03	3	30	2090	10
5i2cA01	3	30	2130	10
2f06A00	3	30	2130	10
3aawA02	3	30	2130	10
2vfbA01	3	30	2140	10
5hpsA01	3	30	2160	10
6lohB01	3	30	2160	10
2w35A00	3	30	2170	10
2qh9A00	3	30	2170	10
4ls4A00	3	30	2310	20
4q2uL00	3	30	2310	20
3kiuy00	3	30	2310	20
3bpqD00	3	30	2310	20
3kxeA00	3	30	2310	20
8tk7A01	3	30	2320	10
1ohgA02	3	30	2320	10
2dm9A00	3	30	2320	30
6wm4H01	3	30	2320	30
2i82B00	3	30	2350	10
1r3eA01	3	30	2350	10
3dh3A02	3	30	2350	10
4lcdA03	3	30	2410	10
2hbaA00	3	40	5	10
1vw4G00	3	40	5	10
3reeA01	3	40	5	90
3tboA00	3	40	5	90
1d4xG00	3	40	20	10
1t3yA00	3	40	20	10
2llfA00	3	40	20	10
5ynrA00	3	40	20	10
2vacA00	3	40	20	10
2w0iA00	3	40	20	10
1hqz800	3	40	20	10
7whfC01	3	40	20	10
1m2oA05	3	40	20	10
1pd0A05	3	40	20	10
1ak6A00	3	40	20	10
7whgG02	3	40	20	10
4ip6A00	3	40	30	10
3c8eA01	3	40	30	10
3fk8A00	3	40	30	10
1s3dA00	3	40	30	10
1o81B00	3	40	30	10
3ik7A01	3	40	30	10
1z6mA01	3	40	30	10
3uemA03	3	40	30	10
6ghoA00	3	40	30	10
3c1rA00	3	40	30	10
5abrA00	3	40	30	10
4i6xA00	3	40	30	10
3us3A01	3	40	30	10
2b5eA03	3	40	30	10
7q68A01	3	40	30	10
2c0fB01	3	40	30	10
3ph9A00	3	40	30	10
3razA00	3	40	30	10
3ga4A00	3	40	30	10
4txoH00	3	40	30	10
1r7hA00	3	40	30	10
1v9wA00	3	40	30	10
1xvwA00	3	40	30	10
1prxA01	3	40	30	10
1u6tA00	3	40	30	10
3h1nB01	3	40	30	10
1t3bA02	3	40	30	10
2hlsA01	3	40	30	10
1wmjA01	3	40	30	10
4jzqA01	3	40	30	10
3mwhA00	3	40	30	10
3me8B00	3	40	30	10
4pqiA01	3	40	30	10
4lmvA01	3	40	30	10
4dejD01	3	40	30	10
3hczA00	3	40	30	10
3lwaA01	3	40	30	10
4exjB01	3	40	30	10
3m1gA01	3	40	30	10
5g1kA02	3	40	30	10
4bvxA01	3	40	30	10
3ed3B02	3	40	30	10
2wulA01	3	40	30	10
3ec3A01	3	40	30	10
5kn3A02	3	40	30	10
1z6nA00	3	40	30	10
3uemA02	3	40	30	10
6hf1A02	3	40	30	10
3vwxA01	3	40	30	10
2yv7A01	3	40	30	10
3ha9A00	3	40	30	10
4oceA00	3	40	30	10
5aykA03	3	40	30	10
4ksoB00	3	40	30	10
4n30A00	3	40	30	10
5xftA01	3	40	30	10
5gu6A02	3	40	30	10
2wb9A01	3	40	30	10
3dmlA00	3	40	30	10
3kebB00	3	40	30	10
1xiyA00	3	40	30	10
1gp1A00	3	40	30	10
2g2qB01	3	40	30	10
5aykA04	3	40	30	10
3feuA00	3	40	30	10
2qgvA00	3	40	30	10
5c00D00	3	40	30	10
4cdoC00	3	40	30	10
2cvbA00	3	40	30	10
5fhiA01	3	40	30	10
3iraA00	3	40	30	10
2imfA00	3	40	30	10
6tg9C01	3	40	30	10
3sbcD00	3	40	30	10
7dkaA01	3	40	30	10
7miqA01	3	40	30	10
4tr3A00	3	40	30	10
4wkwB00	3	40	30	10
3qd9C01	3	40	30	10
7ar7E02	3	40	30	10
5xf9A01	3	40	30	10
1ttzA00	3	40	30	10
4jr6B00	3	40	30	10
5hfiA00	3	40	30	10
7nvmP01	3	40	30	10
3r3eB01	3	40	30	10
3gl5A01	3	40	30	10
3gn3A00	3	40	30	10
1un2A00	3	40	30	10
3dexH00	3	40	30	10
4v1ap00	3	40	30	10
6gc1A01	3	40	30	10
6g2jS00	3	40	30	10
7jveE01	3	40	30	10
1wpiA00	3	40	30	10
2ec4A00	3	40	30	10
1vw4400	3	40	30	10
7febA01	3	40	30	60
3mydA01	3	40	30	60
6u0pD03	3	40	30	120
1u53A00	3	40	33	10
5vhgA00	3	40	33	10
4g2uA00	3	40	33	10
3u3lC00	3	40	33	10
3s6vB00	3	40	33	10
4d53A00	3	40	33	10
4h0aA00	3	40	33	10
1u0vB01	3	40	47	10
1wl4A01	3	40	47	10
5dwzC01	3	40	47	10
3fk5A01	3	40	47	10
3euoA01	3	40	47	10
3tsyA03	3	40	47	10
1ub7A01	3	40	47	10
1afwA02	3	40	47	10
1h4fA02	3	40	47	10
4c72A01	3	40	47	10
5kp7A01	3	40	47	10
6kxdA01	3	40	47	10
1u0mA01	3	40	47	10
3ledA02	3	40	47	10
3gwaA02	3	40	47	10
3s3lA01	3	40	47	10
5kp7A02	3	40	47	10
3wxyA02	3	40	47	10
7vyuA02	3	40	47	10
5by7A02	3	40	47	10
3fk5A02	3	40	47	10
7n7zA01	3	40	47	10
4efiA00	3	40	47	10
3vs8H00	3	40	47	10
2wuaA00	3	40	47	10
5ab4A00	3	40	47	10
2vkzA02	3	40	47	10
4egvB01	3	40	47	10
3zbgA00	3	40	47	10
2f9aA01	3	40	47	10
4kc5B01	3	40	47	10
2uv8A05	3	40	47	10
5nrhA01	3	40	50	20
3mjfA01	3	40	50	20
1pk8B02	3	40	50	20
3vpdA01	3	40	50	20
3k5iD01	3	40	50	20
2i87B01	3	40	50	20
2vqdA01	3	40	50	20
2pbzA01	3	40	50	20
5zctA01	3	40	50	20
5k2mA01	3	40	50	20
1gsaA01	3	40	50	20
2npoA01	3	40	50	20
1bxrA05	3	40	50	20
3nxkA02	3	40	50	40
2ocdA02	3	40	50	40
1cneA02	3	40	50	80
1b2rA02	3	40	50	80
2bgiA02	3	40	50	80
3a1fA00	3	40	50	80
4eh1B02	3	40	50	80
4cgyA01	3	40	50	140
1gkuB05	3	40	50	140
3bwyA00	3	40	50	150
2pxxA00	3	40	50	150
5lhmA00	3	40	50	150
2bzgA00	3	40	50	150
4e2wA02	3	40	50	150
3dxyA00	3	40	50	150
3hp7A02	3	40	50	150
3g5lB00	3	40	50	150
1o9hA01	3	40	50	150
3ou2A00	3	40	50	150
4necC01	3	40	50	150
3lcvB02	3	40	50	150
3m70A02	3	40	50	150
4mtlA00	3	40	50	150
4dmgA03	3	40	50	150
3mq2A00	3	40	50	150
1im8B00	3	40	50	150
3pfgA01	3	40	50	150
2uz4A01	3	40	50	150
8k5lA01	3	40	50	150
2wk1A00	3	40	50	150
1xdzA00	3	40	50	150
2p7iA00	3	40	50	150
3lbyA00	3	40	50	150
4pioB01	3	40	50	150
4df3A02	3	40	50	150
1xtpA01	3	40	50	150
3ofkA00	3	40	50	150
5xncA02	3	40	50	150
1zx0A00	3	40	50	150
1r6aA00	3	40	50	150
2qyoA02	3	40	50	150
2cmgA02	3	40	50	150
3gdhA00	3	40	50	150
6du5A01	3	40	50	150
5jgjA01	3	40	50	150
3tqsA01	3	40	50	150
1uirA02	3	40	50	150
5ezqA02	3	40	50	150
3dmgA01	3	40	50	150
3giwA00	3	40	50	150
1uwvA02	3	40	50	150
3a27A00	3	40	50	150
2p8jA00	3	40	50	150
4krgA01	3	40	50	150
2plwA00	3	40	50	150
4fzvA02	3	40	50	150
3ll7A02	3	40	50	150
3g7uA01	3	40	50	150
6g80B01	3	40	50	150
3dr5A00	3	40	50	150
3t0iA00	3	40	50	150
2r6zB02	3	40	50	150
5unaD00	3	40	50	150
3lpmA01	3	40	50	150
5dm1A00	3	40	50	150
1ne2B00	3	40	50	150
3kr9A01	3	40	50	150
4uw0A01	3	40	50	150
5fcdA00	3	40	50	150
3h2bB00	3	40	50	150
3c6kB03	3	40	50	150
3mczA02	3	40	50	150
3ps9A01	3	40	50	150
2igtA01	3	40	50	150
4aukA03	3	40	50	150
3g5tA00	3	40	50	150
3gjyA00	3	40	50	150
4pneA00	3	40	50	150
6qe0A00	3	40	50	150
3r0qG01	3	40	50	150
4qtuB00	3	40	50	150
2zigA00	3	40	50	150
3fpfA00	3	40	50	150
4pwyA00	3	40	50	150
3m6uB02	3	40	50	150
2fpoC00	3	40	50	150
3ggdA00	3	40	50	150
3tmaA02	3	40	50	150
6yu8A01	3	40	50	150
2f8lA02	3	40	50	150
3ihtA00	3	40	50	150
1hnnA00	3	40	50	150
2pv0A02	3	40	50	150
1u2zA02	3	40	50	150
2uyoA00	3	40	50	150
3ocjA00	3	40	50	150
5e9jA00	3	40	50	150
3bkxA00	3	40	50	150
2o57A02	3	40	50	150
3q87B00	3	40	50	150
4f85A00	3	40	50	150
4c4aA03	3	40	50	150
1kpgD00	3	40	50	150
2zfuA02	3	40	50	150
4dcmA02	3	40	50	150
2yxdA00	3	40	50	150
4dcmA01	3	40	50	150
4gomE01	3	40	50	150
5ynmA00	3	40	50	150
4kigA02	3	40	50	150
3egeA00	3	40	50	150
5cm2Z00	3	40	50	150
1vbfA00	3	40	50	150
1jqdA00	3	40	50	150
3bzbB00	3	40	50	150
2pjdA01	3	40	50	150
4a6dA02	3	40	50	150
1eamA00	3	40	50	150
3gu3A01	3	40	50	150
2bm8B02	3	40	50	150
1i4wA01	3	40	50	150
5c1iA00	3	40	50	150
3htxD03	3	40	50	150
3b5iB01	3	40	50	150
7f4oA01	3	40	50	150
2vz9A05	3	40	50	150
2dulA01	3	40	50	150
1p91B00	3	40	50	150
4dkjA01	3	40	50	150
5ybbA02	3	40	50	150
1rjgA00	3	40	50	150
3ua3A02	3	40	50	150
2vdwG00	3	40	50	150
2jhpA02	3	40	50	150
7vkkB01	3	40	50	150
4xruC01	3	40	50	150
1ej6A04	3	40	50	150
1booA00	3	40	50	150
7cpxA02	3	40	50	150
4ft4A02	3	40	50	150
2k4mA00	3	40	50	150
2garA00	3	40	50	170
6nbpA01	3	40	50	170
3o1lA02	3	40	50	170
1fmtB01	3	40	50	170
1zghA01	3	40	50	170
7o20A01	3	40	50	200
4mzdA00	3	40	50	200
2iy9A00	3	40	50	200
4h6xA00	3	40	50	200
3edyA02	3	40	50	200
1scuA02	3	40	50	261
4xymA02	3	40	50	261
6melB03	3	40	50	261
3dmyA03	3	40	50	261
5teqA02	3	40	50	261
3dmyA02	3	40	50	261
4hh3C02	3	40	50	280
7kdyB01	3	40	50	280
1k7yA01	3	40	50	280
5c8dH03	3	40	50	280
4q37A00	3	40	50	280
4xc7B01	3	40	50	280
1byiA00	3	40	50	300
6yalB01	3	40	50	300
6r3pA00	3	40	50	300
6c6bB00	3	40	50	300
1ak2A00	3	40	50	300
1e9fA00	3	40	50	300
3r8cB00	3	40	50	300
5szjA00	3	40	50	300
4idhA01	3	40	50	300
3lxwA00	3	40	50	300
2qg6A00	3	40	50	300
1puiA00	3	40	50	300
8dv0A01	3	40	50	300
3vu9A00	3	40	50	300
1tpzA02	3	40	50	300
5o8wA01	3	40	50	300
6crmA01	3	40	50	300
7syxx02	3	40	50	300
2qm8A02	3	40	50	300
2iyvA00	3	40	50	300
1bifA01	3	40	50	300
2ocpA00	3	40	50	300
2xauA02	3	40	50	300
1sgwA00	3	40	50	300
4dzzA00	3	40	50	300
7ljdA01	3	40	50	300
2is4B03	3	40	50	300
5l3qB02	3	40	50	300
2wsmA00	3	40	50	300
3lluA00	3	40	50	300
5bykA00	3	40	50	300
4c2uA01	3	40	50	300
4r2hA00	3	40	50	300
1nrjB00	3	40	50	300
2bjvA01	3	40	50	300
2f6rA00	3	40	50	300
6yb3A01	3	40	50	300
3vu9B00	3	40	50	300
2d7dA04	3	40	50	300
8amzH01	3	40	50	300
3u7eB02	3	40	50	300
2bmjA00	3	40	50	300
2vhtA01	3	40	50	300
8alzB05	3	40	50	300
4ciuA01	3	40	50	300
3ch4B00	3	40	50	300
4ernA00	3	40	50	300
6q2dC01	3	40	50	300
1nksA00	3	40	50	300
3io3A01	3	40	50	300
1nijA01	3	40	50	300
3wndA01	3	40	50	300
6d4gA00	3	40	50	300
3bs4A00	3	40	50	300
4ciuA03	3	40	50	300
4basA00	3	40	50	300
3cnlA01	3	40	50	300
2qenA01	3	40	50	300
5lj5Q02	3	40	50	300
5kutA00	3	40	50	300
3ibyB01	3	40	50	300
3ktaA00	3	40	50	300
4a8jB00	3	40	50	300
7a8rA02	3	40	50	300
1ng9B05	3	40	50	300
2vf7B01	3	40	50	300
1tueD00	3	40	50	300
7nhrA01	3	40	50	300
3e1sA02	3	40	50	300
4hutA00	3	40	50	300
4a15A04	3	40	50	300
2r2aA00	3	40	50	300
1vyvB02	3	40	50	300
4ohxA02	3	40	50	300
1dg3A02	3	40	50	300
6notA01	3	40	50	300
6nzjA00	3	40	50	300
3a4lB01	3	40	50	300
1y63A00	3	40	50	300
6riqC00	3	40	50	300
5m04A02	3	40	50	300
6nopA01	3	40	50	300
4ljyA02	3	40	50	300
2obnA02	3	40	50	300
6ojxA02	3	40	50	300
3uk6F01	3	40	50	300
2bmfA02	3	40	50	300
2xgjB02	3	40	50	300
4eecA01	3	40	50	300
1rz3A00	3	40	50	300
4wiaC00	3	40	50	300
2qa5A00	3	40	50	300
5ee1A01	3	40	50	300
1rflA00	3	40	50	300
2xtzB01	3	40	50	300
4zpxA01	3	40	50	300
2r8rA00	3	40	50	300
1t5lA01	3	40	50	300
4p0tB00	3	40	50	300
3vqtA01	3	40	50	300
8dqwE01	3	40	50	300
4ciuA02	3	40	50	300
3czpA02	3	40	50	300
2clsA00	3	40	50	300
2o0jA02	3	40	50	300
3bb1B00	3	40	50	300
8ouzD01	3	40	50	300
1yr7A01	3	40	50	300
3ec1A01	3	40	50	300
3sc3A01	3	40	50	300
2xitA00	3	40	50	300
6p8vA01	3	40	50	300
1s2mA02	3	40	50	300
3crvA01	3	40	50	300
3dkpA00	3	40	50	300
4on9B01	3	40	50	300
3kjhA00	3	40	50	300
5wriB00	3	40	50	300
4a15A01	3	40	50	300
4b3fX03	3	40	50	300
2qgzA01	3	40	50	300
1f2uB00	3	40	50	300
2gzaB02	3	40	50	300
1nlfA00	3	40	50	300
6fwrA01	3	40	50	300
1c9kB00	3	40	50	300
5yvuB01	3	40	50	300
5ywwA02	3	40	50	300
3i5xA02	3	40	50	300
1w5sA02	3	40	50	300
1nktA03	3	40	50	300
3igfA01	3	40	50	300
7cyqE02	3	40	50	300
1q57D02	3	40	50	300
2fshA01	3	40	50	300
4b6eA03	3	40	50	300
7t85A01	3	40	50	300
3oiyA02	3	40	50	300
2r44A02	3	40	50	300
6j19A00	3	40	50	300
4ag6A01	3	40	50	300
3fdiB00	3	40	50	300
3exaA01	3	40	50	300
7r7jB02	3	40	50	300
5j47A03	3	40	50	300
3a8tA01	3	40	50	300
1a5tA01	3	40	50	300
4a8jF00	3	40	50	300
3l2oB02	3	40	50	300
4xqkB01	3	40	50	300
7v3xU01	3	40	50	300
4bgdA08	3	40	50	300
3hwsC01	3	40	50	300
1gvnD00	3	40	50	300
3lw7A00	3	40	50	300
3u4qB03	3	40	50	300
4cidA02	3	40	50	300
1kkmB00	3	40	50	300
4zcfC02	3	40	50	300
7alvA01	3	40	50	300
2vyfB02	3	40	50	300
1qhxA00	3	40	50	300
7tjhE01	3	40	50	300
2ozeA00	3	40	50	300
4a8jA00	3	40	50	300
6g2gA01	3	40	50	300
2a5yC01	3	40	50	300
2gesA00	3	40	50	300
6jimB01	3	40	50	300
1w4rA01	3	40	50	300
1texA00	3	40	50	300
1np6B01	3	40	50	300
7zb5E02	3	40	50	300
3shwA03	3	40	50	300
1mabA02	3	40	50	300
7clgB03	3	40	50	300
3te6A01	3	40	50	300
3zh9B01	3	40	50	300
3f8tA03	3	40	50	300
2zu6F01	3	40	50	300
3sylA01	3	40	50	300
1efhA00	3	40	50	300
3sjbA00	3	40	50	300
5nkkF01	3	40	50	300
8dfvA01	3	40	50	300
8dgfB01	3	40	50	300
2r6fA05	3	40	50	300
4ihqC03	3	40	50	300
3lncA01	3	40	50	300
1e2jA00	3	40	50	300
4ceiB01	3	40	50	300
2wjyA02	3	40	50	300
5tshA02	3	40	50	300
4zcfC01	3	40	50	300
1gm5A04	3	40	50	300
8g0zC01	3	40	50	300
1vcnA01	3	40	50	300
6bogA05	3	40	50	300
2akaB00	3	40	50	300
1sxjA01	3	40	50	300
1j70A03	3	40	50	300
6jytB01	3	40	50	300
6h2jB02	3	40	50	300
5a4jB01	3	40	50	300
1odfA00	3	40	50	300
3io5A00	3	40	50	300
4bloG01	3	40	50	300
1nstA00	3	40	50	300
1dekA01	3	40	50	300
4a0gD01	3	40	50	300
2ze6A01	3	40	50	300
7nadx02	3	40	50	300
7jgsD01	3	40	50	300
1z3iX02	3	40	50	300
4aurA01	3	40	50	300
1ofuX00	3	40	50	300
4ncjA01	3	40	50	300
1a7jA00	3	40	50	300
1xxhA01	3	40	50	300
3vkhB07	3	40	50	300
2ga8A00	3	40	50	300
7xc2A01	3	40	50	300
7l9pE01	3	40	50	300
3co5A00	3	40	50	300
4cehA04	3	40	50	300
1w36D03	3	40	50	300
4blqA00	3	40	50	300
1w36B01	3	40	50	300
2iusA02	3	40	50	300
2ht1A02	3	40	50	300
2zejB02	3	40	50	300
4akgA05	3	40	50	300
8alzB02	3	40	50	300
4d2iA02	3	40	50	300
2eyqA04	3	40	50	300
1e9rD01	3	40	50	300
3upuA01	3	40	50	300
7ufi101	3	40	50	300
3f5fA02	3	40	50	300
3jb9X01	3	40	50	300
5owvD01	3	40	50	300
6qj2A00	3	40	50	300
6bs3B01	3	40	50	300
4xc6B01	3	40	50	300
3ephA01	3	40	50	300
8fefH01	3	40	50	300
2ykgA02	3	40	50	300
1fmjA00	3	40	50	300
1w36F03	3	40	50	300
7r8bB01	3	40	50	300
6qs7C01	3	40	50	300
5kszA03	3	40	50	300
5o5qB01	3	40	50	300
3vkhB09	3	40	50	300
5jxtD00	3	40	50	300
8ebtA01	3	40	50	300
7wixA01	3	40	50	300
2zq5A00	3	40	50	300
1w36B03	3	40	50	300
4abyD00	3	40	50	300
2pjrA03	3	40	50	300
3vkhA12	3	40	50	300
3bk7A01	3	40	50	300
5da9B01	3	40	50	300
4ad8A01	3	40	50	300
4akgA09	3	40	50	300
3vkgA07	3	40	50	300
6nuiA01	3	40	50	300
1dx9A00	3	40	50	360
4h6pA00	3	40	50	360
3kegA00	3	40	50	360
3lcmB00	3	40	50	360
1d4aA00	3	40	50	360
4ltnA00	3	40	50	360
3klbA00	3	40	50	360
2fzvD00	3	40	50	360
8g64A01	3	40	50	360
1t0iA00	3	40	50	360
1sqsA00	3	40	50	360
5v8sA02	3	40	50	360
1ydgA00	3	40	50	360
3fniA00	3	40	50	360
3ha2A00	3	40	50	360
5b3kA00	3	40	50	360
1flnA00	3	40	50	360
4n82B00	3	40	50	360
1tllA01	3	40	50	360
3d7nA00	3	40	50	360
4igiA00	3	40	50	410
1jeyB01	3	40	50	410
1aoxA00	3	40	50	410
2x5nA01	3	40	50	410
3ragB00	3	40	50	410
4f1jA00	3	40	50	410
1rrkA01	3	40	50	410
1yvrA01	3	40	50	410
3fcsB03	3	40	50	410
5nusA00	3	40	50	410
4fx5A02	3	40	50	410
1m2vB04	3	40	50	410
1jeyA01	3	40	50	410
4wfqA00	3	40	50	410
2nutA03	3	40	50	410
7b7pA01	3	40	50	410
4rckA00	3	40	50	410
2ww8A03	3	40	50	410
5y58B01	3	40	50	410
7cunF01	3	40	50	410
3imkA00	3	40	50	450
5wq3B01	3	40	50	450
5vtoA00	3	40	50	450
2iz6A00	3	40	50	450
5mllA00	3	40	50	450
2khzA00	3	40	50	450
1ydhA00	3	40	50	450
3hnoA01	3	40	50	450
1f8yA00	3	40	50	450
3o8oA01	3	40	50	450
4mcjG00	3	40	50	450
3opyB04	3	40	50	450
3majA01	3	40	50	450
3gh1A02	3	40	50	450
3k2qA02	3	40	50	460
4wl0A04	3	40	50	460
2f48A02	3	40	50	460
3mtqB00	3	40	50	510
3gdwB00	3	40	50	510
2dlcX01	3	40	50	620
4l2iA01	3	40	50	620
3n8hA01	3	40	50	620
1kamA00	3	40	50	620
3u1vA01	3	40	50	620
1vl2A01	3	40	50	620
1gpmA02	3	40	50	620
4djaA01	3	40	50	620
2x1lA01	3	40	50	620
1mrzA01	3	40	50	620
1o6bA00	3	40	50	620
3q4gB00	3	40	50	620
3gmiA02	3	40	50	620
1jilA01	3	40	50	620
2a1tR01	3	40	50	620
2qjfA02	3	40	50	620
3umvA01	3	40	50	620
1m8fA00	3	40	50	620
3fg9C01	3	40	50	620
3ca8A02	3	40	50	620
4a91A01	3	40	50	620
3elbA02	3	40	50	620
2c5sA02	3	40	50	620
3k32B00	3	40	50	620
2qjoA01	3	40	50	620
3fetA00	3	40	50	620
2ielA00	3	40	50	620
2pg3A00	3	40	50	620
4r2lA00	3	40	50	620
2wsiA00	3	40	50	620
5jldA02	3	40	50	620
2oq2D00	3	40	50	620
3cr8C02	3	40	50	620
1efpB00	3	40	50	620
1irxA01	3	40	50	620
1ni5A01	3	40	50	620
1qrsA05	3	40	50	620
2gm3A00	3	40	50	620
3glvA00	3	40	50	620
3loqA01	3	40	50	620
4h3sA01	3	40	50	620
2d13A01	3	40	50	620
3c8zA01	3	40	50	620
1ct9B02	3	40	50	620
3focA01	3	40	50	620
4g6zA01	3	40	50	620
1pg2A01	3	40	50	620
5ztbA00	3	40	50	620
3ilvA02	3	40	50	620
3fnrA02	3	40	50	620
2e0iA01	3	40	50	620
3hzrA01	3	40	50	620
3p0hB02	3	40	50	620
2jaxA01	3	40	50	620
5usfB01	3	40	50	620
3a2kA01	3	40	50	620
1iq0A01	3	40	50	620
1gaxA01	3	40	50	620
1wkbA01	3	40	50	620
3raeC00	3	40	50	670
1bgwA02	3	40	50	670
2zjtA01	3	40	50	670
1frfS01	3	40	50	700
4omfG01	3	40	50	700
1c1dA02	3	40	50	720
1lqtA01	3	40	50	720
4gmgA01	3	40	50	720
3r6dA00	3	40	50	720
2gsdA02	3	40	50	720
1mv8A01	3	40	50	720
1mv8A03	3	40	50	720
4xcvA02	3	40	50	720
3dqpA00	3	40	50	720
2gsdA01	3	40	50	720
2cdcA02	3	40	50	720
6f3pA02	3	40	50	720
4miyA01	3	40	50	720
5jnmA01	3	40	50	720
2zygB01	3	40	50	720
6uutB01	3	40	50	720
4yt5A01	3	40	50	720
3ugkA02	3	40	50	720
4r16A02	3	40	50	720
3c1oA01	3	40	50	720
2ggsA01	3	40	50	720
1e7rA01	3	40	50	720
1pqwA00	3	40	50	720
1i2cA01	3	40	50	720
3fr7A01	3	40	50	720
5idqB00	3	40	50	720
1jayA00	3	40	50	720
3gqvA02	3	40	50	720
3wgtA01	3	40	50	720
2qrlA01	3	40	50	720
1x13B01	3	40	50	720
2exxA01	3	40	50	720
6havA01	3	40	50	720
1sowB01	3	40	50	720
3h2sA00	3	40	50	720
3l6eA00	3	40	50	720
5gudA03	3	40	50	720
5ukwA01	3	40	50	720
1n9gA02	3	40	50	720
3iupA02	3	40	50	720
3ukoA02	3	40	50	720
3rj5B00	3	40	50	720
2eezA01	3	40	50	720
2bi7A01	3	40	50	720
6q94H01	3	40	50	720
2x6tA01	3	40	50	720
1wpqA01	3	40	50	720
3c24A01	3	40	50	720
4tvoA01	3	40	50	720
5gz3A01	3	40	50	720
1j0xO01	3	40	50	720
2ozpA01	3	40	50	720
7rbpA01	3	40	50	720
3uceA00	3	40	50	720
1gcuA01	3	40	50	720
2nvwB01	3	40	50	720
2gerA01	3	40	50	720
3hdjA02	3	40	50	720
1kolA02	3	40	50	720
3c7aA01	3	40	50	720
1o89A02	3	40	50	720
5a9tA01	3	40	50	720
2q1sA01	3	40	50	720
1fjhA00	3	40	50	720
2bkaA00	3	40	50	720
1hdrA00	3	40	50	720
1npyA02	3	40	50	720
1l7eA01	3	40	50	720
2yyyA01	3	40	50	720
6bacA01	3	40	50	720
6r46A01	3	40	50	720
1nvmB01	3	40	50	720
5cefA01	3	40	50	720
5nc8A00	3	40	50	720
2vn8A02	3	40	50	720
4v1tB02	3	40	50	720
1jw9B00	3	40	50	720
3dtyA01	3	40	50	720
2qytA01	3	40	50	720
4ezbA01	3	40	50	720
1dihA01	3	40	50	720
3pefA01	3	40	50	720
1zmoA00	3	40	50	720
4ycaB01	3	40	50	720
4d79A00	3	40	50	720
5l4lA00	3	40	50	720
3k30A02	3	40	50	720
1xu9C00	3	40	50	720
3mtjA01	3	40	50	720
1b0aA01	3	40	50	720
1y9aA02	3	40	50	720
1ebfA01	3	40	50	720
2vt3B02	3	40	50	720
6vlxA01	3	40	50	720
3qa9A00	3	40	50	720
1yovB01	3	40	50	720
3k6jA01	3	40	50	720
3ba1A01	3	40	50	720
4rl6A01	3	40	50	720
3gpiA00	3	40	50	720
1gr0A01	3	40	50	720
2w2kA01	3	40	50	720
1u8xX01	3	40	50	720
1r0kA01	3	40	50	720
3mweB01	3	40	50	720
3oj0A00	3	40	50	720
3sc4A00	3	40	50	720
3m2tB01	3	40	50	720
4uejA02	3	40	50	720
6eqoA02	3	40	50	720
4e5nC01	3	40	50	720
3vhrA01	3	40	50	720
1nhwA00	3	40	50	720
3abiA01	3	40	50	720
6jnkA01	3	40	50	720
2d0iA01	3	40	50	720
5ldgA00	3	40	50	720
3oh8A02	3	40	50	720
1lj8A01	3	40	50	720
2amfA01	3	40	50	720
7tbvA03	3	40	50	720
7arcP01	3	40	50	720
1kyqB01	3	40	50	720
4rv9A04	3	40	50	720
3dmyA01	3	40	50	720
1dljA02	3	40	50	720
3d4oB01	3	40	50	720
4yraK00	3	40	50	720
2ph5A01	3	40	50	720
6jzzA01	3	40	50	720
1id1A00	3	40	50	720
6abiA01	3	40	50	720
2ydyA00	3	40	50	720
6s5eA01	3	40	50	720
3nklB00	3	40	50	720
3qvsA01	3	40	50	720
5a3vA02	3	40	50	720
3pp8A01	3	40	50	720
1isiA02	3	40	50	720
3dfuA01	3	40	50	720
1yrlB01	3	40	50	720
3lk7A01	3	40	50	720
2obnD01	3	40	50	720
3ff4A00	3	40	50	720
4m55E00	3	40	50	720
3on5B02	3	40	50	720
5dt9A01	3	40	50	720
3evtA01	3	40	50	720
3dfzB01	3	40	50	720
2f00A01	3	40	50	720
7xrjA01	3	40	50	720
1gq2A02	3	40	50	720
3gvxB01	3	40	50	720
2et6A02	3	40	50	720
4tqgA00	3	40	50	720
4qqrB00	3	40	50	720
4hy3C01	3	40	50	720
3ruiA00	3	40	50	720
1hwyA03	3	40	50	720
5yw4A00	3	40	50	720
8hi4B02	3	40	50	720
2v6fA00	3	40	50	720
1y8qC00	3	40	50	720
3wfjH01	3	40	50	720
2x4gA00	3	40	50	720
2vz8A06	3	40	50	720
2g6tA01	3	40	50	720
3s8mA00	3	40	50	720
6h0nB00	3	40	50	720
1p1jB01	3	40	50	720
4u5qB00	3	40	50	720
4f6cB00	3	40	50	720
2fr1A00	3	40	50	720
4j1qA00	3	40	50	720
2uv8A04	3	40	50	720
3ml1A02	3	40	50	740
1kqfA02	3	40	50	740
5nqdA02	3	40	50	740
1ti2A02	3	40	50	740
4lq4A02	3	40	50	790
4k0mC02	3	40	50	790
4wweA02	3	40	50	790
4wwtA02	3	40	50	790
7x09B02	3	40	50	800
3uh0A02	3	40	50	800
1httA02	3	40	50	800
1atiB02	3	40	50	800
5xo1A00	3	40	50	850
1j2rA00	3	40	50	850
3r2jB00	3	40	50	850
6kuaH00	3	40	50	850
4wgfA00	3	40	50	850
1yzvA00	3	40	50	850
1nbaB00	3	40	50	850
3ot1A00	3	40	50	880
3ewnA00	3	40	50	880
1fy2A00	3	40	50	880
6y2kA02	3	40	50	880
1wl8A00	3	40	50	880
7d53B01	3	40	50	880
6jowA02	3	40	50	880
2abwA00	3	40	50	880
4uozA02	3	40	50	880
3l3bA00	3	40	50	880
4pxyA00	3	40	50	880
1qvwA00	3	40	50	880
1a9xB02	3	40	50	880
2iufA03	3	40	50	880
7bobA02	3	40	50	880
3p9pA03	3	40	50	880
3r75A02	3	40	50	880
1t0bA00	3	40	50	880
3efeC00	3	40	50	880
2wjzD00	3	40	50	880
2vrnA00	3	40	50	880
3en0C00	3	40	50	880
3rhtA00	3	40	50	880
1s1mA02	3	40	50	880
3graA00	3	40	50	880
6gs2C01	3	40	50	880
4i4nA00	3	40	50	880
2h2wA00	3	40	50	880
2zuvA03	3	40	50	880
8a3pA01	3	40	50	880
4e5vB00	3	40	50	880
3l7nA00	3	40	50	880
1t3tA04	3	40	50	880
5vrbA03	3	40	50	920
2ozlB02	3	40	50	920
5b48A02	3	40	50	920
3ahcA03	3	40	50	920
5im5A00	3	40	50	960
1c41A00	3	40	50	960
1r9jA02	3	40	50	970
5ej8A03	3	40	50	970
5dgdA03	3	40	50	970
1pi3A01	3	40	50	970
1pvdA03	3	40	50	970
2pgnA01	3	40	50	970
3ahcA02	3	40	50	970
1ik6A01	3	40	50	970
2qtcA02	3	40	50	970
2ji7A03	3	40	50	970
5esoC02	3	40	50	970
5ahkA01	3	40	50	970
5tmaA01	3	40	50	970
5exeA01	3	40	50	970
1ay0A01	3	40	50	970
2o1xC01	3	40	50	970
5erxA01	3	40	50	970
5b46A01	3	40	50	970
2o1sA02	3	40	50	970
2jgdB02	3	40	50	970
1ni4A00	3	40	50	970
3ahcA01	3	40	50	970
2c42A06	3	40	50	970
1l8aA01	3	40	50	970
2d1sA02	3	40	50	980
2d1sA03	3	40	50	980
1amuA01	3	40	50	980
2qvxX02	3	40	50	980
2vsqA03	3	40	50	980
3r4cA01	3	40	50	1000
3smvA01	3	40	50	1000
6g2nA01	3	40	50	1000
4bndA01	3	40	50	1000
3kc2A01	3	40	50	1000
4jb3A01	3	40	50	1000
3slrA02	3	40	50	1000
3kd3A01	3	40	50	1000
3mmzC00	3	40	50	1000
3opxA01	3	40	50	1000
1ynsA01	3	40	50	1000
2qltA01	3	40	50	1000
2gmwA00	3	40	50	1000
2pkeA01	3	40	50	1000
2no5A01	3	40	50	1000
1u02A01	3	40	50	1000
3l0yA00	3	40	50	1000
5ncqA03	3	40	50	1000
2hegA00	3	40	50	1000
3u7eB01	3	40	50	1000
3n28A01	3	40	50	1000
4bkmA02	3	40	50	1000
3ib6C00	3	40	50	1000
3iruA01	3	40	50	1000
5uj0A00	3	40	50	1000
1wviC02	3	40	50	1000
4nv0A01	3	40	50	1000
1cqzA01	3	40	50	1000
2hx1A02	3	40	50	1000
1xpjA00	3	40	50	1000
2obbA00	3	40	50	1000
2x4dA02	3	40	50	1000
3gygC01	3	40	50	1000
3et4A00	3	40	50	1000
3shqA02	3	40	50	1000
4ohfA01	3	40	50	1000
4as2A01	3	40	50	1000
7op3A01	3	40	50	1000
4ofzA02	3	40	50	1000
6psyA01	3	40	50	1000
7bsqA01	3	40	50	1000
4ezeB00	3	40	50	1000
2qipA00	3	40	50	1010
2hwwB00	3	40	50	1010
1y82A00	3	40	50	1010
1w8iA00	3	40	50	1010
2bsqA00	3	40	50	1010
1xo1A02	3	40	50	1010
5ecwA00	3	40	50	1010
4mj7B00	3	40	50	1010
4chgA00	3	40	50	1010
3ix7A00	3	40	50	1010
3h8sA01	3	40	50	1010
1v8oH00	3	40	50	1010
3q8mA01	3	40	50	1010
4xgqA00	3	40	50	1010
7og5F01	3	40	50	1010
2hwyA00	3	40	50	1010
2wp8J01	3	40	50	1010
2lcqA01	3	40	50	1010
6k1fA01	3	40	50	1070
1x1qA01	3	40	50	1100
3dwiA01	3	40	50	1100
1kl7A03	3	40	50	1100
6hulB02	3	40	50	1100
1jbqA02	3	40	50	1100
4lmbA01	3	40	50	1100
5c3uA01	3	40	50	1100
3ss7X02	3	40	50	1100
3v7nA02	3	40	50	1100
6amiA02	3	40	50	1100
4d9nA02	3	40	50	1100
1tzkC01	3	40	50	1100
2gn0A02	3	40	50	1100
5ygrB01	3	40	50	1100
3iauA01	3	40	50	1100
3r0xA01	3	40	50	1100
1e5xA01	3	40	50	1100
3c1uA00	3	40	50	1110
3dt8A00	3	40	50	1110
6se1A01	3	40	50	1110
7tjbA01	3	40	50	1110
4tx1A00	3	40	50	1110
2vptA00	3	40	50	1110
3slrA01	3	40	50	1110
6hfzA01	3	40	50	1110
3milB00	3	40	50	1110
5cd9A00	3	40	50	1110
4i8iA00	3	40	50	1110
4lhsA02	3	40	50	1110
4k7jA01	3	40	50	1110
4nrdA00	3	40	50	1110
2w9xA02	3	40	50	1110
3bzwF00	3	40	50	1110
4h08A00	3	40	50	1110
4rw0A00	3	40	50	1110
7ztnA01	3	40	50	1110
1zmbA01	3	40	50	1110
1escA00	3	40	50	1110
3kvnA01	3	40	50	1110
1agxA01	3	40	50	1170
5dncA01	3	40	50	1170
6qsiA02	3	40	50	1220
1pvdA02	3	40	50	1220
2bruC00	3	40	50	1220
1zpdA02	3	40	50	1220
5ol0B01	3	40	50	1220
3cf4G01	3	40	50	1220
4i5iA01	3	40	50	1220
5ej8A02	3	40	50	1220
1t9bA02	3	40	50	1220
3pkiA01	3	40	50	1220
2x7jA02	3	40	50	1220
7koeB02	3	40	50	1220
4gpzA00	3	40	50	1240
3d4iB01	3	40	50	1240
2yn0A00	3	40	50	1240
3e9eB00	3	40	50	1240
3f3kA00	3	40	50	1240
3r7aB00	3	40	50	1240
1dklB01	3	40	50	1240
1fbtA00	3	40	50	1240
2gfiA02	3	40	50	1240
2qniA01	3	40	50	1240
3f2iF00	3	40	50	1240
4arsA02	3	40	50	1240
3fjyA02	3	40	50	1240
3eozB01	3	40	50	1240
2rflH00	3	40	50	1240
1qwoA01	3	40	50	1240
7zghA01	3	40	50	1240
1nd6A00	3	40	50	1240
2wniB00	3	40	50	1240
1vjdA01	3	40	50	1260
1fw8A02	3	40	50	1260
1fw8A01	3	40	50	1260
3nwpA00	3	40	50	1360
2okgA00	3	40	50	1360
3nzeA00	3	40	50	1360
7l6lC01	3	40	50	1360
1fs5A00	3	40	50	1360
1lk5A01	3	40	50	1360
3e15A00	3	40	50	1360
1d09A02	3	40	50	1370
2i6uA01	3	40	50	1370
2fg6C02	3	40	50	1370
4a8pF01	3	40	50	1370
1dxhA01	3	40	50	1370
1js1Y01	3	40	50	1370
2yfkA01	3	40	50	1370
1vmdA00	3	40	50	1380
1c30A08	3	40	50	1380
5douA02	3	40	50	1380
5uz0D01	3	40	50	1380
2r0qC01	3	40	50	1390
4bqqA01	3	40	50	1390
5cy1B01	3	40	50	1390
3goqA01	3	40	50	1400
2pnjA02	3	40	50	1400
2xvyA01	3	40	50	1400
2xwsA00	3	40	50	1400
2xwpA02	3	40	50	1400
4kmmA01	3	40	50	1400
2jh3A02	3	40	50	1400
4ccsA02	3	40	50	1400
2btoA01	3	40	50	1440
4e6eA01	3	40	50	1440
3r4vA01	3	40	50	1440
4xcqA01	3	40	50	1440
3zidB00	3	40	50	1440
2xkbL00	3	40	50	1440
7trgA01	3	40	50	1440
1f1jA00	3	40	50	1460
3h11A00	3	40	50	1460
3uoaB01	3	40	50	1460
4iefB02	3	40	50	1460
6kn1A01	3	40	50	1460
4aw9A00	3	40	50	1460
3bijB00	3	40	50	1460
2lgjA00	3	40	50	1470
1a7aA01	3	40	50	1480
4bmxB00	3	40	50	1580
5tc6A00	3	40	50	1580
2p4sA00	3	40	50	1580
2b94A01	3	40	50	1580
4qasA00	3	40	50	1580
5cyfC00	3	40	50	1580
3bjeA01	3	40	50	1580
1t8sA02	3	40	50	1580
4pr3A00	3	40	50	1580
3bmxA02	3	40	50	1700
3wltA02	3	40	50	1700
5k6lA01	3	40	50	1700
5fjiA02	3	40	50	1700
3icvA00	3	40	50	1820
1ex9A00	3	40	50	1820
1hdeA00	3	40	50	1820
2x5xA00	3	40	50	1820
2qubA01	3	40	50	1820
4nvrA00	3	40	50	1820
1jfrA00	3	40	50	1820
1l7aA00	3	40	50	1820
5xmdB00	3	40	50	1820
3wlaA00	3	40	50	1820
2o7rA00	3	40	50	1820
2psdA00	3	40	50	1820
3iujA01	3	40	50	1820
4q34A00	3	40	50	1820
1r88A00	3	40	50	1820
5z7xA00	3	40	50	1820
8b28A01	3	40	50	1820
1gklA00	3	40	50	1820
1pv1A00	3	40	50	1820
1ji3A00	3	40	50	1820
4h18A00	3	40	50	1820
3uueA00	3	40	50	1820
1ethA01	3	40	50	1820
5d6oA00	3	40	50	1820
3tejA00	3	40	50	1820
6ru2A00	3	40	50	1820
5lp1A00	3	40	50	1820
3fakA00	3	40	50	1820
3g7nB00	3	40	50	1820
2pujA00	3	40	50	1820
1lnsA02	3	40	50	1820
6unvA00	3	40	50	1820
2y6vA01	3	40	50	1820
5a62A00	3	40	50	1820
2rauA00	3	40	50	1820
1qozA00	3	40	50	1820
4y7dA00	3	40	50	1820
4c89C00	3	40	50	1820
1r3dA00	3	40	50	1820
3r0vA00	3	40	50	1820
4ccyA00	3	40	50	1820
1agyA00	3	40	50	1820
2xmqA00	3	40	50	1820
2veoA01	3	40	50	1820
3dqzA00	3	40	50	1820
4qa9A00	3	40	50	1820
3d0kB00	3	40	50	1820
3wzlA00	3	40	50	1820
2gzsA00	3	40	50	1820
1azwA00	3	40	50	1820
1mo2A00	3	40	50	1820
3jyhA01	3	40	50	1820
3gffA00	3	40	50	1820
4pf1A01	3	40	50	1820
2oryA00	3	40	50	1820
4rgyA00	3	40	50	1820
3vvlA01	3	40	50	1820
3ilsA00	3	40	50	1820
3h2gA01	3	40	50	1820
3ajaB00	3	40	50	1820
3d3nB00	3	40	50	1820
1thtA00	3	40	50	1820
3iiiA01	3	40	50	1820
3h04A00	3	40	50	1820
3g8yA00	3	40	50	1820
4qloA00	3	40	50	1820
1jjfA00	3	40	50	1820
6nkgA00	3	40	50	1820
2qr5A02	3	40	50	1820
1ufoA00	3	40	50	1820
4ao8A00	3	40	50	1820
2yijB00	3	40	50	1820
2dcmA02	3	40	50	1820
7v8wA01	3	40	50	1820
3c8dB02	3	40	50	1820
4zi5A00	3	40	50	1820
2q0xA01	3	40	50	1820
1ycdB00	3	40	50	1820
4zwnB00	3	40	50	1820
3fsgA00	3	40	50	1820
3hlkB02	3	40	50	1820
4i4cB00	3	40	50	1820
2pblA01	3	40	50	1820
2fukA00	3	40	50	1820
4az3A00	3	40	50	1820
3qzuA00	3	40	50	1820
3u0vA00	3	40	50	1820
6yuqA01	3	40	50	1820
4q82A00	3	40	50	1820
1cpyA01	3	40	50	1820
2jbwA02	3	40	50	1820
2qjwA00	3	40	50	1820
1xktA01	3	40	50	1820
3b5eB00	3	40	50	1820
3fleA00	3	40	50	1820
4zv9A00	3	40	50	1820
3wa7A00	3	40	50	1820
6hswA01	3	40	50	1820
1k8qA00	3	40	50	1820
6mvdA01	3	40	50	1820
3bdvA00	3	40	50	1820
8axcA01	3	40	50	1820
3og9A00	3	40	50	1820
7v3kA01	3	40	50	1820
2qs9A00	3	40	50	1820
2wj6A01	3	40	50	1820
3p2mA00	3	40	50	1820
2cb9A01	3	40	50	1820
1pjaA00	3	40	50	1820
4w9rB01	3	40	50	1820
1imjA00	3	40	50	1820
4fleA00	3	40	50	1820
7obmA02	3	40	50	1820
5a2gA00	3	40	50	1820
3ksrA02	3	40	50	1820
1f8uA00	3	40	50	1820
4xjvA00	3	40	50	1820
1ac5A00	3	40	50	1820
8jj7A01	3	40	50	1820
3ojcA01	3	40	50	1860
1zuwA02	3	40	50	1860
5elmA02	3	40	50	1860
2eq5B01	3	40	50	1860
2jfnA01	3	40	50	1860
5ijwA01	3	40	50	1860
2eq5A02	3	40	50	1860
4zavA00	3	40	50	1950
3wisA00	3	40	50	1950
1qzuA00	3	40	50	1950
3lqkA00	3	40	50	1950
1g63B00	3	40	50	1950
1u11B00	3	40	50	1970
4mcaA01	3	40	50	1970
4qgsA01	3	40	50	1970
6c5cA01	3	40	50	1970
5tprA01	3	40	50	1970
3u7qA02	3	40	50	1980
3u7qA03	3	40	50	1980
2x4lA01	3	40	50	1980
5gizA02	3	40	50	1980
5kohB04	3	40	50	1980
8ebgA01	3	40	50	1980
1qguB02	3	40	50	1980
4pm4A01	3	40	50	1980
5m29A01	3	40	50	1980
4hn9A01	3	40	50	1980
5vlcA01	3	40	50	1980
4fi3F02	3	40	50	1980
3aekA02	3	40	50	1980
2chuB01	3	40	50	1980
4b8yA02	3	40	50	1980
3ujpA02	3	40	50	1980
2prsA02	3	40	50	1980
4h59A02	3	40	50	1980
3eixA02	3	40	50	1980
5kohC01	3	40	50	1980
2ynmC03	3	40	50	1980
5cr9A02	3	40	50	1980
2xdqA01	3	40	50	1980
3r5tA02	3	40	50	1980
3pdiD01	3	40	50	1980
2xdqB01	3	40	50	1980
2o1eB01	3	40	50	1980
2ynmD02	3	40	50	1980
2q8pA02	3	40	50	1980
3be6A02	3	40	50	1980
3pdiB02	3	40	50	1980
1efdN02	3	40	50	1980
6mflA02	3	40	50	1980
4ljsA01	3	40	50	1980
1efdN01	3	40	50	1980
2ynmD03	3	40	50	1980
3aekB04	3	40	50	1980
4wesC01	3	40	50	1980
4fkmA01	3	40	50	1980
4gicA02	3	40	50	1980
1rrvA01	3	40	50	2000
4relA01	3	40	50	2000
3t7dA01	3	40	50	2000
1uqtA01	3	40	50	2000
7c2xA01	3	40	50	2000
6lf6A01	3	40	50	2000
8sfuB01	3	40	50	2000
4m60A01	3	40	50	2000
1a8iA02	3	40	50	2000
6gngA01	3	40	50	2000
3beoA01	3	40	50	2000
2vchA02	3	40	50	2000
1uqtA02	3	40	50	2000
1pn3A02	3	40	50	2000
2yjnA01	3	40	50	2000
1xv5A02	3	40	50	2000
3nb0D01	3	40	50	2000
5dxfB01	3	40	50	2000
2pq6A01	3	40	50	2000
3t5tA02	3	40	50	2000
1xv5A01	3	40	50	2000
3nchC02	3	40	50	2000
4nesA02	3	40	50	2000
3oy2A02	3	40	50	2000
2bisA01	3	40	50	2000
3tsaA02	3	40	50	2000
4hlnA02	3	40	50	2000
3qhpA00	3	40	50	2000
2x6rB01	3	40	50	2000
5d01A01	3	40	50	2000
5npsA03	3	40	50	2000
4x7rA01	3	40	50	2000
3okpA01	3	40	50	2000
2iyaA02	3	40	50	2000
4nc9B01	3	40	50	2000
2xciA02	3	40	50	2000
6ldqA01	3	40	50	2000
3s2uA02	3	40	50	2000
1f0kA01	3	40	50	2000
3q3eA03	3	40	50	2000
3qkwB01	3	40	50	2000
5e9tA01	3	40	50	2000
3s28A03	3	40	50	2000
6dfeB02	3	40	50	2000
2iuyA02	3	40	50	2000
3rhzA02	3	40	50	2000
4rbnA04	3	40	50	2000
6ejkA01	3	40	50	2000
3hbmA02	3	40	50	2000
6ejiA02	3	40	50	2000
2x0dA02	3	40	50	2000
1pswA01	3	40	50	2000
1ahpA01	3	40	50	2000
3tovA02	3	40	50	2000
2jzcA00	3	40	50	2000
5znqA00	3	40	50	2020
2igbB00	3	40	50	2020
1nulA00	3	40	50	2020
1vchD00	3	40	50	2020
1dkuA02	3	40	50	2020
1d6nA00	3	40	50	2020
5vn4B00	3	40	50	2020
4ohcC00	3	40	50	2020
1bd3A00	3	40	50	2020
5t3oA02	3	40	50	2020
4fymF00	3	40	50	2020
6elqA02	3	40	50	2030
1e2uA04	3	40	50	2030
3i01A03	3	40	50	2030
1gnlA03	3	40	50	2030
1oaoC02	3	40	50	2030
3cf4A02	3	40	50	2030
4jc8A01	3	40	50	2060
6xm1C01	3	40	50	2060
4z0nA01	3	40	50	2300
4nqrA02	3	40	50	2300
6hniA01	3	40	50	2300
3lftB02	3	40	50	2300
4ru1A02	3	40	50	2300
2fn9A01	3	40	50	2300
5jnvA00	3	40	50	2300
4iilA01	3	40	50	2300
2id9A00	3	40	50	2300
3t95A01	3	40	50	2300
3ckmA02	3	40	50	2300
5hqjA02	3	40	50	2300
3om0A02	3	40	50	2300
4f06A02	3	40	50	2300
2qvcA01	3	40	50	2300
4kzkA01	3	40	50	2300
3lopA02	3	40	50	2300
3hv2A00	3	40	50	2300
2wrzA02	3	40	50	2300
4iilA02	3	40	50	2300
3ksmA02	3	40	50	2300
1r8jB01	3	40	50	2300
5kc8A02	3	40	50	2300
3h5lA02	3	40	50	2300
5vm9A03	3	40	50	2300
2yhaA01	3	40	50	2300
4pyrA01	3	40	50	2300
4q6bA02	3	40	50	2300
2fqxA01	3	40	50	2300
2w42B01	3	40	50	2300
4rzsC01	3	40	50	2300
2r47A01	3	40	50	2300
5jx2A02	3	40	50	2300
3e61A02	3	40	50	2300
5wq0B00	3	40	50	2300
1jx6A01	3	40	50	2300
3omxA01	3	40	50	2300
5ereA01	3	40	50	2300
3jy6D02	3	40	50	2300
3mizA01	3	40	50	2300
4yhsA01	3	40	50	2300
3gv0A01	3	40	50	2300
3brsA02	3	40	50	2300
4y9tA02	3	40	50	2300
3gv0A02	3	40	50	2300
3lmkA02	3	40	50	2300
3o74A02	3	40	50	2300
4maaA02	3	40	50	2300
3sg0A01	3	40	50	2300
3h75A01	3	40	50	2300
3ksmA01	3	40	50	2300
4ywhB02	3	40	50	2300
1usgA01	3	40	50	2300
3brqB01	3	40	50	2300
3qekA02	3	40	50	2300
4pe5B02	3	40	50	2300
1dbqA01	3	40	50	2300
2qu7A02	3	40	50	2300
5dleA00	3	40	50	2300
2zayA00	3	40	50	2300
2hqoA00	3	40	50	2300
4ms4A02	3	40	50	2300
6y9uB01	3	40	50	2300
3q41A01	3	40	50	2300
3k9cB01	3	40	50	2300
5xx1A01	3	40	50	2300
4rkrB01	3	40	50	2300
4xxhA01	3	40	50	2300
5z3mB00	3	40	50	2300
5awhA01	3	40	50	2300
1qo0D01	3	40	50	2300
3om0A01	3	40	50	2300
4wxmB00	3	40	50	2300
1h9cA00	3	40	50	2300
3bilA02	3	40	50	2300
4p1zA00	3	40	50	2300
3lkbA02	3	40	50	2300
1u04A03	3	40	50	2300
3h5tA02	3	40	50	2300
3luaA00	3	40	50	2300
4m88A01	3	40	50	2300
4pe5D01	3	40	50	2300
1peaA01	3	40	50	2300
5kcnA01	3	40	50	2300
2h0aA02	3	40	50	2300
1yvuA03	3	40	50	2300
4qicA02	3	40	50	2300
2pjuC01	3	40	50	2300
1dp4C02	3	40	50	2300
4ml3D00	3	40	50	2300
3eafA01	3	40	50	2300
3kloD00	3	40	50	2300
1jdpB02	3	40	50	2300
3h5lA01	3	40	50	2300
4o1hA00	3	40	50	2300
3sqnB04	3	40	50	2300
5kc9B01	3	40	50	2300
3c97A01	3	40	50	2300
3kg2B01	3	40	50	2300
1ewkA01	3	40	50	2300
2wb4B01	3	40	50	2300
2l19A00	3	40	50	2300
2j48A00	3	40	50	2300
1tvmA01	3	40	50	2300
6hsaA00	3	40	50	9100
1wcwA01	3	40	50	10090
1jr2A01	3	40	50	10090
1jr2A02	3	40	50	10090
4es6A01	3	40	50	10090
4c6sA00	3	40	50	10140
2j67A00	3	40	50	10140
5tecB00	3	40	50	10140
5forA00	3	40	50	10140
3ub3A00	3	40	50	10140
8spoE01	3	40	50	10140
4lzpA00	3	40	50	10140
2m1xA00	3	40	50	10140
1nbwB00	3	40	50	10150
3nyiB01	3	40	50	10170
3k05B02	3	40	50	10190
3pd7A00	3	40	50	10190
3l41A01	3	40	50	10190
3pa6A00	3	40	50	10190
7p0jA01	3	40	50	10190
1l0bA02	3	40	50	10190
6j0yA01	3	40	50	10190
7p0jA02	3	40	50	10190
7qroA01	3	40	50	10190
2nteA02	3	40	50	10190
3al2A02	3	40	50	10190
3hufB02	3	40	50	10190
5u6kE01	3	40	50	10190
1imoA00	3	40	50	10190
6hm5A02	3	40	50	10190
4bmdA02	3	40	50	10190
3oq0J00	3	40	50	10190
3t7iA02	3	40	50	10190
6hm5A01	3	40	50	10190
3t7iA01	3	40	50	10190
1gzhB01	3	40	50	10190
2vxbA02	3	40	50	10190
7e8iK02	3	40	50	10190
1gzhD02	3	40	50	10190
2l42A00	3	40	50	10190
2jw5A00	3	40	50	10190
2ep8A01	3	40	50	10190
2ebuA01	3	40	50	10190
4gnsA03	3	40	50	10190
1j33A02	3	40	50	10210
3l0zC00	3	40	50	10210
1ig0A01	3	40	50	10240
2omkA00	3	40	50	10240
3ihkA00	3	40	50	10240
2o8nA00	3	40	50	10260
3d3kA00	3	40	50	10260
5intB00	3	40	50	10300
1p9oA00	3	40	50	10300
3a6hB00	3	40	50	10310
3no4A00	3	40	50	10310
2xadA00	3	40	50	10320
1q74B00	3	40	50	10320
5bmoC00	3	40	50	10320
5cgzA00	3	40	50	10320
1uanA00	3	40	50	10320
1z0sA01	3	40	50	10330
4haoA01	3	40	50	10330
3vzbB01	3	40	50	10330
1u0tA01	3	40	50	10330
1yt5A01	3	40	50	10330
7r4lA01	3	40	50	10330
3afoB01	3	40	50	10330
1gq2A01	3	40	50	10380
2haeA01	3	40	50	10380
4lryA01	3	40	50	10440
3jr7A01	3	40	50	10440
2a0uA02	3	40	50	10470
6i3mE02	3	40	50	10470
1vimA00	3	40	50	10490
4u6nA00	3	40	50	10490
3odpA01	3	40	50	10490
3ifsA02	3	40	50	10490
2pocB01	3	40	50	10490
2cb0A01	3	40	50	10490
4ivnA02	3	40	50	10490
3shoB00	3	40	50	10490
3c3jA02	3	40	50	10490
7o0aD01	3	40	50	10490
6az1B01	3	40	50	10490
2zj3A02	3	40	50	10490
3jx9A00	3	40	50	10490
8glrA02	3	40	50	10490
1t10A02	3	40	50	10490
3cvjC00	3	40	50	10490
3fj1A02	3	40	50	10490
2q8nA01	3	40	50	10490
6nqbB01	3	40	50	10490
4bb9A02	3	40	50	10490
3ujhB01	3	40	50	10490
2o2cC01	3	40	50	10490
1p5hA01	3	40	50	10540
1x74A01	3	40	50	10540
2qaiB00	3	40	50	10580
2d00A01	3	40	50	10580
5nsqA01	3	40	50	10590
1zrsA01	3	40	50	10740
4e94A01	3	40	50	10740
1rqpA01	3	40	50	10790
5ktnA02	3	40	50	10800
5f33A03	3	40	50	10800
5f33A01	3	40	50	10800
3iqeA01	3	40	50	10830
1bxgB01	3	40	50	10860
4bhtA02	3	40	50	10860
4omuB01	3	40	50	10860
6de8A01	3	40	50	10860
6apeA02	3	40	50	10860
2i7xA02	3	40	50	10890
2xr1B04	3	40	50	10890
3wz2B00	3	40	50	10900
2wamA01	3	40	50	10900
4g4sP00	3	40	50	10900
2ajtA01	3	40	50	10940
1r5jA01	3	40	50	10950
2ex1A02	3	40	50	11110
2c83A01	3	40	50	11120
4z1gA01	3	40	50	11260
8oxuA01	3	40	50	11260
4h4dA02	3	40	50	11270
3zy2A01	3	40	50	11340
4ap5A01	3	40	50	11340
5ux6B02	3	40	50	11350
2hhcA02	3	40	50	11350
4ap5A02	3	40	50	11350
4gywA03	3	40	50	11380
3q3eA02	3	40	50	11380
4o4jF01	3	40	50	11480
6q9cB02	3	40	50	11540
2h85A02	3	40	50	11580
2jgdA04	3	40	50	11610
3v33B00	3	40	50	11980
6bv5A02	3	40	50	11980
4emtA02	3	40	50	12100
6qumE00	3	40	50	12240
6cfwJ00	3	40	50	12280
6sy1B03	3	40	50	12470
5lg5F00	3	40	50	12500
2xecC00	3	40	50	12500
4ix1A00	3	40	50	12500
5ahoA02	3	40	50	12650
7sglD01	3	40	50	12650
3o83A00	3	40	50	12780
4wd1A01	3	40	50	12780
3ivrA00	3	40	50	12780
3t5aA00	3	40	50	12780
2y4oA01	3	40	50	12780
3iplC00	3	40	50	12780
4gs5A01	3	40	50	12780
6ulwA01	3	40	50	12780
7febA03	3	40	50	12790
1sxrA00	3	40	80	10
3latA00	3	40	80	10
2y28B00	3	40	80	10
3hmbB00	3	40	80	10
3ep1A00	3	40	80	10
4olsA00	3	40	80	10
1lbaA00	3	40	80	10
3dvoA00	3	40	91	10
1knvB00	3	40	91	10
1dc1A01	3	40	91	10
1m0dA00	3	40	91	30
2fokA03	3	40	91	30
5cznA00	3	40	91	90
4cgxA00	3	40	91	90
3bemB00	3	40	109	10
3hoiA00	3	40	109	10
2ymvA02	3	40	109	10
1kqbA00	3	40	109	10
3gb5A00	3	40	109	10
5hdjA00	3	40	109	10
3eo7A02	3	40	109	10
5j6cA00	3	40	109	10
5lq4A01	3	40	109	10
7ly5B01	3	40	109	10
4urpA00	3	40	109	10
1vkwA01	3	40	109	10
3k6hA01	3	40	109	10
2ehpA00	3	40	120	10
5bmnA01	3	40	120	10
4il8A03	3	40	120	10
1tuoA03	3	40	120	10
2f7lA02	3	40	120	10
3pmgA02	3	40	120	10
4hjhA03	3	40	120	10
4qg5A03	3	40	120	10
4hjhB01	3	40	120	10
3na5A02	3	40	120	10
2dkaB01	3	40	120	10
4hjhA02	3	40	120	10
7pizC01	3	40	120	10
6gyzA03	3	40	120	10
1tiyA00	3	40	140	10
3rzuE00	3	40	140	10
2g84A01	3	40	140	10
2o95B00	3	40	140	10
7dryA01	3	40	140	10
3b8fB00	3	40	140	10
2pw9D03	3	40	140	10
1r5tA00	3	40	140	10
1r5xA00	3	40	140	10
5cw4A01	3	40	140	10
2qlcA00	3	40	140	10
1cttA02	3	40	140	10
2rpzA00	3	40	140	10
8aw3201	3	40	140	10
3zefE06	3	40	140	10
4f7oA00	3	40	140	10
1zczA03	3	40	140	20
3zzmA02	3	40	140	20
5j1dA02	3	40	190	10
4zdmA01	3	40	190	10
6iwfA02	3	40	190	10
1sbpA01	3	40	190	10
1a40A02	3	40	190	10
5um2A02	3	40	190	10
4r6yA02	3	40	190	10
4ombA02	3	40	190	10
2g29A02	3	40	190	10
3lr1A01	3	40	190	10
3cfzA01	3	40	190	10
3cg3A02	3	40	190	10
4i1dC02	3	40	190	10
6mliE01	3	40	190	10
6lkkA01	3	40	190	10
1p99A01	3	40	190	10
1xocA01	3	40	190	10
1y9uA02	3	40	190	10
5a5xB01	3	40	190	10
3ksxA01	3	40	190	10
3o66B01	3	40	190	10
4ne4A01	3	40	190	10
1pdaA01	3	40	190	10
3cvgA01	3	40	190	10
1al3A02	3	40	190	10
2hzlA02	3	40	190	10
1atgA02	3	40	190	10
4jb7A01	3	40	190	10
2o7iA01	3	40	190	10
4kqpA02	3	40	190	10
5yqwA01	3	40	190	10
4edpA01	3	40	190	10
5my5A02	3	40	190	10
3mpkA01	3	40	190	10
3vd8A01	3	40	190	10
3axfA02	3	40	190	10
1ursA02	3	40	190	10
3pu5A02	3	40	190	10
2czlA01	3	40	190	10
3oo8A01	3	40	190	10
3firA02	3	40	190	10
4zdmA02	3	40	190	10
5z6bA01	3	40	190	10
4dddA01	3	40	190	10
1pc3A01	3	40	190	10
1b1xA04	3	40	190	10
6fccA01	3	40	190	10
4fajA01	3	40	190	10
1ursB01	3	40	190	10
8ovoB01	3	40	190	10
4gl8A01	3	40	190	10
4eq9A02	3	40	190	10
4r2bA01	3	40	190	10
3oelA02	3	40	190	10
4h6dC02	3	40	190	10
3rpwA01	3	40	190	10
3m8uA01	3	40	190	10
2qpqA02	3	40	190	10
1twyA01	3	40	190	10
2p0sB01	3	40	190	10
2qryA01	3	40	190	10
3ttnB02	3	40	190	10
2h98A01	3	40	190	10
4htgA02	3	40	190	10
5xpjA02	3	40	190	10
6jf1A02	3	40	190	10
3hn0A01	3	40	190	10
1aivA01	3	40	190	10
5iaiA01	3	40	190	10
2rinA01	3	40	190	10
1uthA01	3	40	190	10
2ozzA01	3	40	190	10
3ho7A02	3	40	190	10
2de2A01	3	40	190	10
2xxpA01	3	40	190	10
2q9tA01	3	40	190	10
3fd3A01	3	40	190	10
4x6gE02	3	40	190	10
3i3vB01	3	40	190	10
2czlA02	3	40	190	10
5aa2B02	3	40	190	10
3kotA01	3	40	190	10
3hn0A02	3	40	190	10
3qslA02	3	40	190	10
3c9hA01	3	40	190	10
6fthA01	3	40	190	10
4ryaA02	3	40	190	10
2qsxB02	3	40	190	10
5mmhA02	3	40	190	10
2grvA01	3	40	190	10
4kd5A01	3	40	190	10
3a09A01	3	40	190	10
4ovjA02	3	40	190	10
1ixcA03	3	40	190	10
4gqoA01	3	40	190	10
3oo7A02	3	40	190	10
4gqoA02	3	40	190	10
4ab5B01	3	40	190	10
2x7qA01	3	40	190	10
2uvgA02	3	40	190	10
3qslA01	3	40	190	10
1z7mE02	3	40	190	10
2d5wA01	3	40	190	10
2w7yA01	3	40	190	10
4eswA01	3	40	190	10
3i6vA02	3	40	190	10
3cvgC01	3	40	190	10
4r6hA02	3	40	190	10
6vh5D01	3	40	190	10
3uorB02	3	40	190	10
3ix1A01	3	40	190	10
3onmA02	3	40	190	10
2ozzA02	3	40	190	10
3luyA02	3	40	190	10
2z8fB02	3	40	190	10
3fzvA03	3	40	190	10
3k4uA02	3	40	190	10
3oxnB02	3	40	190	10
4u2pA01	3	40	190	10
3i3vA02	3	40	190	10
4tllC01	3	40	190	10
2g29A01	3	40	190	10
4q0cA02	3	40	190	10
3uifA01	3	40	190	10
3ombA02	3	40	190	10
4wedA01	3	40	190	10
2wolA01	3	40	190	10
4onyA01	3	40	190	10
5f7vA00	3	40	190	10
3mq9D00	3	40	190	10
4mfiA00	3	40	190	10
5eq7A02	3	40	190	80
3ifcA02	3	40	190	80
1g0hA02	3	40	190	80
2wefA02	3	40	190	80
2qflA02	3	40	190	80
4i3yA02	3	40	190	80
1inpA03	3	40	190	80
5teuA02	3	40	190	120
6efrA01	3	40	190	120
4mncA00	3	40	190	170
4pbhA00	3	40	190	170
4uabB00	3	40	190	170
4di4B00	3	40	190	170
4nx1A00	3	40	190	170
4n4uB00	3	40	190	170
2hzlB01	3	40	190	170
5x0nD00	3	40	190	290
4qbaA00	3	40	190	290
2hxrB00	3	40	190	290
3ispB02	3	40	190	290
2acfB00	3	40	220	10
5e3bA00	3	40	220	10
1gytL01	3	40	220	10
1lamA01	3	40	220	10
4j5rA00	3	40	220	10
5o2dA00	3	40	220	10
4zi6C01	3	40	220	10
3kqxL01	3	40	220	10
5fszA00	3	40	220	10
5d8nA01	3	40	220	10
3ij3A01	3	40	220	10
6ln0A01	3	40	220	10
5zdaA00	3	40	220	10
1njrA00	3	40	220	10
3peiA01	3	40	220	10
1gt7A00	3	40	225	10
1jdiA00	3	40	225	10
2fk5A00	3	40	225	10
3m4rA01	3	40	225	10
2pb9A00	3	40	225	10
1g8kA03	3	40	228	10
2nyaA03	3	40	228	10
2e7zA03	3	40	228	10
1ti2A03	3	40	228	10
2hhgA00	3	40	250	10
3i2vA00	3	40	250	10
5wqjA02	3	40	250	10
2wlrA03	3	40	250	10
5wqjA01	3	40	250	10
2fsxA00	3	40	250	10
2eg4A01	3	40	250	10
2gwfC00	3	40	250	10
4f67A02	3	40	250	10
4wh9A00	3	40	250	10
6jl7A01	3	40	250	10
1wv9A00	3	40	250	10
3tp9A02	3	40	250	10
1hzmA00	3	40	250	10
1fuiA02	3	40	275	10
2ve5C02	3	40	309	10
5nnoA02	3	40	309	10
5jfnA02	3	40	309	10
2y5dB02	3	40	309	10
3v4cA02	3	40	309	10
4ghkB02	3	40	309	10
5ce6A01	3	40	350	10
2iw2A01	3	40	350	10
3ctzA01	3	40	350	10
4pv4A01	3	40	350	10
4zwuA01	3	40	350	10
4s2rP02	3	40	350	10
1kp0A01	3	40	350	10
3pebA00	3	40	350	10
5e2cA00	3	40	350	10
6twjA01	3	40	350	10
4b28A01	3	40	350	10
4qbuA02	3	40	366	10
5czcB01	3	40	366	10
4ammA00	3	40	366	10
7wvzA02	3	40	366	10
6u5uG02	3	40	366	10
5my0A03	3	40	366	10
2vz8A03	3	40	366	10
3tzyA01	3	40	366	10
1bdgA01	3	40	367	20
1hkgA03	3	40	367	20
3vpzA02	3	40	367	20
1eb6A00	3	40	390	10
1l6jA02	3	40	390	10
1r55A00	3	40	390	10
3u1rA02	3	40	390	10
2x7mA01	3	40	390	10
1iabA00	3	40	390	10
3p24C02	3	40	390	10
1c7kA00	3	40	390	10
3lmcA00	3	40	390	10
1pwuA04	3	40	390	10
1xfxA01	3	40	390	10
3p1vA02	3	40	390	10
1i1iP02	3	40	390	10
1bkcE00	3	40	390	10
4l63A00	3	40	390	10
2ckiA00	3	40	390	10
3hbvP01	3	40	390	10
6qigA01	3	40	390	10
3dwbA01	3	40	390	10
4ekfA00	3	40	395	10
2oivA00	3	40	395	10
1th0B00	3	40	395	10
6upsA01	3	40	395	10
1gikA01	3	40	420	10
4p2cA01	3	40	420	10
2b7uA01	3	40	420	10
2k6hA01	3	40	420	10
1u71A00	3	40	430	10
5dxvA00	3	40	430	10
1juvA00	3	40	430	10
3kgyA00	3	40	430	10
1cz3B00	3	40	430	10
2bl9A00	3	40	430	10
5xuxD00	3	40	430	10
4xt6A00	3	40	430	10
1p9bA01	3	40	440	10
1khbA01	3	40	449	10
1ytmA01	3	40	449	10
1qltA03	3	40	462	10
2exrA03	3	40	462	10
3js8A03	3	40	462	10
6foqA03	3	40	462	20
5l6gA02	3	40	462	20
3fw9A03	3	40	462	20
2bvfA03	3	40	462	20
3popA02	3	40	462	20
4wpkA00	3	40	470	10
2d3yA00	3	40	470	10
3uo7A00	3	40	470	10
5h99A00	3	40	470	10
4irbA00	3	40	470	10
3ikbA00	3	40	470	10
6lyeA01	3	40	470	10
2l3fA00	3	40	470	10
3b7nA02	3	40	525	10
1olmC01	3	40	525	10
3w68A03	3	40	525	10
3pegA01	3	40	525	10
4j7qA00	3	40	525	10
7e0wA01	3	40	525	10
2lenA00	3	40	532	10
1ql0A00	3	40	570	10
4b56B03	3	40	570	10
2xgrA00	3	40	570	10
1suzB00	3	40	600	10
1tx3D00	3	40	600	10
1azoA00	3	40	600	10
3v9hD01	3	40	605	10
5mypA01	3	40	605	10
1ez0B01	3	40	605	10
4h7nA01	3	40	605	10
3my7C01	3	40	605	10
1vluA01	3	40	605	10
6jqlA01	3	40	605	10
6eslA01	3	40	630	10
2afsA00	3	40	630	10
1ayeA02	3	40	630	10
3fedA01	3	40	630	10
3ifeA01	3	40	630	10
4h2kA00	3	40	630	10
1gytL02	3	40	630	10
2zogA01	3	40	630	10
3iibA01	3	40	630	10
3fmcC01	3	40	630	10
3l2nA02	3	40	630	10
2pokA01	3	40	630	10
3khxA01	3	40	630	10
1yw4B00	3	40	630	10
2qj8A00	3	40	630	10
4okoA00	3	40	630	10
3iehA00	3	40	630	10
1r3nG01	3	40	630	10
5k8pD01	3	40	630	10
1uwyA01	3	40	630	10
2f7vA01	3	40	630	10
1ysjA01	3	40	630	10
2i3cA01	3	40	630	10
1vhoA01	3	40	630	10
1q7lA00	3	40	630	10
3mruA01	3	40	630	10
4axvA00	3	40	630	10
1y7eA01	3	40	630	10
3k9tA01	3	40	630	10
3ramA01	3	40	630	10
4emeA01	3	40	630	10
2greA01	3	40	630	10
1augA00	3	40	630	20
5vd6A00	3	40	630	30
2pc1A00	3	40	630	30
4zbgA00	3	40	630	30
4jxqA00	3	40	630	30
3r96B00	3	40	630	30
1gheA00	3	40	630	30
2fsrA00	3	40	630	30
6bffA00	3	40	630	30
1xf8A02	3	40	630	30
4h6uA00	3	40	630	30
7b3aA01	3	40	630	30
4k30A00	3	40	630	30
4u5yA00	3	40	630	30
5u08A00	3	40	630	30
1z4rA00	3	40	630	30
3g8wB00	3	40	630	30
1m4iB00	3	40	630	30
7ojuA01	3	40	630	30
2o28A01	3	40	630	30
2ozuA02	3	40	630	30
1l0cA00	3	40	630	30
2k5tA00	3	40	630	30
2hqyA02	3	40	630	30
7pk0A01	3	40	630	30
4e2aA00	3	40	630	30
2jdcA00	3	40	630	30
6sjyC00	3	40	630	30
1sqhA01	3	40	630	30
7ovuA01	3	40	630	30
6vuxA02	3	40	630	30
6wqbA01	3	40	630	30
5ktaA00	3	40	630	30
3qb8A00	3	40	630	30
5ib0A00	3	40	630	30
3pzjB00	3	40	630	30
4xnhC00	3	40	630	30
3shpA00	3	40	630	30
4ua3A00	3	40	630	30
2z10A00	3	40	630	30
3d8pB00	3	40	630	30
3i9sA00	3	40	630	30
2r1iA01	3	40	630	30
1ufhA00	3	40	630	30
2d4pA00	3	40	630	30
1iicA01	3	40	630	30
3ey5A01	3	40	630	30
3e0kA00	3	40	630	30
7k0aA01	3	40	630	30
1lrzA01	3	40	630	30
2vzyC00	3	40	630	30
3sxnA01	3	40	630	30
4ri1C00	3	40	630	30
1xmtA00	3	40	630	30
2arhA01	3	40	630	30
4my0A02	3	40	630	30
6rftA01	3	40	630	30
3zj0A00	3	40	630	30
2zw5A01	3	40	630	30
6mfcA00	3	40	630	30
2hv2A03	3	40	630	30
4pswA02	3	40	630	30
1lrzA02	3	40	630	30
2atrA00	3	40	630	30
1ro5A01	3	40	630	30
4xnhB00	3	40	630	30
1yk3B00	3	40	630	30
3efaA00	3	40	630	30
2ft0A00	3	40	630	30
3dnsA00	3	40	630	30
3ec4B00	3	40	630	30
3iwgA02	3	40	630	30
1u6mA00	3	40	630	30
4fd4A00	3	40	630	30
2zpaA03	3	40	630	30
2g0bH01	3	40	630	30
1y9wA01	3	40	630	30
3w6sC00	3	40	630	30
4iusA00	3	40	630	30
1iicA02	3	40	630	30
5i0cA00	3	40	630	30
3c26A00	3	40	630	30
3fxtA00	3	40	630	30
7chdE01	3	40	630	30
2hv2A01	3	40	630	30
3frmA00	3	40	630	30
1p0hA00	3	40	630	30
2wpwC00	3	40	630	30
3ne8A00	3	40	630	40
4lq6A00	3	40	630	40
3czxA00	3	40	630	40
1xovA01	3	40	630	40
2odfB01	3	40	630	40
2q7sA00	3	40	630	40
2wsaA00	3	40	630	170
1bj4A01	3	40	640	10
1w23A01	3	40	640	10
6hx7A02	3	40	640	10
3pplA02	3	40	640	10
4fl0A02	3	40	640	10
1aamA02	3	40	640	10
2qlrA02	3	40	640	10
1n2tA02	3	40	640	10
2c81A01	3	40	640	10
4j8lA01	3	40	640	10
2v1pA02	3	40	640	10
3caiA02	3	40	640	10
6c92A02	3	40	640	10
2fm1A01	3	40	640	10
3ffrA02	3	40	640	10
1js3A02	3	40	640	10
3bc8A02	3	40	640	10
2hoxA02	3	40	640	10
3e9kA02	3	40	640	10
6cblF01	3	40	640	10
2aeuA02	3	40	640	10
1gtxA02	3	40	640	10
3ke3A02	3	40	640	10
1wyuA02	3	40	640	10
1svvA01	3	40	640	10
3g7qA02	3	40	640	10
1wyuB03	3	40	640	10
3gzdA03	3	40	640	10
3ihjA03	3	40	640	10
3getA01	3	40	640	10
3w1hA02	3	40	640	10
3gwpA02	3	40	640	10
2dgmA02	3	40	640	10
6lgoA01	3	40	640	10
1d2fA02	3	40	640	10
4a0gC03	3	40	640	10
3wkrA02	3	40	640	10
7cijA01	3	40	640	10
4oc9A01	3	40	640	10
4mgrB02	3	40	640	10
7yjmB01	3	40	640	10
3ju7A00	3	40	640	10
1c4kA02	3	40	640	10
2z67A00	3	40	640	10
4je5C00	3	40	640	10
3if2A00	3	40	640	10
1hzoA00	3	40	710	10
3hunA01	3	40	710	10
1m6kA00	3	40	710	10
1wycA02	3	40	710	10
1e3uD00	3	40	710	10
2wuqB00	3	40	710	10
2xgnB02	3	40	710	10
5cerA01	3	40	710	10
6fm7A00	3	40	710	10
3cjmA00	3	40	710	10
1u60A00	3	40	710	10
2y2mA02	3	40	710	10
8dc1A01	3	40	710	10
3wwxA00	3	40	710	10
1w5dA01	3	40	710	10
4p0mA00	3	40	710	10
5tgfD00	3	40	710	10
4ztkA00	3	40	710	10
3ue3A03	3	40	710	10
4e6xB00	3	40	710	10
4dxbA03	3	40	710	10
4gb7A00	3	40	710	10
5u2gA01	3	40	710	10
2wafA03	3	40	710	10
4p6bB00	3	40	710	10
5u47A04	3	40	710	10
4lcmA00	3	40	710	10
2pbyA01	3	40	710	10
3zytA00	3	40	710	10
1a05A00	3	40	718	10
7e2wA01	3	40	718	10
4atyA00	3	40	718	10
1ycoA00	3	40	718	10
1u7nA00	3	40	718	10
3tsnA00	3	40	718	10
2w5qA02	3	40	720	10
1ajaB00	3	40	720	10
4kavA00	3	40	720	10
3szyA01	3	40	720	10
1hdhA01	3	40	720	10
5tj3A01	3	40	720	10
5u9zA01	3	40	720	10
1p49A01	3	40	720	10
3b5qA00	3	40	720	10
1o98A02	3	40	720	10
2d1gA02	3	40	720	10
5eghB01	3	40	720	10
4lrdA01	3	40	720	10
3kd8A01	3	40	720	10
3nioA00	3	40	800	10
4rhiA00	3	40	800	10
6ksyA01	3	40	800	10
4g3hC00	3	40	800	10
3c10B00	3	40	800	20
2v5wB00	3	40	800	20
3q9cA00	3	40	800	20
7wjlA01	3	40	800	20
5heeA00	3	40	830	10
3bczA00	3	40	830	10
1b4uB00	3	40	830	10
3vsjD00	3	40	830	10
2pw6A00	3	40	830	10
2owmA00	3	40	850	10
1br2A01	3	40	850	10
2kinA00	3	40	850	10
1rozB00	3	40	910	10
5exeB01	3	40	920	10
3on3B00	3	40	920	10
7plmA03	3	40	920	10
3oxpA00	3	40	930	10
2a0jA00	3	40	930	10
4ky9P00	3	40	930	10
2g2cA00	3	40	980	10
4lhbC00	3	40	980	10
2nroA01	3	40	980	10
6kacP00	3	40	1000	10
3v7bA00	3	40	1000	10
6xrbA01	3	40	1000	10
4bq6F00	3	40	1000	10
1eq6A00	3	40	1000	10
2dv3A01	3	40	1010	10
3hh1A00	3	40	1010	10
3nd1A01	3	40	1010	10
6mjgA01	3	40	1010	10
3nutC01	3	40	1010	10
3t0fA03	3	40	1010	20
1khdD02	3	40	1030	10
2dsjA02	3	40	1030	10
4muoA02	3	40	1030	10
3vqjA00	3	40	1050	10
2a8dD00	3	40	1050	10
6jqcA00	3	40	1050	10
1ekjA00	3	40	1050	10
6mprB01	3	40	1080	10
2ahuA02	3	40	1080	10
1xr4B01	3	40	1080	10
3gk7A01	3	40	1080	10
2ahuA01	3	40	1080	10
2hj0A02	3	40	1080	10
1poiB00	3	40	1080	10
8dh7A01	3	40	1080	10
1poiA01	3	40	1080	10
1q3iA00	3	40	1110	10
3ar4A04	3	40	1110	10
3a1eA02	3	40	1110	10
7nnlB01	3	40	1110	10
5ksdA04	3	40	1110	10
2kmxA00	3	40	1110	10
1vq8M00	3	40	1120	10
6h6wA00	3	40	1160	10
3d40A00	3	40	1160	10
3u6uC00	3	40	1160	10
2e9yB00	3	40	1160	10
1z9dA00	3	40	1160	10
2w21A00	3	40	1160	10
3s6gY01	3	40	1160	10
5yeiA01	3	40	1160	10
3tviA01	3	40	1160	10
2j0wA01	3	40	1160	10
2o8eA01	3	40	1170	10
7ou4A01	3	40	1170	10
2o8bB01	3	40	1170	10
3ajvA01	3	40	1170	20
2zyzB01	3	40	1170	20
3osnA02	3	40	1170	60
5wm1A03	3	40	1170	60
3gqcA02	3	40	1170	60
2d2rA00	3	40	1180	10
3wqlA01	3	40	1180	10
3hn7A02	3	40	1190	10
1e8cA02	3	40	1190	10
7u35B02	3	40	1190	10
4bucA02	3	40	1190	10
7lgjA01	3	40	1190	10
1fgsA01	3	40	1190	10
1td2A00	3	40	1190	20
4e69A00	3	40	1190	20
2hlzA00	3	40	1190	20
3kd6A00	3	40	1190	20
1c3qA00	3	40	1190	20
3w4sA00	3	40	1190	20
3bgkA00	3	40	1190	20
3fhxA00	3	40	1190	20
1gc5A01	3	40	1190	20
3vasA01	3	40	1190	20
6wb7C01	3	40	1190	20
1jxhA00	3	40	1190	20
3bf5A01	3	40	1190	20
3ktnA00	3	40	1190	20
4e84B00	3	40	1190	20
6whjD00	3	40	1190	20
2ajrA01	3	40	1190	20
7vvaH01	3	40	1190	20
1l5xA00	3	40	1210	10
3mc3A00	3	40	1260	10
2hy5B00	3	40	1260	10
3pnxA00	3	40	1260	10
1jx7A00	3	40	1260	10
3n4jA00	3	40	1280	10
2egvA02	3	40	1280	10
1p9pA01	3	40	1280	10
4cndB01	3	40	1280	10
1vh0A00	3	40	1280	10
1zjrA00	3	40	1280	10
2qmmA00	3	40	1280	10
5faiA01	3	40	1280	10
3o7bA00	3	40	1280	10
1k3rA01	3	40	1280	10
1vhkB00	3	40	1280	10
4nbpA00	3	40	1310	20
1l2mA00	3	40	1310	20
7y56A01	3	40	1310	20
1m55A00	3	40	1310	20
2hw0A00	3	40	1310	20
4kw3A00	3	40	1310	20
3h0gE01	3	40	1340	10
2wczA00	3	40	1350	10
1y1oA00	3	40	1350	10
2zyzC00	3	40	1350	10
3fovA00	3	40	1350	10
7bgsA01	3	40	1350	10
4qbnA00	3	40	1350	10
3ieyA02	3	40	1350	10
1xmxA02	3	40	1350	10
1t0fA01	3	40	1350	10
1r0vA01	3	40	1350	10
4xqkA01	3	40	1350	10
2ostD00	3	40	1350	10
4oc8A02	3	40	1350	10
2fcjB00	3	40	1360	10
2au3A03	3	40	1360	10
1vddA03	3	40	1360	10
2q2eA02	3	40	1360	10
1vq8C00	3	40	1370	10
1dmgA00	3	40	1370	10
4v19F00	3	40	1370	10
1vw3D00	3	40	1370	10
3oeeP02	3	40	1380	10
6tdxG01	3	40	1380	10
4xd7G02	3	40	1380	10
4tt3G02	3	40	1380	10
3g2gA01	3	40	1380	20
1vp8A00	3	40	1380	20
3t05A03	3	40	1380	20
3qtgA03	3	40	1380	20
8f5dA01	3	40	1390	10
4ziyA01	3	40	1390	10
7d27A01	3	40	1390	10
4e79B01	3	40	1390	10
3zl8A01	3	40	1390	10
4bubB01	3	40	1390	10
3wsfA02	3	40	1390	30
1nmoA02	3	40	1390	30
1nmoA01	3	40	1390	30
4lflB00	3	40	1400	10
2ppwA00	3	40	1400	10
1xlrA00	3	40	1410	10
3cnvA01	3	40	1410	10
3bwgA02	3	40	1410	10
3eetA02	3	40	1410	10
2nwiB00	3	40	1410	10
3edpA02	3	40	1410	10
3gitB03	3	40	1470	10
5b4jA00	3	40	1500	20
2x9jA00	3	40	1500	20
2zxkA00	3	40	1500	20
1wpuA00	3	40	1510	10
2hp7A00	3	40	1550	10
3hzhB00	3	40	1550	10
3qtaB00	3	40	1550	10
4hynB00	3	40	1550	10
1u9tA01	3	40	1570	10
2j0rA02	3	40	1570	10
2hqvA00	3	40	1570	10
3fm2A00	3	40	1570	10
7bwfD01	3	40	1620	10
3k6qA01	3	40	1620	10
6jqyA00	3	40	1620	10
3d55A01	3	40	1620	10
3g5oA01	3	40	1620	10
3dsaA01	3	40	1650	10
2ob5A00	3	40	1650	10
3bzyB00	3	40	1690	10
3b0zB00	3	40	1690	10
6gyyA00	3	40	1700	10
5f28B00	3	40	1810	10
6i44A02	3	50	4	10
4z80A01	3	50	4	10
2ll3A00	3	50	4	10
5eokA03	3	50	4	10
4yivA01	3	50	4	10
1gmnB01	3	50	4	10
1grlA03	3	50	7	10
7ylyb01	3	50	7	10
3p9dD03	3	50	7	10
6tmvC01	3	50	7	10
7ylvg01	3	50	7	10
2qqdC00	3	50	20	10
1hq6B00	3	50	20	10
5jvnA01	3	50	30	10
2olsA03	3	50	30	10
5o5tA02	3	50	30	30
4tjvA00	3	50	30	30
4c8pA00	3	50	30	30
1y9zA02	3	50	30	30
3iibA02	3	50	30	30
3icuA01	3	50	30	30
1xf1A02	3	50	30	30
8acrA01	3	50	30	30
3i6sA03	3	50	30	30
1vi4A00	3	50	30	40
5ir2A00	3	50	30	40
5nnaA00	3	50	30	50
4cogA00	3	50	30	50
4e5sA02	3	50	30	60
1b7yB03	3	50	40	10
3l4gB02	3	50	40	10
2c7gA02	3	50	50	60
1dncA01	3	50	50	60
3g5sA01	3	50	50	60
3qvpA01	3	50	50	60
1rp0A02	3	50	50	60
6iweA01	3	50	50	60
1x31B01	3	50	50	60
2pyxA01	3	50	50	60
3p1wA01	3	50	50	60
1fohA01	3	50	50	60
3dmeA01	3	50	50	60
1knrA01	3	50	50	60
1rsgA01	3	50	50	60
4h4rA01	3	50	50	60
4eipB01	3	50	50	60
2whdB01	3	50	50	60
4i59A01	3	50	50	60
3nrnA01	3	50	50	60
3b3rA01	3	50	50	60
3vrdB01	3	50	50	60
4rg4A01	3	50	50	60
3nlcA02	3	50	50	60
2b9wA01	3	50	50	60
3iwaA02	3	50	50	60
5fs8A02	3	50	50	60
5fs8A01	3	50	50	60
3c4nA01	3	50	50	60
3we0A01	3	50	50	60
2rghA01	3	50	50	60
3d1cA01	3	50	50	60
3icsA01	3	50	50	60
3v76A01	3	50	50	60
3ihmA01	3	50	50	60
3c4aA01	3	50	50	60
1vg0A01	3	50	50	60
2vouB01	3	50	50	60
4uirB01	3	50	50	60
1gteA04	3	50	50	60
3vrdB02	3	50	50	60
1ju2A01	3	50	50	60
2gmhA01	3	50	50	60
4jnqA02	3	50	50	60
1y56A02	3	50	50	60
1mo9A02	3	50	50	60
4n9xA01	3	50	50	60
3ayjA01	3	50	50	60
5v36A02	3	50	50	60
7p0xC02	3	50	50	60
2ivdB01	3	50	50	60
5jriA01	3	50	50	60
5ipyA02	3	50	50	60
3ef6A02	3	50	50	60
6gasA02	3	50	50	60
6l6jA02	3	50	50	60
4ntcA02	3	50	50	60
1vqwA01	3	50	50	60
4c5oA00	3	50	50	60
3h8lA02	3	50	50	60
4c3xA01	3	50	50	60
2xdoD00	3	50	50	60
4m52A02	3	50	50	60
5bulA00	3	50	50	60
3s5wA00	3	50	50	60
4opcA00	3	50	50	60
2braA01	3	50	50	60
3nksA00	3	50	50	60
3rhaA00	3	50	50	60
2aqjA00	3	50	50	60
3ukhA01	3	50	50	60
4b1bA00	3	50	50	60
3gyxA01	3	50	50	60
3h27A00	3	50	50	100
5yjwA00	3	50	50	100
6ms8C01	3	50	70	10
4dooA01	3	50	70	10
8ew8A01	3	50	70	10
4s0lA01	3	50	80	10
4nbiB00	3	50	80	10
3a3dA02	3	50	80	20
5cerG02	3	50	80	20
1p7gH02	3	55	40	20
4jtmA00	3	55	50	30
6rwk001	3	55	50	30
2w16B01	3	55	50	30
1aorA01	3	60	9	10
4l1zA00	3	60	10	10
3i5vC00	3	60	10	10
6ca4B00	3	60	10	10
3mprD00	3	60	10	10
2a40B00	3	60	10	10
6ibdA01	3	60	10	10
1sr4B00	3	60	10	10
1vybA00	3	60	10	10
2ei9A00	3	60	10	10
3ngqA00	3	60	10	10
7n3yC01	3	60	10	10
2j63A00	3	60	10	10
4tzbA00	3	60	15	10
2qedA00	3	60	15	10
5ew0A00	3	60	15	10
1l9yA00	3	60	15	10
7t28A01	3	60	15	10
6brmH00	3	60	15	10
3md7A00	3	60	15	10
6h0cA01	3	60	15	10
3zwfA00	3	60	15	10
2q9uB01	3	60	15	10
6cgyL00	3	60	15	10
4efzB00	3	60	15	10
3dh8A00	3	60	15	10
2az4A01	3	60	15	10
1xtoA00	3	60	15	10
5a0tB01	3	60	15	10
1vjnA00	3	60	15	10
6j4nC01	3	60	15	10
2p4zA00	3	60	15	10
3eshA01	3	60	15	10
1wraA01	3	60	15	10
3af5A03	3	60	15	10
2i7xA01	3	60	15	10
3bv6A00	3	60	15	10
2imhA01	3	60	20	10
1g0uE00	3	60	20	10
1xffA00	3	60	20	10
3mdnD00	3	60	20	10
3h6f200	3	60	20	10
6qm7K00	3	60	20	10
1jgtB01	3	60	20	10
2fhh100	3	60	20	10
6nvwB01	3	60	20	10
4yfbC01	3	60	20	10
1te5A00	3	60	20	10
2advC01	3	60	20	10
1q15A01	3	60	20	10
7aweM01	3	60	20	10
2z3bA00	3	60	20	10
4hsrB01	3	60	20	10
6muwN00	3	60	20	10
1ea0A01	3	60	20	10
1apyB00	3	60	20	30
5hftD00	3	60	20	40
8pq7A01	3	60	21	10
7jv8B01	3	60	21	10
3rl5A00	3	60	21	10
2nxfA01	3	60	21	10
2yvtA00	3	60	21	10
3tghA00	3	60	21	10
1kbpA02	3	60	21	10
4q7fA01	3	60	21	10
2xmoA01	3	60	21	10
3thoB01	3	60	21	10
1t71A00	3	60	21	10
3qfmA00	3	60	21	10
3t1iD01	3	60	21	10
3c9fA01	3	60	21	10
2gjuA00	3	60	21	10
5ebbA01	3	60	21	10
4or9A00	3	60	21	10
1z2wA00	3	60	21	10
2qjcA00	3	60	21	10
2dfjA00	3	60	21	10
3av0A01	3	60	21	10
1xm7A00	3	60	21	10
2i0oA00	3	60	40	10
3w42A00	3	60	40	10
3rnrB00	3	60	40	10
2pnqA00	3	60	40	10
3ke6B01	3	60	40	10
2irmA00	3	60	40	10
3f79E00	3	60	40	10
3d8kD00	3	60	40	10
5u81A01	3	60	60	10
2x1cB01	3	60	60	10
2hezA00	3	60	60	10
4wl2A00	3	60	60	10
3gvzA00	3	60	60	10
3axgK00	3	60	70	12
1b65A00	3	60	70	12
1vraA00	3	60	70	12
1i72A00	3	60	90	10
1vr7A00	3	60	90	10
2plqA00	3	60	110	10
2gglA00	3	60	110	10
2e11A00	3	60	110	10
3ilvA01	3	60	110	10
4cyfA01	3	60	110	10
5n6lA01	3	60	110	10
8p4iG01	3	60	110	10
3h9mA00	3	60	120	10
3gseA00	3	60	120	10
3os6C00	3	60	120	10
1i7qA00	3	60	120	10
1ds1A00	3	60	130	10
4c5wA02	3	60	130	10
3pvjB00	3	60	130	10
4ylmX00	3	60	130	10
2r6sA00	3	60	130	10
2q4aA00	3	60	130	10
6f9pC01	3	60	130	10
2o11A00	3	60	150	10
1sq1A00	3	60	150	10
1a2nA02	3	65	10	10
3zh4A01	3	65	10	10
1mi4A02	3	65	10	10
2o0bA01	3	65	10	10
4n3pB01	3	65	10	10
1t6lA00	3	70	10	10
3lx2A00	3	70	10	10
1u7bA00	3	70	10	10
2avtA02	3	70	10	10
6drtA00	3	70	10	10
6j8yC00	3	70	10	10
6j8yA00	3	70	10	10
3a1jB00	3	70	10	10
1dmlA00	3	70	10	10
8dqwG01	3	70	10	10
2z0lA00	3	70	10	10
1vkpB00	3	75	10	10
4yt9A01	3	75	10	10
2c6zA00	3	75	10	10
2dewX03	3	75	10	10
1bwdA00	3	75	10	10
1g61A00	3	75	10	10
1rxxC01	3	75	10	10
8dpkD01	3	75	10	10
6lrfA01	3	75	10	10
4cp6A00	3	80	10	10
4q62A00	3	80	10	10
4hq1A01	3	80	10	10
2ca6A00	3	80	10	10
3e4gA00	3	80	10	10
4fcgA00	3	80	10	10
2astB00	3	80	10	10
3bz5A01	3	80	10	10
4i6jB02	3	80	10	10
4lscA00	3	80	10	10
4bv4R00	3	80	10	10
2ra8A02	3	80	10	10
1d0bA00	3	80	10	10
7utzR01	3	80	10	10
4glpA00	3	80	10	10
2p1mB02	3	80	10	10
3cvrA01	3	80	10	10
1a9nC00	3	80	10	10
4arnA00	3	80	10	10
4pkiG02	3	80	10	10
7wbtA02	3	80	10	10
3a79B00	3	80	10	10
2r9uA00	3	80	10	10
4kxfP04	3	80	10	10
3rezC00	3	80	10	10
2z64A00	3	80	10	10
4hq1A02	3	80	10	10
3sb4A01	3	80	10	10
4k17B03	3	80	10	10
3un9A01	3	80	10	10
2v70A00	3	80	10	10
4l3aA02	3	80	10	10
4ecnA03	3	80	10	10
3rgzA01	3	80	10	10
4wwuH01	3	80	10	10
2ifgA01	3	80	10	10
7ax1A01	3	80	10	10
5my6A02	3	80	20	20
2hr7B01	3	80	20	20
6vwgA01	3	80	20	20
1i77A00	3	90	10	10
1os6A00	3	90	10	10
1z1nX03	3	90	10	10
1z1nX04	3	90	10	10
2e84A03	3	90	10	10
1ti8B00	3	90	20	10
2wr7C01	3	90	20	10
1xgkA02	3	90	25	10
3e48B02	3	90	25	10
4wpgA02	3	90	25	10
2gasA02	3	90	25	10
2b69A02	3	90	25	10
5gy7A02	3	90	25	10
3eheA02	3	90	25	10
2pk3A02	3	90	25	10
1i24A02	3	90	25	10
3vpsB02	3	90	25	10
3slgC02	3	90	25	10
6aqzA02	3	90	25	10
1db3A02	3	90	25	10
2ggsA02	3	90	25	10
1rkxB02	3	90	25	10
6cazA00	3	90	45	10
1lm4A00	3	90	45	10
5y5sH02	3	90	50	10
1hqiA00	3	90	56	10
4gamD00	3	90	56	10
3ch3X00	3	90	70	10
1deuB00	3	90	70	10
3oisB00	3	90	70	10
1xkgA00	3	90	70	10
1pxvA00	3	90	70	10
4oelA02	3	90	70	10
3ervA00	3	90	70	10
6ffaA00	3	90	70	10
2y6eA00	3	90	70	10
4msxA02	3	90	70	10
1qxpA02	3	90	70	10
7tuoA01	3	90	70	10
4g54A01	3	90	70	10
3wxeA00	3	90	70	10
2vhfB00	3	90	70	10
2avwD01	3	90	70	10
4ry2A01	3	90	70	10
6iikB00	3	90	70	10
4q8gA00	3	90	70	10
1cb5A01	3	90	70	10
4hxdB00	3	90	70	80
4bosA00	3	90	70	80
4bouA00	3	90	70	80
4fajA02	3	90	76	10
5hm4B02	3	90	76	10
5yqwA02	3	90	76	10
4qflA02	3	90	76	10
7kz9B01	3	90	76	10
2kdwA00	3	90	79	10
1ppvA00	3	90	79	10
5cfjA00	3	90	79	10
1nqzA00	3	90	79	10
4jzsA00	3	90	79	10
5wy6E00	3	90	79	10
3q1pA02	3	90	79	10
5zrcA00	3	90	79	10
2o5fB00	3	90	79	10
3dupB01	3	90	79	10
3bm4A00	3	90	79	10
5r4qA01	3	90	79	10
5lopA02	3	90	79	10
4ktbA00	3	90	79	10
3e57A00	3	90	79	10
2a8pA00	3	90	79	10
3fjyA01	3	90	79	10
3o6zA00	3	90	79	10
6uufA01	3	90	79	10
3f6aA00	3	90	79	10
3fcmA00	3	90	79	10
2pnyA00	3	90	79	10
3qsjA00	3	90	79	10
3gz8C01	3	90	79	10
3j7ye00	3	90	79	10
3rh7A02	3	90	79	10
3fq3A00	3	90	80	10
1e9gB00	3	90	80	10
1g8lA02	3	90	105	10
1hqmD05	3	90	105	10
5nueB02	3	90	110	10
2dfdA02	3	90	110	10
2hlpA01	3	90	110	10
6duxB02	3	90	110	10
1g55A01	3	90	120	10
1svuA02	3	90	120	10
3ubtA02	3	90	120	10
3ptaA01	3	90	120	10
4fsxA03	3	90	120	10
1adeA03	3	90	170	10
3b82B00	3	90	175	10
1f0lA01	3	90	175	10
7rb4A01	3	90	175	10
2gwlA00	3	90	176	10
1gzeA00	3	90	176	10
1yqyA01	3	90	176	10
2j3vA02	3	90	176	10
2wn5A01	3	90	176	10
1gxyA00	3	90	176	10
6k93A00	3	90	176	10
3u0jA00	3	90	176	10
5h83A01	3	90	180	10
1d1tA01	3	90	180	10
3gmsA01	3	90	180	10
2b5vA01	3	90	180	10
3pi7A01	3	90	180	10
2dphA01	3	90	180	10
1gyrA01	3	90	180	10
3wleA01	3	90	180	10
3widA01	3	90	180	10
1vj1A01	3	90	180	10
1o89A01	3	90	180	10
2obyA01	3	90	180	10
5k1sB00	3	90	180	10
2vz8A07	3	90	180	10
1ywfA00	3	90	190	10
4tvvC00	3	90	190	10
4jbcA02	3	90	190	10
1a5yA00	3	90	190	10
6g85B02	3	90	190	10
4pyhA01	3	90	190	10
1i9sA00	3	90	190	10
1g4wR02	3	90	190	10
3gxhA00	3	90	190	10
5m43A00	3	90	190	10
2f46A00	3	90	190	10
6g85A01	3	90	190	10
1fpzC00	3	90	190	10
2oudA00	3	90	190	10
3n0aA01	3	90	190	10
3rgqA00	3	90	190	10
3s4oA00	3	90	190	10
6e3bA00	3	90	190	10
2j16A00	3	90	190	10
4qdiA03	3	90	190	20
2f00A03	3	90	190	20
3nrsA02	3	90	190	20
7u35A03	3	90	190	20
1e8cB03	3	90	190	20
3foeA01	3	90	199	10
1bjtA05	3	90	199	10
1ruyH02	3	90	209	20
6fywA02	3	90	209	20
1s5dA00	3	90	210	10
4z9cA00	3	90	210	10
2cb4A00	3	90	210	10
1ficB01	3	90	215	10
3ghgB02	3	90	215	10
3r6hA00	3	90	226	10
8ahzB01	3	90	226	10
4lurA02	3	90	226	10
2w3pA02	3	90	226	10
1tg6E00	3	90	226	10
3gf3A02	3	90	226	10
4l6wA01	3	90	226	10
6dgnA01	3	90	226	10
5vipB01	3	90	226	10
4l8kD02	3	90	226	10
2a7kB01	3	90	226	10
3u9tB01	3	90	226	10
6j1hA01	3	90	226	10
3k50A03	3	90	226	10
3bf0C01	3	90	226	10
4kwbA01	3	90	226	10
1uyvA01	3	90	226	10
3dorA03	3	90	226	10
4jyjB00	3	90	226	10
3gf3A03	3	90	226	10
2w3pA01	3	90	226	10
2f9iC00	3	90	226	10
3bptA00	3	90	226	10
1uyvB02	3	90	226	10
4b3hB01	3	90	226	10
4asiF03	3	90	226	10
2rf5A00	3	90	228	10
4gv2A02	3	90	228	10
6tl1B01	3	90	228	10
1khbA03	3	90	228	20
6at4A03	3	90	228	20
1qzyA01	3	90	230	10
3biqA02	3	90	230	10
3ctzA03	3	90	230	10
4b28A02	3	90	230	10
6twjA02	3	90	230	10
4ipaB01	3	90	230	10
2yhgA01	3	90	245	10
1kicB00	3	90	245	10
4kl0A00	3	90	245	10
4kpnA00	3	90	245	10
3fz0D00	3	90	245	10
1ex0B02	3	90	260	10
2qsfA01	3	90	260	10
4begB00	3	90	280	10
4v1ab01	3	90	280	10
1vw4102	3	90	280	10
3sm4A00	3	90	320	10
5zyuA01	3	90	320	10
3k93A00	3	90	320	10
3l0aA00	3	90	320	10
4r5qA00	3	90	320	10
3u4qA06	3	90	320	10
3h4rA00	3	90	320	10
5ld2B05	3	90	320	10
1e6vC00	3	90	320	20
1ireA00	3	90	330	10
1mjtB01	3	90	340	10
3n0qA01	3	90	380	10
1z01A01	3	90	380	10
1wqlA01	3	90	380	10
7fjlA02	3	90	380	10
3gkeA02	3	90	380	10
4qdcA02	3	90	380	10
7szhB02	3	90	380	10
3sqgA01	3	90	390	10
5n7jA03	3	90	400	10
3zo9A02	3	90	400	10
5m99A02	3	90	400	10
1jf5A03	3	90	400	10
7znpA01	3	90	400	10
2xtsA01	3	90	420	10
1xdyG00	3	90	420	10
1m7vA02	3	90	440	10
6qdws00	3	90	470	10
5oomT00	3	90	470	10
4a17Q00	3	90	470	10
3hykA00	3	90	470	20
2cg5A01	3	90	470	20
3qsvC00	3	90	520	10
2vlqB00	3	90	540	10
1lziA00	3	90	550	10
1ll0B00	3	90	550	10
2nxvA01	3	90	550	10
7zllA01	3	90	550	10
1fgxA00	3	90	550	10
3jtjA00	3	90	550	10
4ac3A01	3	90	550	10
2pa4A00	3	90	550	10
1jykA00	3	90	550	10
1foaA01	3	90	550	10
1vgwB00	3	90	550	10
6ckmA00	3	90	550	10
3ckjA00	3	90	550	10
3cu0A00	3	90	550	10
3zf8A00	3	90	550	10
4evwA00	3	90	550	10
7d44I01	3	90	550	10
1omzB00	3	90	550	10
6pd2A01	3	90	550	10
1yp2D01	3	90	550	10
1tzfA00	3	90	550	10
1e5kA00	3	90	550	10
2p6wA00	3	90	550	10
3cgxA00	3	90	550	10
2we9B00	3	90	550	10
2z86D02	3	90	550	10
1z90B01	3	90	550	10
6h21A01	3	90	550	10
7vlkE01	3	90	550	10
1s4nB00	3	90	550	10
1xhbA01	3	90	550	10
7zvjA01	3	90	550	10
2wvlB00	3	90	550	10
2y4kA01	3	90	550	10
2cu2A00	3	90	550	10
4p02A02	3	90	550	10
2z86D01	3	90	550	10
3bcvA00	3	90	550	10
2dpwA00	3	90	550	10
2yqcA01	3	90	550	10
3ogzA01	3	90	550	10
5bn8A04	3	90	640	10
1yagA04	3	90	640	10
3weeB03	3	90	640	10
4fo0A03	3	90	640	10
2z1eA02	3	90	650	10
3mcqA02	3	90	650	10
3viuA01	3	90	650	10
3mdoA02	3	90	650	10
3viuA04	3	90	650	10
3fd5A02	3	90	650	10
2jaeA02	3	90	660	10
1o5wB02	3	90	660	10
1b37A02	3	90	660	10
2vvlA02	3	90	660	10
1rsgB02	3	90	660	10
5yb7A02	3	90	660	10
3qj4A02	3	90	660	10
2z5xA02	3	90	660	10
3gyxA02	3	90	700	10
6b58A01	3	90	700	10
2e5vA02	3	90	700	10
5zynB01	3	90	700	10
7p18A01	3	90	700	10
1v9hA00	3	90	730	10
3d3zA00	3	90	730	10
4dwaB00	3	90	730	10
3pz0A00	3	90	740	10
1ue0A00	3	90	740	10
3pz6D00	3	90	740	10
2r4fA02	3	90	770	10
3qaeA01	3	90	770	10
2wdcA03	3	90	780	10
1oidA02	3	90	780	10
5zdkA01	3	90	800	10
6b1pA02	3	90	800	10
4bx8A03	3	90	830	10
7udbA02	3	90	830	10
1mqsA03	3	90	830	10
5ti1A02	3	90	850	10
1gttA01	3	90	850	10
8gstA01	3	90	850	10
2wqtA00	3	90	850	10
3lzkB00	3	90	850	10
1k4iA00	3	90	870	10
3l7vA00	3	90	870	10
3vf2A03	3	90	870	20
4bpuC00	3	90	920	10
2faoA01	3	90	920	10
1v33A01	3	90	920	10
3ckfA02	3	90	930	1
2oy7A02	3	90	930	1
6ysiE02	3	90	930	12
8camg01	3	90	930	12
5mmiG01	3	90	930	12
1vx7H01	3	90	930	12
1vwxH02	3	90	930	12
4bxfA03	3	90	930	40
2a6hE00	3	90	940	10
2pmzK00	3	90	940	10
5uagE00	3	90	940	10
1qklA00	3	90	940	10
6gmhE02	3	90	940	20
1k7kA00	3	90	950	10
4jhcB00	3	90	950	10
1u14A00	3	90	950	10
2amhA00	3	90	950	10
5kolD00	3	90	950	20
6mr3C02	3	90	950	20
2z0xA00	3	90	960	10
1vkiA00	3	90	960	10
2j3lA03	3	90	960	10
3op6A00	3	90	960	10
3memA01	3	90	960	10
1su0B00	3	90	1010	10
3g0mA00	3	90	1010	10
1vw4L01	3	90	1030	10
4aybB05	3	90	1070	20
1ddqC02	3	90	1100	10
1twfB04	3	90	1110	10
2a6hC03	3	90	1110	10
7ob9B01	3	90	1110	10
4h7wA00	3	90	1140	10
1iuhA00	3	90	1140	10
1jh6A00	3	90	1140	10
2vfkA00	3	90	1140	10
2fsqA00	3	90	1140	10
1cs1A02	3	90	1150	10
3ei9B01	3	90	1150	10
5b7uA01	3	90	1150	10
4wbtA01	3	90	1150	10
4cbsA01	3	90	1150	10
5veqB01	3	90	1150	10
3bc8A03	3	90	1150	10
5vnxA01	3	90	1150	10
1geyA02	3	90	1150	10
2bylA01	3	90	1150	10
1o69A02	3	90	1150	10
6jy1A01	3	90	1150	10
3nytA02	3	90	1150	10
3g7qA01	3	90	1150	10
2c81A02	3	90	1150	10
3ii0A01	3	90	1150	10
5f8vA02	3	90	1150	10
6c9bA01	3	90	1150	10
2zy4D01	3	90	1150	10
1m7yA01	3	90	1150	10
5iwqA01	3	90	1150	10
1b9iA02	3	90	1150	10
2hoxA03	3	90	1150	10
3gzdA01	3	90	1150	10
3fq8A01	3	90	1150	10
3b8xA02	3	90	1150	10
4zasA02	3	90	1150	10
1ohvA01	3	90	1150	10
3h7fA01	3	90	1150	10
5k8bA02	3	90	1150	10
2qmaA02	3	90	1150	10
1bw0B01	3	90	1150	10
2fyfA02	3	90	1150	10
3nnkA02	3	90	1150	10
2hzpA01	3	90	1150	10
3rq1D01	3	90	1150	10
1vp4B01	3	90	1150	10
3ezsA01	3	90	1150	10
4zahA02	3	90	1150	10
3nraA01	3	90	1150	10
4a0fB02	3	90	1150	10
2cy8A01	3	90	1150	10
4lnjA02	3	90	1150	10
1d2fB01	3	90	1150	10
1m32A01	3	90	1150	10
4uqvF02	3	90	1150	10
3getA02	3	90	1150	10
2oqxA01	3	90	1150	10
3mc6A02	3	90	1150	10
6liuC02	3	90	1150	10
3vaxA02	3	90	1150	10
1c4kA03	3	90	1150	10
4uoyA01	3	90	1150	10
3n4sA00	3	90	1150	80
7x4lC02	3	90	1150	160
6enzA01	3	90	1150	170
4ritA01	3	90	1150	170
4akrD02	3	90	1150	210
4akrA02	3	90	1150	210
6hmaK01	3	90	1170	10
3o58J00	3	90	1170	10
4i9aA01	3	90	1170	20
3tqvA01	3	90	1170	20
5ey3A03	3	90	1170	30
1uouA03	3	90	1170	30
6jbzA00	3	90	1170	40
1t3qB01	3	90	1170	50
1vx7K01	3	90	1180	10
6sulA02	3	90	1200	10
6fucA02	3	90	1200	10
4pdyA02	3	90	1200	10
3w0oA02	3	90	1200	10
4r78A02	3	90	1200	10
4dcaA02	3	90	1200	10
5uxcA02	3	90	1200	10
3atsA02	3	90	1200	10
4ocuA01	3	90	1200	10
7f0aA01	3	90	1200	10
6hwjB01	3	90	1200	10
3jr1A02	3	90	1200	10
3csvA02	3	90	1200	10
6iy9A01	3	90	1200	10
2q83A02	3	90	1200	10
2pywA02	3	90	1200	10
3fi8A02	3	90	1200	10
2qg7B02	3	90	1200	10
1c89A02	3	90	1210	10
3frnA02	3	90	1210	10
1vliA02	3	90	1210	10
3g8rA02	3	90	1210	10
1d0cA03	3	90	1230	10
1epwA01	3	90	1240	10
4zktB01	3	90	1240	10
1e1hA00	3	90	1240	10
1vl2D02	3	90	1260	10
3nqrA02	3	90	1280	20
3jtfA01	3	90	1280	20
3fioA00	3	90	1280	20
1vr9A01	3	90	1280	20
5ewqC00	3	90	1300	10
6c62A00	3	90	1300	10
4n0hA00	3	90	1300	10
4do3A00	3	90	1300	10
4gyrA01	3	90	1300	10
6kvrA01	3	90	1300	10
4r23A01	3	90	1310	10
3lo7A01	3	90	1310	10
5kshB01	3	90	1310	10
2wafA01	3	90	1310	10
1k25D01	3	90	1310	10
7rd0A01	3	90	1310	10
4ye5A01	3	90	1310	10
2y2pA01	3	90	1310	40
2h21B01	3	90	1410	10
3smtA02	3	90	1420	10
3qxyA02	3	90	1420	10
1n0uA03	3	90	1430	10
3eeeA00	3	90	1520	10
4u99B00	3	90	1520	10
1y1fX00	3	90	1580	10
2y3cA00	3	90	1580	10
1yu2A03	3	90	1580	10
3qexA03	3	90	1600	10
2py5A02	3	90	1600	10
4fvmA05	3	90	1600	10
2eb0A01	3	90	1640	10
4py9A01	3	90	1640	10
5gkxA00	3	90	1640	20
2zxrA02	3	90	1640	30
5yh1A01	3	90	1640	30
2hbwA02	3	90	1720	10
4eqaA00	3	90	1720	10
3pvqA03	3	90	1720	10
3m1uA01	3	90	1720	10
3ne0A00	3	90	1720	10
2lktA00	3	90	1720	10
4hz9A00	3	90	1720	10
3kw0A00	3	90	1720	10
2vobB02	3	90	1720	10
4cgkA02	3	90	1720	10
2pggA01	3	90	1730	10
2ilxA00	3	90	1740	10
1k90A02	3	90	1760	10
1twfB08	3	90	1800	10
6ruiB08	3	90	1800	10
6ys3l01	3	100	10	10
4a17K02	3	100	10	10
1vwxQ00	3	100	10	10
2yzsA01	3	100	10	20
5fclE01	3	100	10	20
5z62L00	4	10	49	10
5z62K00	4	10	51	10
3nybB00	4	10	60	10
2l4lA00	4	10	60	10
1u6pA00	4	10	60	10
2m7fA00	4	10	70	10
1mpzA00	4	10	70	10
1d4m400	4	10	80	10
1ncqD00	4	10	80	10
2pw9A01	4	10	80	30
3fi7A02	4	10	80	30
2r7fA03	4	10	80	30
3gqhA02	4	10	80	40
4ysxA04	4	10	80	40
2wdqA04	4	10	80	40
1kf6A04	4	10	80	40
5b1aM00	4	10	81	10
5b1aJ00	4	10	91	10
1dgfA01	4	10	91	20
1v54I00	4	10	93	10
5b1aG00	4	10	95	10
2pspA02	4	10	110	10
1pcpA01	4	10	110	10
1hi7A00	4	10	110	10
2odyA00	4	10	140	10
3aahB00	4	10	160	10
5hocA00	4	10	170	10
4hkdA00	4	10	170	10
7bwnC02	4	10	170	10
3kypE01	4	10	170	10
1ijdA00	4	10	220	20
7ddqb01	4	10	220	20
1d66A00	4	10	240	10
1zmeC01	4	10	240	10
1pycA00	4	10	240	10
1f4sP00	4	10	240	10
1omwG00	4	10	260	10
2pbiA03	4	10	260	10
5i50B00	4	10	280	10
4ayaA00	4	10	280	10
4f3lA01	4	10	280	10
6mgnA00	4	10	280	10
1mdyA00	4	10	280	10
1an4A00	4	10	280	10
5nj8A01	4	10	280	10
7jzhD01	4	10	280	50
2f5zK00	4	10	320	10
1w4iA01	4	10	320	10
6qkpA01	4	10	320	10
4wfoA03	4	10	372	10
2iujA02	4	10	375	10
1fakI00	4	10	410	10
1d0dA00	4	10	410	10
2w8xB00	4	10	410	10
2uuxA01	4	10	410	10
1tocR02	4	10	410	10
1bikA00	4	10	410	10
4zg7A02	4	10	410	20
3nkqA01	4	10	410	20
1vw4Z00	4	10	410	60
1ggpA02	4	10	470	10
3hisA02	4	10	470	10
2b7uA02	4	10	470	10
1rl0A02	4	10	470	10
1oqlA02	4	10	470	10
4fb9A02	4	10	470	10
4m1uA02	4	10	470	10
2pqgB02	4	10	470	10
1yq9A02	4	10	480	10
1b0yA00	4	10	490	10
1isuA00	4	10	490	10
3rhiB00	4	10	520	10
4fmrA02	4	10	520	10
4r9jA02	4	10	530	10
1lwuB02	4	10	530	10
1eysH01	4	10	540	10
2uubR00	4	10	640	10
6nqbR00	4	10	640	10
2vqeN00	4	10	830	10
6az1S00	4	10	830	10
1l1yA03	4	10	870	10
2vhoM02	4	10	910	10
1i94M02	4	10	910	10
1jj2A03	4	10	950	10
1vvmD03	4	10	950	10
3u5eB01	4	10	960	10
1vq8L01	4	10	990	10
1vwxm00	4	10	1060	50
3dclA03	4	10	1180	10
4ersA00	4	10	1240	10
3l2jA02	4	10	1240	10
4dlqA01	4	10	1240	10
4dloB01	4	10	1240	10
3n93B04	4	10	1240	10
6lpbR01	4	10	1240	10
3eckA03	4	10	1270	10
3oymA04	6	10	20	110
1qv9A02	6	10	140	120
2pusA04	6	10	140	300
3fdfA02	6	10	140	550
2pohF02	6	10	140	940
5yhyA03	6	10	140	1680
5n5fA00	6	10	140	1960
3zqmA00	6	10	140	2160
2f0cB01	6	10	140	2190
6aqjA02	6	10	240	10
2j91A03	6	10	250	1570
6kp2B02	6	10	250	2210
3tgnA01	6	10	250	2360
6p5uA02	6	10	250	2850
3uqsA02	6	10	250	3230
1vx7V02	6	10	250	3260
4a17P02	6	10	250	3260
6escA05	6	10	250	3280
3nb0B03	6	10	260	10
2bx9A00	6	20	20	10
5flxf00	6	20	50	150
2a74A06	6	20	50	160
5jtwA06	6	20	50	160
4ui7C00	6	20	320	10
4a18L02	6	20	340	10
1vx7a01	6	20	370	70
1hi8A04	6	20	410	10
