3b89A01     1    10     8    10     2     1     1     2     1    54 2.600
1oksA00     1    10     8    10     5     1     1     1     1    51 1.800
4pc3C01     1    10     8    10     7     1     1     1     1    53 1.830
2ltuA00     1    10     8    10     8     1     2     2     1    62 999.000
1zv1A00     1    10     8    10     9     1     1     1     1    59 1.600
2qhoD00     1    10     8    10    10     1     1     1     1    49 1.850
2bwbA00     1    10     8    10    11     1     1     2     1    46 2.300
1cukA03     1    10     8    10    12     1     1     1     1    48 1.900
2oo9A00     1    10     8    10    14     2     1     1     1    44 2.100
1p3qQ00     1    10     8    10    15     1     1     1     1    43 1.700
3lcvB01     1    10     8    10    16     1     1     1     1    57 2.000
3bbzA00     1    10     8    10    17     1     1     1     1    48 2.100
2hakH03     1    10     8    10    22     3     1     1     1    48 2.600
3ihpB05     1    10     8    10    28     1     1     1     1    54 2.800
1a5tA02     1    10     8    10    29     1     1     1     1    40 2.200
3h4jA03     1    10     8    10    30     1     1     1     1    56 2.800
2hwjA02     1    10     8    10    31     1     1     1     1    59 2.610
7pnoG01     1    10     8    10    33     1     1     1     1    47 2.790
1g4aE02     1    10     8    10    37     1     1     1     1    47 3.000
4gewA01     1    10     8    10    42     1     1     1     1    77 2.350
1g3iF02     1    10     8    10    44     1     2     1     1    23 3.410
2mgwA00     1    10     8    10    50     1     1     1     1    52 999.000
1r4gA00     1    10     8    10    51     1     1     1     1    53 999.000
2knaA01     1    10     8    10    52     1     1     1     1    54 999.000
1otrA00     1    10     8    10    54     1     1     1     1    49 999.000
2jp7A00     1    10     8    10    56     1     1     1     1    57 999.000
1pgyA00     1    10     8    10    58     1     1     1     1    47 999.000
2ekfA01     1    10     8    10    63     1     1     1     1    46 999.000
1wj7A01     1    10     8    10    65     1     1     1     1    60 999.000
2lvaA01     1    10     8    10    66     1     1     1     1    44 999.000
2g3qA00     1    10     8    10    68     1     1     1     1    43 999.000
1wivA00     1    10     8    10    69     2     1     1     1    73 999.000
2dnaA00     1    10     8    10    72     1     1     1     1    67 999.000
1bvsF03     1    10     8    10    75     1     1     1     1    45 1000.000
3q8gA01     1    10     8    20     3     1     1     1     1    79 1.800
1r5lA01     1    10     8    20     4     1     1     1     1    56 1.500
6tobA00     1    10     8    50     1     2     1     1     1   109 999.000
1tdzA02     1    10     8    50     6     3     1     2     1   134 1.800
6zvhS01     1    10     8    50     7     2     2     1     1    66 2.900
7z5aA02     1    10     8    50    13     1     1     1     1   125 2.280
5mmjm01     1    10     8    50    15     1     1     1     1    69 3.600
2q2eB02     1    10     8    50    18     1     1     1     1    70 4.000
1in4A03     1    10     8    60     6     1     1     1     1    75 1.600
3d8bB02     1    10     8    60     7     1     1     1     1    82 2.000
2c9oB03     1    10     8    60    10     1     1     1     1    83 2.200
1nvmA02     1    10     8    60    15     2     1     1     1    64 1.700
2qenA02     1    10     8    60    16     2     1     1     1    78 2.250
1d2nA02     1    10     8    60    20     1     1     1     1    67 1.750
6n2iA02     1    10     8    60    21     2     2     1     1    83 3.500
5vjhB02     1    10     8    60    22     4     1     1     1    92 4.000
2dznF00     1    10     8    60    23     2     1     1     1    69 2.200
4lcbA02     1    10     8    60    29     1     1     1     1    96 2.080
1njgB01     1    10     8    60    30     1     1     1     1    73 2.200
3dzdA03     1    10     8    60    31     2     1     1     1    68 2.400
1fnnA01     1    10     8    60    33     1     1     1     1   101 2.000
2r62A02     1    10     8    60    38     2     1     1     1    77 3.300
5zuiA03     1    10     8    60    45     1     1     1     1    90 2.700
3hwsA02     1    10     8    60    50     2     2     1     1    98 3.250
1sxjA02     1    10     8    60    58     1     1     1     1    72 2.850
1sxjE02     1    10     8    60    65     1     1     1     1    64 2.850
7wd3A02     1    10     8    60    69     1     1     1     1    82 3.800
2zanA02     1    10     8    60    71     2     2     1     1   123 3.000
3u60E02     1    10     8    60    79     1     1     1     1    59 3.340
2v6zM00     1    10     8    60    80     1     1     1     1    75 999.000
2ja2A04     1    10     8    70     1     1     1     1     1    52 1.650
1j09A04     1    10     8    70     2     1     1     1     1    48 1.800
3afhA04     1    10     8    70     3     1     1     1     1    50 2.000
2cfoA04     1    10     8    70     4     1     1     1     1    54 2.450
4griA04     1    10     8    70     5     1     1     1     1    53 2.600
2r44A03     1    10     8    80     1     1     1     1     1   117 2.000
1e9rA02     1    10     8    80     2     1     1     1     1   113 2.400
1g8pA02     1    10     8    80     3     1     1     1     1    78 2.100
3futA02     1    10     8   100     1     1     1     1     1    65 1.520
4jxjA02     1    10     8   100     7     1     1     1     1    65 2.000
1qamA02     1    10     8   100     8     1     1     1     1    78 2.200
6ymvB02     1    10     8   100    12     1     1     1     1    65 3.100
4l6v600     1    10     8   110     1     2     2     1     1   125 3.800
2wscF00     1    10     8   110     2     1     2     2     1   154 3.300
5ijiA01     1    10     8   500     2     1     1     1     1    57 1.940
4i5sA01     1    10     8   500     3     1     1     1     1    65 3.300
7oslA01     1    10     8   540     2     1     2     1     1    83 3.100
4gh9A01     1    10     8   950     2     1     1     1     1    70 1.650
6dkuA01     1    10     8   950     3     1     1     1     1    73 2.600
3e9sA02     1    10     8  1190     1     1     1     5     1   123 2.500
4xgiA01     1    10     8  1210     1     1     1     1     1    63 2.000
3k92A01     1    10     8  1210     2     1     1     1     1    60 2.300
1fliA00     1    10    10    10     5     2     1     3     1    98 999.000
2fq3A00     1    10    10    10     7     1     1     1     1    85 1.400
1i27A00     1    10    10    10    10     1     1     1     1    73 1.020
1y0uA00     1    10    10    10    16     1     1     1     1    86 1.600
1ucrB00     1    10    10    10    18     1     1     1     1    75 1.200
6jyiA01     1    10    10    10    19     3     1     1     1    87 1.920
2qyoB01     1    10    10    10    20     1     2     1     1   103 1.950
5jbrA01     1    10    10    10    21     1     1     1     1    86 1.650
5d6eA02     1    10    10    10    28     1     1     1     1    80 1.490
2v9vA02     1    10    10    10    31     1     1     1     1    69 1.100
6exlA02     1    10    10    10    32     1     1     5     1   100 1.900
2od5A00     1    10    10    10    33     1     1     1     1    89 1.790
1fbsA00     1    10    10    10    34     1     1     2     1    88 2.000
2qvoA00     1    10    10    10    43     1     1     1     1    87 1.850
1fp1D01     1    10    10    10    45     2     1     1     1   105 1.820
7cluA01     1    10    10    10    48     1     1     1     1    89 1.900
1f9nB01     1    10    10    10    52     1     4     1     1    60 2.700
2ip2A01     1    10    10    10    53     1     1     1     1    84 1.800
1dp7P00     1    10    10    10    55     1     1     1     1    76 1.500
2hztA00     1    10    10    10    61     1     1     3     1    91 2.000
4x6gD01     1    10    10    10    62     1     1     1     1    88 2.000
6ga0A02     1    10    10    10    63     1     2     1     1    85 2.000
2obpA00     1    10    10    10    65     1     1     1     1    80 1.700
7txnA01     1    10    10    10    68     1     1     1     1    90 1.950
2qm3A01     1    10    10    10    72     1     2     1     1    82 2.050
3b02A02     1    10    10    10    73     1     1     1     1    85 1.920
5nl9A01     1    10    10    10    74     1     1     1     1    84 1.900
5suzA01     1    10    10    10    75     1     1     2     1    80 1.840
2a07J00     1    10    10    10    81     1     1     1     1    83 1.900
7lzaA02     1    10    10    10    87     1     1     1     1    90 2.030
3keoA01     1    10    10    10    88     1     1     1     1    72 1.500
4hw0C00     1    10    10    10    89     1     1     1     1    91 2.000
4esjA02     1    10    10    10    92     1     1     1     1    90 2.050
3f72D00     1    10    10    10    93     1     1     2     1   100 2.310
5ae5B01     1    10    10    10    94     2     1     1     1    69 2.650
1xdsB01     1    10    10    10    99     3     1     1     1    90 2.300
4hlyA00     1    10    10    10   101     1     1     1     1   106 1.480
2v9vA01     1    10    10    10   103     1     1     1     1    60 1.100
3mczA01     1    10    10    10   107     1     1     1     1    81 1.900
1ixsB03     1    10    10    10   110     2     1     2     1    75 3.200
4g6qA01     1    10    10    10   116     1     1     1     1    85 2.080
3mq0A01     1    10    10    10   120     1     1     1     1    77 1.790
5vyvB01     1    10    10    10   121     2     2     1     1    91 2.480
2ev6A01     1    10    10    10   124     1     1     2     1    70 1.700
4r1hA01     1    10    10    10   126     3     1     1     1    72 1.760
2o8xA00     1    10    10    10   136     2     1     1     1    61 3.000
4ou0A00     1    10    10    10   138     1     1     1     1    65 1.400
1xsvA00     1    10    10    10   144     1     1     1     1   104 1.700
3o2pE00     1    10    10    10   145     1     1     1     1    86 2.230
3sfzA03     1    10    10    10   151     1     2     1     1    74 3.000
2co5A00     1    10    10    10   153     1     1     1     1    92 2.200
1c0wA01     1    10    10    10   155     1     1     7     1    73 3.200
4ivnA01     1    10    10    10   156     1     1     1     1    76 1.900
1t6sB02     1    10    10    10   158     1     1     1     1    77 1.950
4kibA01     1    10    10    10   161     1     1     1     1    98 2.000
3h3zA02     1    10    10    10   163     1     1     2     1    87 2.350
3w6kC00     1    10    10    10   170     1     1     1     1    87 2.370
5dcfA02     1    10    10    10   172     2     1     1     1    56 2.300
1bjaA00     1    10    10    10   178     1     1     1     1    95 2.190
1fc3B00     1    10    10    10   185     1     1     1     1   101 2.000
6oinA01     1    10    10    10   188     1     1     1     1    67 1.700
1ub9A00     1    10    10    10   193     1     1     1     1   100 2.050
1a04A02     1    10    10    10   194     1     1     1     1    80 2.200
2r7dA01     1    10    10    10   198     1     1     1     1    69 1.800
4wcgA00     1    10    10    10   200     1     1     1     1    61 1.500
1fokA02     1    10    10    10   201     1     2     1     1    87 2.800
2r3sB01     1    10    10    10   202     1     1     1     1    78 2.150
1lddA00     1    10    10    10   203     1     1     1     1    74 2.000
7pb9A01     1    10    10    10   210     1     1     1     1    68 1.800
1fnnB03     1    10    10    10   212     1     1     1     1   103 2.000
3tgnB02     1    10    10    10   219     2     1     1     1    63 2.000
2dqlA00     1    10    10    10   227     1     2     1     1   115 1.700
1d3yA01     1    10    10    10   230     1     1     1     1    71 2.000
2ga1A02     1    10    10    10   231     1     1     1     1    71 2.000
4ipaA02     1    10    10    10   235     2     1     1     1    61 2.300
5u8jB02     1    10    10    10   236     2     2     1     1    79 2.520
3aafA00     1    10    10    10   244     1     1     1     1   109 1.900
5m59A09     1    10    10    10   246     2     1     1     1    88 3.200
4kt5C00     1    10    10    10   247     1     1     1     1    88 2.700
6uvuA01     1    10    10    10   248     1     1     1     1   104 2.100
3p7nA02     1    10    10    10   249     1     1     1     1    72 2.100
1repC02     1    10    10    10   250     1     1     1     1    91 2.600
4p55B00     1    10    10    10   252     1     1     1     1    94 2.500
3t5xA02     1    10    10    10   253     1     1     1     1    72 2.120
3gz5B02     1    10    10    10   254     1     1     1     1    74 2.200
1tbxB00     1    10    10    10   256     1     1     1     1    89 2.700
5cvrA02     1    10    10    10   259     1     1     1     1    84 2.600
3c1dB01     1    10    10    10   261     1     1     1     1    62 1.800
3u9gA01     1    10    10    10   262     1     1     1     1    62 1.800
3ihuA01     1    10    10    10   264     1     1     1     1    65 1.920
2heoA00     1    10    10    10   268     1     1     1     1    59 1.700
1cf7B00     1    10    10    10   277     1     1     1     1    82 2.600
6jtzA02     1    10    10    10   279     1     1     2     1   106 2.800
7cv2A01     1    10    10    10   283     1     1     1     1    60 1.800
3d5lB01     1    10    10    10   286     1     1     1     1   102 2.350
3eetA01     1    10    10    10   287     1     1     1     1    64 1.970
3vfzB00     1    10    10    10   288     1     1     1     1    62 1.900
3ispA01     1    10    10    10   289     1     1     1     1    83 2.700
2qenA03     1    10    10    10   298     1     1     1     1    70 2.250
4ha8A01     1    10    10    10   302     1     1     2     1    63 2.650
1okrA01     1    10    10    10   308     1     2     1     1    64 2.400
1if1B00     1    10    10    10   312     1     2     1     1   104 3.000
4a0zA01     1    10    10    10   314     1     1     1     1    59 1.900
2ia2B01     1    10    10    10   317     1     1     1     1    64 2.100
3g3zA02     1    10    10    10   318     1     1     1     1    64 2.100
1q1hA00     1    10    10    10   319     1     1     1     1    85 2.900
1t98A01     1    10    10    10   320     1     1     1     1    85 2.900
3dfgA01     1    10    10    10   321     1     1     1     1    48 1.500
4hf2A00     1    10    10    10   328     1     2     3     1   115 2.990
7ae1O01     1    10    10    10   332     1     1     1     1    81 2.800
5f7qC01     1    10    10    10   336     1     1     1     1    70 2.400
6paxA01     1    10    10    10   337     1     3     1     1    68 2.500
5y6iA01     1    10    10    10   339     1     1     1     1    73 2.520
3dfgA02     1    10    10    10   340     1     1     1     1    46 1.500
3majA02     1    10    10    10   346     1     1     1     1    60 2.050
2mh9A00     1    10    10    10   350     1     1     2     1   127 999.000
4b8xA00     1    10    10    10   351     1     1     2     1   139 1.250
3c18A03     1    10    10    10   352     1     1     1     1    55 1.900
7dwmB02     1    10    10    10   354     2     1     1     1    67 2.650
3c57B00     1    10    10    10   356     1     1     1     1    49 1.700
1lvaA04     1    10    10    10   358     1     1     1     1    60 2.120
3t0yA02     1    10    10    10   361     1     1     1     1    59 2.100
2efwG00     1    10    10    10   366     1     1     2     1   108 2.500
2qufA01     1    10    10    10   367     1     1     2     1    66 2.800
2jt1A00     1    10    10    10   372     2     1     1     1    71 999.000
1xn7A00     1    10    10    10   376     1     2     1     1    78 999.000
6az1a00     1    10    10    10   385     1     1     1     1    72 2.700
2p7vB00     1    10    10    10   397     1     1     1     1    68 2.600
1xd7A00     1    10    10    10   398     1     1     1     1   116 2.300
2xvcA00     1    10    10    10   400     1     1     1     1    56 2.150
6wshA02     1    10    10    10   403     1     1     1     1    55 2.120
3c1dA03     1    10    10    10   408     1     1     1     1    46 1.800
1cf7A00     1    10    10    10   409     1     1     1     1    67 2.600
1ka8A00     1    10    10    10   412     1     1     1     1   100 2.950
3sqnB01     1    10    10    10   413     1     1     1     1    59 2.310
2m87A00     1    10    10    10   419     1     2     1     1   103 999.000
2a5yC03     1    10    10    10   425     1     1     1     1   111 2.600
4mnuB00     1    10    10    10   429     1     1     1     1   130 1.900
2cfxA01     1    10    10    10   431     2     1     1     1    50 2.400
2qlzA03     1    10    10    10   432     1     1     1     1    61 2.500
3j7aO00     1    10    10    10   436     1     1     1     1    79 3.200
7jgsG02     1    10    10    10   441     1     1     1     1    98 3.200
7lw0A01     1    10    10    10   446     2     1     1     1    53 2.320
3dptB01     1    10    10    10   447     1     1     1     1    69 2.900
2nraC02     1    10    10    10   448     1     1     1     1   102 3.100
3hruB01     1    10    10    10   449     2     1     1     1   125 2.900
8agaA01     1    10    10    10   452     1     1     1     1   126 2.210
3d5lA02     1    10    10    10   456     2     1     1     1    45 2.350
1p4xA01     1    10    10    10   457     1     1     1     1   127 2.200
1u3eM02     1    10    10    10   459     1     1     1     1    68 2.920
2a6hF02     1    10    10    10   461     1     1     1     1    54 2.400
7dvrA01     1    10    10    10   463     1     1     1     1   141 1.700
3d5lA03     1    10    10    10   464     1     1     1     1    52 2.350
1u5tB01     1    10    10    10   465     1     1     1     1    85 3.600
1ev7B02     1    10    10    10   468     1     1     1     1   124 2.380
1pdnC02     1    10    10    10   470     1     1     1     1    55 2.500
2ipqX01     1    10    10    10   484     1     1     1     1    44 2.200
6ldiF01     1    10    10    10   491     1     1     1     1    96 3.690
4y66F01     1    10    10    10   495     1     1     1     1    66 3.200
8d0bB03     1    10    10    10   496     1     1     1     1    72 3.430
8f8uA01     1    10    10    10   499     1     1     1     1    56 2.850
7r3eA02     1    10    10    10   503     2     1     1     1    56 3.460
4gcvC00     1    10    10    10   505     1     1     1     1   136 2.300
1hkqA00     1    10    10    10   508     1     1     1     1   125 2.750
3k69A00     1    10    10    10   509     1     1     1     1   147 1.950
1u78A02     1    10    10    10   519     1     1     1     1    45 2.690
6f40P01     1    10    10    10   521     1     1     1     1    71 3.700
1o7fA02     1    10    10    10   523     2     1     1     1   156 2.500
5e1wA00     1    10    10    10   527     1     1     1     1   168 1.390
4em2A00     1    10    10    10   528     1     1     1     1   150 2.080
7s03A02     1    10    10    10   529     1     1     1     1    33 2.370
5zyrA02     1    10    10    10   531     1     1     1     1   151 2.200
2fbkA00     1    10    10    10   532     1     1     2     1   156 2.300
2zbkA01     1    10    10    10   536     1     1     1     1   121 3.560
4u7bA02     1    10    10    10   538     1     1     1     1    39 3.090
3gw6D02     1    10    10    10   543     1     1     1     1   161 2.600
1x1aA01     1    10    10    10   545     1     1     1     1   177 2.600
4q48A03     1    10    10    10   546     1     1     1     1   172 2.800
1yqaA00     1    10    10    10   547     1     2     1     1    87 999.000
1uhwA00     1    10    10    10   560     1     2     1     1   109 999.000
1d8jA00     1    10    10    10   561     1     1     1     1    81 999.000
1g4dA00     1    10    10    10   566     2     1     1     1    69 999.000
2eljA01     1    10    10    10   569     1     1     1     1    75 999.000
1bbyA00     1    10    10    10   575     1     1     1     1    69 999.000
2rn7A01     1    10    10    10   581     1     1     1     1    66 999.000
2jtvA00     1    10    10    10   583     1     1     1     1    65 999.000
2mtfA00     1    10    10    10   586     1     1     1     1   114 999.000
2htjA01     1    10    10    10   590     1     1     1     1    60 999.000
2m8eA00     1    10    10    10   592     1     1     1     1    57 999.000
1s6lA01     1    10    10    10   594     1     1     1     1    52 999.000
7xx7V01     1    10    10    10   597     1     1     1     1    69 1000.000
2xzmT00     1    10    10    10   598     1     1     1     1   150 1000.000
6qecA00     1    10    10    60     2     2     1     1     1    65 1.900
1z0xA01     1    10    10    60     3     2     1     1     1    64 2.400
6kksA01     1    10    10    60    12     2     1     1     1    57 2.150
2kt0A01     1    10    10    60    24     2     1     1     1    47 999.000
1u8bA02     1    10    10    60    25     1     1     1     1    59 2.100
2optB01     1    10    10    60    27     1     1     1     1    63 2.050
3lsgA02     1    10    10    60    31     2     1     1     1    47 2.050
4iejA00     1    10    10    60    35     1     1     1     1    75 1.450
3e7lA00     1    10    10    60    36     1     1     1     1    60 2.250
3qqaA01     1    10    10    60    37     1     1     1     1    59 2.200
1bl0A02     1    10    10    60    38     1     1     1     1    60 2.300
2of7A01     1    10    10    60    43     2     1     1     1    51 2.300
1w0tA00     1    10    10    60    49     1     1     1     1    52 2.000
1gv2A02     1    10    10    60    52     1     1     1     1    46 1.680
1hlvA02     1    10    10    60    57     1     1     1     1    60 2.500
1pogA00     1    10    10    60    61     2     1     3     1    62 999.000
1bl0A01     1    10    10    60    62     1     1     1     1    56 2.300
1f36A00     1    10    10    60    71     1     1     8     1    89 2.650
1umqA00     1    10    10    60    72     2     1     1     1    60 999.000
1b72A00     1    10    10    60    77     1     1     1     1    68 2.350
1hcrA00     1    10    10    60    78     1     1     1     1    52 2.300
6fqpA00     1    10    10    60    82     1     1     1     1    67 2.420
3sdgA01     1    10    10    60    86     1     1     1     1    42 1.870
1tc3C00     1    10    10    60    92     1     1     1     1    51 2.450
7bhyA01     1    10    10    60    93     1     1     1     1    48 2.300
1rr7A01     1    10    10    60    95     1     1     1     1    46 2.200
1mnmC00     1    10    10    60   103     1     1     1     1    77 2.250
4jp0A03     1    10    10    60   105     1     1     1     1    34 1.800
1ic8A02     1    10    10    60   106     1     1     1     1    74 2.600
2ao9I01     1    10    10    60   107     1     1     1     1    87 1.900
4eefH00     1    10    10    60   110     1     1     1     1    47 2.700
2pmzN00     1    10    10    60   111     1     2     1     1    64 3.400
4g12A01     1    10    10    60   112     2     1     1     1    43 3.440
4bkxA02     1    10    10    60   118     1     1     1     1    48 3.000
1ojlA03     1    10    10    60   120     1     1     1     1    47 3.000
1ofcX04     1    10    10    60   122     1     1     1     1    95 1.900
4dyqA01     1    10    10    60   124     1     1     1     1   103 1.500
1gdtB03     1    10    10    60   125     1     1     1     1    45 3.000
4fcyB02     1    10    10    60   127     1     1     1     1    65 3.710
4ndlB00     1    10    10    60   131     1     1     1     1    45 3.500
4b4cA02     1    10    10    60   132     1     1     1     1   111 1.620
3oioA00     1    10    10    60   133     1     1     1     1   111 1.650
4fcyA01     1    10    10    60   135     1     1     1     1    78 3.710
3w6vA00     1    10    10    60   140     1     1     1     1   111 2.950
2gloA00     1    10    10    60   143     1     1     1     1    59 999.000
2jmwA01     1    10    10    60   146     1     1     1     1    63 999.000
2ecbA01     1    10    10    60   152     2     1     1     1    51 999.000
2cqqA01     1    10    10    60   156     1     1     1     1    67 999.000
1wh7A01     1    10    10    60   158     1     1     1     1    53 999.000
2ys9A00     1    10    10    60   165     1     1     1     1    70 999.000
1x58A01     1    10    10    60   170     1     1     1     1    48 999.000
2eqrA01     1    10    10    60   171     1     2     1     1    46 999.000
2llkA01     1    10    10    60   178     1     1     1     1    41 999.000
2k9qA01     1    10    10    60   180     1     1     1     1    40 999.000
6hu9j00     1    10    10   140     1     2     1     1     1    77 3.350
4c2uA02     1    10    10   160     2     1     1     1     1    81 2.550
1uaaA02     1    10    10   160     4     1     1     1     1    74 3.000
1w36F02     1    10    10   160     5     1     1     1     1   100 3.100
1aa7A02     1    10    10   180     1     1     1     2     1    78 2.080
1lfpA01     1    10    10   200     2     2     1     1     1    63 1.720
5cz2G00     1    10    10   200     4     2     1     1     1    41 2.720
7u32G01     1    10    10   200     6     1     1     1     1    56 3.460
1hc8B00     1    10    10   250     2     2     2     1     1    70 2.800
1irxA05     1    10    10   350     6     1     1     1     1    93 2.600
3h36A00     1    10    10   400     1     1     1     1     1    76 1.800
4aidA02     1    10    10   400     5     1     1     1     1    82 2.600
5j47A01     1    10    10   510     1     1     2     1     1    91 1.990
2gxaE01     1    10    10   510     2     1     1     2     1    73 3.150
3kycB02     1    10    10   520     2     1     1     2     1   186 2.450
1w5cC02     1    10    10   670     1     1     1     3     1   114 3.200
2mysA03     1    10    10   820     2     1     1     1     1    58 2.800
1sfkA00     1    10    10   930     3     1     2     1     1    73 3.200
4ccjA02     1    10    10  1500     2     1     1     1     1    64 2.150
8e9gE01     1    10    10  1590     4     1     1     1     1    63 2.600
4a18Q01     1    10    10  1760     2     1     1     1     1    69 1000.000
6sdkA01     1    10    10  2830     1     2     1     1     1    97 1.810
3qxzA02     1    10    12    10     4     1     1     1     1    60 1.350
2hw5A02     1    10    12    10     6     3     2     1     1    57 2.550
4wczA02     1    10    12    10     8     1     1     1     1    54 1.820
5kjpA02     1    10    12    10     9     1     1     1     1    56 1.800
4u19B02     1    10    12    10    14     1     1     1     1    52 1.880
2vreA02     1    10    12    10    15     1     2     1     1    50 1.950
3hinA02     1    10    12    10    16     1     1     1     1    55 2.000
4jcsA02     1    10    12    10    19     1     1     1     1    61 1.770
1jxzC02     1    10    12    10    23     1     1     1     1    60 1.900
4og1A02     1    10    12    10    24     1     1     1     1    58 2.050
4nekA02     1    10    12    10    25     1     1     1     1    54 2.300
3swxA02     1    10    12    10    27     1     1     1     1    58 2.100
4jvtA02     1    10    12    10    32     1     1     1     1    41 1.650
4di1C02     1    10    12    10    35     1     1     1     1    41 2.250
3t8aC02     1    10    12    10    36     2     1     1     1    39 2.250
1vq8W02     1    10    15    30     1     1     1     1     1    56 2.200
6uphD00     1    10    20    10     4     1     1     2     1    96 2.700
4e45C00     1    10    20    10     5     1     1     2     1    94 2.000
1p3gF00     1    10    20    10    12     1     1     5     1    87 2.700
3b0dB00     1    10    20    10    13     1     1     1     1    95 2.200
1id3G00     1    10    20    10    16     1     5     3     1   108 3.100
2hueB00     1    10    20    10    17     1     1     1     1    75 1.700
6y36C01     1    10    20    10    20     1     1     2     1    99 2.300
6f3tE01     1    10    20    10    31     2     1     1     1    63 2.500
3b0dC00     1    10    20    10    32     1     1     1     1    75 2.200
1tafA00     1    10    20    10    34     1     1     1     1    68 2.000
1f1eA00     1    10    20    10    38     1     1     1     1   147 1.370
3v9rB00     1    10    20    10    39     1     1     1     1    68 2.400
1kx5A00     1    10    20    10    41     1     1     1     1   135 1.940
1jfiB00     1    10    20    10    48     1     1     1     1   135 2.620
6a7uA00     1    10    20    10    49     2     1     1     1   170 2.600
1bh9A00     1    10    20    10    51     1     1     1     1    45 2.600
7lv8B01     1    10    20    10    52     1     1     1     1    63 3.400
2l5aA00     1    10    20    10    55     1     1     1     1   225 999.000
3ip4C01     1    10    20    60     1     1     1     1     1    44 1.900
3a1kA01     1    10    20    60     2     1     1     1     1    54 2.170
1i11A00     1    10    30    10     2     4     1     1     1    70 999.000
2hdzA00     1    10    30    10     6     1     1     1     1    66 2.000
3tmmA01     1    10    30    10     8     1     1     1     1   106 2.500
7cyuA01     1    10    30    10     9     1     1     1     1    57 2.550
2d7lA01     1    10    30    10    22     1     1     1     1    53 999.000
3bhgA03     1    10    40    30     3     2     1     1     1    61 1.900
1dofA03     1    10    40    30     5     1     1     1     1    56 2.100
6ig5A03     1    10    40    30     6     2     1     1     1    72 2.080
3gtdA03     1    10    40    30     7     1     4     1     1    48 2.400
6rxaA01     1    10    40    30     9     1     1     1     1    87 1.440
4nleA03     1    10    40    30    12     1     1     1     1    76 2.160
3oceA03     1    10    40    30    14     1     1     1     1    55 2.580
1q5nA03     1    10    40    30    16     1     1     1     1    81 2.300
3u13A02     1    10    40    40     1     2     2     1     1    55 1.600
3bwvA02     1    10    40    40     2     1     1     1     1    39 1.550
2vfrA05     1    10    45    10     2     1     1     1     1    38 1.100
3js8A04     1    10    45    10     3     1     1     1     1    50 1.540
5fxdA04     1    10    45    10     5     1     1     1     1    55 1.700
4bbyA06     1    10    45    10     6     1     1     1     1    41 1.900
6ktaB02     1    10    60    10     1     1     2     1     1    64 2.300
1bi0A02     1    10    60    10     2     1     1     6     1    65 2.300
2h09A02     1    10    60    10     3     1     1     1     1    56 2.100
3j7aW01     1    10    60    20     2     2     1     1     1    60 3.200
1tgrA00     1    10   100    10     1     1     1     1     1    52 1.420
5nm7G01     1    10   101    10     1     2     1     1     1    69 1.720
3d2yA02     1    10   101    10     4     1     1     1     1    84 1.750
7aj9A01     1    10   101    10     9     1     1     1     1    67 2.350
1eakA01     1    10   101    10    10     1     1     1     1    63 2.660
2n2zA00     1    10   110    10     1     1     2     1     1    93 999.000
1l6hA00     1    10   110    10     3     2     1     1     1    69 999.000
1hypA00     1    10   110    10     5     1     1     1     1    75 1.800
8db4E01     1    10   110    10     6     1     1     1     1    83 2.300
1beaA00     1    10   110    10     8     1     1     1     1   116 1.950
6s3fA01     1    10   110    10    10     1     1     1     1    57 1.680
2lvfA00     1    10   110    10    15     1     1     1     1   114 999.000
4oydB00     1    10   132    20     2     1     1     1     1   117 1.800
4jlrC00     1    10   132    20     3     1     2     1     1   100 2.710
5wp3B00     1    10   132    20     4     2     1     1     1   102 2.550
7ye1D01     1    10   132    30     1     3     1     1     1   126 3.700
4c2mA06     1    10   132    30     8     1     1     1     1   164 2.800
5fj8A06     1    10   132    30     9     3     1     1     1   147 3.900
7s00D01     1    10   132    30    10     1     1     1     1   122 3.300
4qclA05     1    10   132    60     4     1     1     1     1   168 2.200
2gv9B06     1    10   132    60     8     1     1     1     1   203 2.680
3ju5A01     1    10   135    10     2     2     1     1     1    91 1.750
1cmbA00     1    10   140    10     1     1     1     1     1   104 1.800
1dgsA05     1    10   150    20     6     2     1     1     1    69 2.900
3mfiA03     1    10   150    20     8     1     1     1     1    76 1.760
3mabA00     1    10   150    20    11     1     1     1     1    85 1.420
2nrtA02     1    10   150    20    14     1     1     1     1    62 1.500
3zdbA02     1    10   150    20    16     1     1     1     1    89 1.470
4i2aA02     1    10   150    20    19     3     1     1     1    59 1.900
6ib8C01     1    10   150    20    20     1     1     1     1    60 1.650
4p4mA01     1    10   150    20    23     2     1     1     1    63 1.920
2q0zX02     1    10   150    20    25     2     1     1     1    56 2.000
1b43A02     1    10   150    20    28     2     1     1     1    61 2.000
3c1yA03     1    10   150    20    37     1     1     1     1    63 2.100
4q45A03     1    10   150    20    38     1     1     2     1    55 2.180
7klfA03     1    10   150    20    46     1     1     1     1    59 2.300
2p6rA04     1    10   150    20    47     2     1     1     1    56 3.000
4ez6A04     1    10   150    20    49     1     2     1     1   113 1.640
1bvsA02     1    10   150    20    51     2     1     1     1    70 1000.000
5m59A05     1    10   150    20    55     3     1     1     1    57 3.200
2zubB01     1    10   150    20    60     1     1     1     1    50 2.900
4yfkA03     1    10   150    20    61     1     1     1     1    63 3.570
7r0kA02     1    10   150    20    66     1     1     1     1   166 2.970
1aroP05     1    10   150    20    67     1     1     1     1   209 2.800
1b22A00     1    10   150    20    68     1     1     1     1    70 999.000
1z00B00     1    10   150    20    69     1     1     1     1    84 999.000
2mutA00     1    10   150    20    71     1     1     1     1    96 999.000
2l5yA02     1    10   150    50     6     3     1     1     1    68 999.000
2d3dA00     1    10   150    50    17     1     1     1     1    83 1.600
3tacB03     1    10   150    50    23     1     2     1     1    85 2.200
3k1rB00     1    10   150    50    24     1     1     1     1    74 2.300
1sv0D00     1    10   150    50    27     1     1     1     1    81 2.070
3tacB02     1    10   150    50    28     1     2     1     1    80 2.200
6qwvH02     1    10   150    50    30     1     1     1     1    58 2.470
3tadB01     1    10   150    50    33     1     2     1     1    99 2.900
4mhvA00     1    10   150    50    34     1     1     1     1    94 2.450
2lpeA02     1    10   150    50    40     1     1     1     1    71 999.000
1z1vA00     1    10   150    50    42     1     1     1     1    70 999.000
2eapA01     1    10   150    50    45     1     1     1     1    77 999.000
2dl0A01     1    10   150    50    53     1     1     1     1    59 999.000
1v85A00     1    10   150    50    56     1     1     1     1    91 999.000
1wudA00     1    10   150    80     3     1     1     1     1    72 2.200
4qjfB02     1    10   150    80     4     2     1     1     1    68 2.310
2dgzA01     1    10   150    80     5     1     1     2     1    89 999.000
1yt3A02     1    10   150    80     6     1     1     1     1    99 1.600
3cymA03     1    10   150    80     7     1     1     1     1    88 2.100
3safA02     1    10   150    80    12     1     1     1     1   100 2.500
2pmzF02     1    10   150    80    14     1     2     1     1    39 3.400
2k4hA01     1    10   150    90     2     1     2     1     1   109 999.000
4ic9A00     1    10   150    90     4     1     1     1     1   130 2.000
1hekA00     1    10   150    90     5     1     1     1     1   113 2.800
3mdaA01     1    10   150   110     4     1     1     3     1    81 2.030
1bpeA01     1    10   150   110     6     1     2     1     1    43 2.900
6vwbA01     1    10   150   110     7     1     1     2     1    69 999.000
1rm6C02     1    10   150   120     1     2     1     1     1    79 1.600
3uncA02     1    10   150   120     3     1     1     1     1   102 1.650
1dgjA02     1    10   150   120     4     1     2     1     1   119 2.800
4acoA01     1    10   150   130     2     1     1     1     1   110 1.890
2a3vB01     1    10   150   130     7     1     1     1     1    94 2.800
2kkpA00     1    10   150   130    12     1     1     1     1   117 999.000
2kj9A00     1    10   150   130    15     1     1     1     1   118 999.000
2a19A02     1    10   150   190     3     1     1     1     1    85 2.500
1j97A02     1    10   150   210     1     1     1     3     1    61 1.500
4ap9A02     1    10   150   210     4     1     1     1     1    59 1.780
4uavA02     1    10   150   240     3     2     1     1     1    85 1.300
3qubA02     1    10   150   240     4     1     1     4     1    71 1.900
1aq6A02     1    10   150   240     5     1     1     2     1    75 1.950
4ex6A02     1    10   150   240     6     1     1     1     1    67 1.250
4jb3A02     1    10   150   240     7     1     1     1     1    72 1.500
1cqzB02     1    10   150   240     9     2     1     1     1    80 2.800
2ymmA02     1    10   150   240    10     1     1     1     1    73 1.640
2fi1A02     1    10   150   240    13     1     1     1     1    64 1.400
1te2A02     1    10   150   240    16     1     1     1     1    70 1.760
3cnhB02     1    10   150   240    20     1     1     1     1    66 1.660
3mc1A02     1    10   150   240    21     2     1     1     1    65 1.930
2hdoA02     1    10   150   240    23     1     1     1     1    60 1.500
3e58A02     1    10   150   240    26     1     1     1     1    66 1.860
3l5kA02     1    10   150   240    28     1     1     1     1    68 2.000
1rdfA02     1    10   150   240    29     2     1     3     1    78 2.800
3umgA02     1    10   150   240    33     1     1     1     1    71 2.250
3d6jA02     1    10   150   240    34     1     1     1     1    65 2.000
2go7A02     1    10   150   240    35     1     1     1     1    67 2.100
2w43A02     1    10   150   240    36     1     1     1     1    57 1.660
2fdrA02     1    10   150   240    37     1     1     1     1    64 2.000
2nyvA02     1    10   150   240    38     1     1     1     1    64 2.100
4uw9A02     1    10   150   240    39     1     1     1     1    81 2.300
3s6jE02     1    10   150   240    40     1     1     1     1    65 2.200
1t94B01     1    10   150   810     2     1     1     2     1    93 2.400
3ei3A04     1    10   150   910     1     1     1     1     1    85 2.300
2dlrA00     1    10   167    10     2     2     1     2     1   149 999.000
1fqjB02     1    10   167    10     8     1     1     1     1    79 2.020
3pvuA02     1    10   167    10     9     1     2     1     1    80 2.480
3ab3D00     1    10   167    10    11     1     1     1     1   165 2.400
2acxA01     1    10   167    10    16     2     1     1     1   205 2.600
3jamI03     1    10   168    20     2     1     1     1     1    46 3.460
1dk8A01     1    10   196    10     1     1     1     1     1    48 1.570
6ra3A02     1    10   210    20     1     2     1     1     1    70 2.000
2ii2A04     1    10   220    10     1     1     1     1     1    79 1.100
1anxA04     1    10   220    10     5     2     2     2     1    72 1.900
4x9pA03     1    10   220    10     8     1     2     1     1    80 2.010
2ii2A02     1    10   220    10    12     1     1     1     1    58 1.100
2ii2A03     1    10   220    10    18     1     1     1     1    98 1.100
1n00A02     1    10   220    10    21     1     1     1     1    72 2.100
1n00A04     1    10   220    10    22     1     1     1     1    72 2.100
1avcA07     1    10   220    10    25     1     1     1     1    75 2.900
1bc9A01     1    10   220    20     1     1     4     1     1    79 999.000
2crwA00     1    10   220   150     2     1     2     1     1   149 999.000
2iqjB00     1    10   220   150     3     1     1     1     1   123 1.900
2owaA01     1    10   220   150     5     1     1     1     1   120 2.000
5nxbC00     1    10   225    10     3     1     2     1     1    80 3.600
1qdmA03     1    10   225    10     4     2     1     1     1    78 2.300
1n69B00     1    10   225    10     6     1     1     2     1    80 2.200
3s64A00     1    10   225    10     8     1     1     1     1    81 2.300
1of9A00     1    10   225    10    12     1     1     1     1    77 999.000
4e6yA03     1    10   230    10     2     3     4     1     1   107 2.500
1a75A00     1    10   238    10     3     1     4     1     1   106 1.900
2mrdA00     1    10   238    10     5     1     2     3     1   101 999.000
4m2pA02     1    10   238    10     6     1     1     2     1    88 1.450
2khnA00     1    10   238    10     7     1     1     2     1   121 999.000
1fpwA01     1    10   238    10     8     4     1     1     1    89 999.000
3op0A02     1    10   238    10    10     2     1     2     1    86 2.520
3tduA01     1    10   238    10    12     1     1     1     1    90 1.500
3o4yA01     1    10   238    10    13     1     2     1     1   110 2.200
1eg3A03     1    10   238    10    36     1     1     1     1    91 2.000
1y1aA01     1    10   238    10    46     1     1     1     1    96 2.300
1eg3A04     1    10   238    10    56     1     1     1     1    82 2.000
4gftA00     1    10   238    10    59     1     1     2     1    63 1.600
4c0kA01     1    10   238    10    62     1     2     1     1   101 2.800
3jtdC01     1    10   238    10    68     1     1     3     1    78 2.570
3jvtB01     1    10   238    10    72     1     1     1     1    80 2.100
4ygbB00     1    10   238    10    83     1     1     1     1    63 1.600
1uurA03     1    10   238    10    94     1     1     1     1    88 2.700
3i5gB02     1    10   238    10    95     2     1     1     1    69 2.600
3a8rA01     1    10   238    10    99     1     1     1     1   113 2.400
1ij5A02     1    10   238    10   104     1     1     1     1    98 3.000
1bg1A03     1    10   238    10   106     1     1     1     1   122 2.250
6e1mA01     1    10   238    10   109     1     1     1     1    95 3.300
1djxB01     1    10   238    10   118     1     1     1     1    52 2.300
1sraA00     1    10   238    10   122     1     1     1     1   151 2.000
8emxA01     1    10   238    10   124     1     1     1     1    75 3.300
4wriA00     1    10   238    10   126     1     1     1     1   171 1.400
6ocxA00     1    10   238    10   127     1     1     1     1   159 1.900
1hqvA00     1    10   238    10   131     1     1     5     1   178 2.300
1ij5A03     1    10   238    10   135     1     1     1     1   131 3.000
1qv0A00     1    10   238    10   136     1     1     1     1   185 1.100
4i5jA02     1    10   238    10   137     1     1     1     1   157 2.090
1v1gA00     1    10   238    10   138     2     1     2     1   188 2.700
1qxpA05     1    10   238    10   140     1     2     3     1   161 2.800
4d1eA04     1    10   238    10   142     1     1     1     1    67 3.500
2ccmA00     1    10   238    10   151     1     1     3     1   190 1.800
7eebI01     1    10   238    10   155     1     1     1     1   169 2.900
3sibA00     1    10   238    10   157     1     1     2     1   203 1.900
4c0kA02     1    10   238    10   159     2     1     1     1   198 2.800
1pulA00     1    10   238    10   169     1     1     1     1   103 999.000
2m7lA01     1    10   238    10   172     1     1     1     1    86 999.000
2kbiA01     1    10   238    10   179     1     1     1     1    79 999.000
2m7lA02     1    10   238    10   189     1     1     1     1    58 999.000
1jfkA02     1    10   238    10   191     1     1     1     1    50 999.000
2kldA01     1    10   238    10   192     1     1     1     1    46 999.000
1nyaA00     1    10   238    10   193     1     1     1     1   176 999.000
2lvvA00     1    10   238    10   194     1     1     1     1   220 999.000
7uo6A01     1    10   238    20     5     3     1     1     1   141 999.000
5dicA00     1    10   238    20     6     1     1     1     1   115 1.190
1ow4A00     1    10   238    20    10     1     1     1     1   120 1.600
4pt1B00     1    10   238    20    11     1     1     1     1   128 1.650
3dxlA01     1    10   238    20    15     1     1     1     1   147 1.300
3nhiA02     1    10   238    20    16     1     1     1     1   146 1.430
4ozdA00     1    10   238    20    22     1     2     1     1   120 2.950
8bslA01     1    10   238   210     2     1     1     1     1    78 2.380
3i05B02     1    10   240    10     9     3     1     1     1    86 2.800
2pidA02     1    10   240    10    12     3     1     1     1    87 2.200
2g36A02     1    10   240    10    16     1     1     1     1   107 2.500
2j5bA02     1    10   240    10    17     1     1     1     1   122 2.200
2yy5A02     1    10   240    10    19     1     1     1     1   119 2.550
5usfA03     1    10   240    10    21     1     1     1     1    95 2.750
2vyrA00     1    10   245    10     2     1     1     6     1    86 2.000
1v31A00     1    10   245    10     8     2     1     1     1    93 999.000
2ruhA00     1    10   245    10    10     1     1     1     1   131 999.000
5yxeA03     1    10   246    10     1     1     7     1     1    92 3.400
4f5sA01     1    10   246    10     7     1     5     1     1   107 2.470
6ockA02     1    10   246    10    10     1     1     1     1    84 1.900
6qipA05     1    10   246    10    16     1     2     4     1   109 2.450
4k71A06     1    10   246    10    21     1     2     1     1    75 2.400
1j78A05     1    10   246    10    22     1     1     2     1    60 2.310
5svhA00     1    10   246    20     1     1     1     2     1    85 2.050
2gutA00     1    10   246    20     3     1     1     1     1    77 999.000
4d7xA00     1    10   246    20     4     2     1     1     1    86 999.000
1h5wB01     1    10   246    30     1     1     1     1     1    72 2.100
3gquA00     1    10   246    90     1     1     1     2     1   117 2.500
2v36A02     1    10   246   130     4     1     2     2     1   118 1.850
3mhsB00     1    10   246   140     1     1     1     1     1    91 1.890
4tq1A03     1    10   246   190     1     1     1     1     1    58 1.800
2dyoA02     1    10   246   190     2     1     1     1     1    60 1.970
2v3cC03     1    10   260    30     2     1     1     1     1    96 2.500
1dulA00     1    10   260    30     4     1     1     1     1    61 1.800
3fymA00     1    10   260    40     1     1     1     1     1    82 1.000
2hinA00     1    10   260    40     3     1     1     1     1    66 1.050
3zhiA00     1    10   260    40     9     1     1     1     1    73 1.600
3kz3A00     1    10   260    40    11     1     1     1     1    80 1.640
1xwrC00     1    10   260    40    14     1     1     2     1    76 2.560
3f6wE00     1    10   260    40    15     2     1     1     1    78 1.850
3bd1A00     1    10   260    40    17     1     1     1     1    65 1.400
3gn5B02     1    10   260    40    18     1     1     2     1    64 2.150
3bs3A00     1    10   260    40    22     2     1     1     1    58 1.650
6lffA00     1    10   260    40    24     1     1     1     1    82 1.790
4y42A01     1    10   260    40    27     2     1     1     1    87 2.090
2xcjA00     1    10   260    40    32     1     1     1     1    84 1.800
2xsdC01     1    10   260    40    33     1     2     1     1    71 2.050
3g7dA01     1    10   260    40    34     1     1     1     1    85 1.800
2auwB02     1    10   260    40    39     1     1     1     1    67 1.850
4z5hA00     1    10   260    40    40     1     1     1     1    72 2.100
4o8bA00     1    10   260    40    46     2     1     1     1   101 2.300
7zcvA01     1    10   260    40    47     1     1     1     1    63 1.900
6b9sB02     1    10   260    40    49     1     1     1     1    73 2.370
6f8hC00     1    10   260    40    50     2     1     1     1    93 2.000
3qwgB00     1    10   260    40    52     1     1     1     1    90 1.990
5yszA01     1    10   260    40    58     1     1     1     1    49 1.630
7xi5A01     1    10   260    40    59     1     1     1     1    51 1.760
3mlfE00     1    10   260    40    60     1     1     1     1    83 2.600
5d4z201     1    10   260    40    66     1     1     2     1    70 2.980
1ic8B01     1    10   260    40    71     1     1     2     1    94 2.600
5yclA01     1    10   260    40    73     1     1     1     1    64 3.100
1neqA00     1    10   260    40    79     1     1     1     1    74 999.000
2kpjA01     1    10   260    40    80     1     1     1     1    70 999.000
1x2lA01     1    10   260    40    81     2     1     1     1    85 999.000
2jvlA01     1    10   260    40    82     1     1     1     1    85 999.000
2mqkA00     1    10   260    40    83     1     1     1     1    65 999.000
6te6A01     1    10   260    60     1     1     1     1     1   121 1.980
1bgwA03     1    10   268    10     4     1     1     1     1   111 2.700
1zvuA03     1    10   268    10     8     1     1     1     1   140 3.000
4fm9A05     1    10   268    10     9     1     1     1     1   146 2.900
6hqfB03     1    10   274    20     3     1     1     1     1   115 1.760
1twfA05     1    10   274   100     1     1     1     1     1   153 2.300
5vi5D01     1    10   274   100     7     1     2     2     1   146 3.200
1hqmD02     1    10   274   100     8     1     1     2     1   180 3.300
3ocfD01     1    10   275    10     1     5     1     1     1   139 2.100
2ptrA01     1    10   275    10     4     1     1     2     1   117 1.850
1b8fA01     1    10   275    10     7     2     1     4     1   196 2.100
5v4lA01     1    10   275    10    10     1     3     1     1    94 2.100
3c8tA01     1    10   275    10    15     1     1     1     1    97 2.200
6iemC01     1    10   275    10    16     1     1     1     1    96 2.200
4fccA01     1    10   285    10     1     3     1     1     1    73 2.000
1is8A01     1    10   286    10     2     2     1     1     1    60 2.700
1g1xB00     1    10   287    10     1     3     2     1     1    88 2.600
2n74A00     1    10   287    10     2     1     8     1     1    73 999.000
4xpzA02     1    10   287    10     4     1     1     1     1    39 1.450
1d2dA00     1    10   287    10     5     3     1     1     1    56 999.000
2xzmO02     1    10   287    10     6     2     8     1     1    70 1000.000
1yzbA02     1    10   287    10     9     1     2     1     1    46 999.000
3tguH00     1    10   287    20     2     1     2     1     1    70 2.700
6hdzA01     1    10   287    40     1     2     1     1     1   104 2.060
1wleA01     1    10   287    40     2     1     1     1     1   114 1.650
3qo8A01     1    10   287    40     3     1     1     1     1   106 2.000
3vbbE01     1    10   287    40     4     2     1     1     1   119 2.890
1serA01     1    10   287    40     9     1     1     1     1    53 2.900
3k04B00     1    10   287    70     1     1     2     1     1    95 1.580
1jvmB00     1    10   287    70     3     1     2    12     1   100 2.800
1p7bA01     1    10   287    70     7     1     2     1     1   108 3.650
3sypA02     1    10   287    70    10     2     1     1     1   108 3.120
5b1aC01     1    10   287    70    12     1     1     1     1    68 1.500
4gx5A01     1    10   287    70    14     1     1     2     1   103 3.700
4p2zA00     1    10   287    70    15     2     1     2     1    91 3.080
7tddA01     1    10   287    70    20     1     1     2     1   116 3.500
7tj9A02     1    10   287    70    22     2     1     1     1   133 2.900
5cbgA00     1    10   287    70    23     1     1     1     1   102 3.140
2yevA02     1    10   287    70    25     1     1     1     1    74 2.360
5hvdA02     1    10   287    70    26     1     1     2     1   147 2.600
2h8pC00     1    10   287    70    33     1     1     1     1    57 2.250
3kg2A05     1    10   287    70    36     1     1     1     1   125 3.600
7cm3A01     1    10   287    70    39     1     1     1     1   157 3.100
1orqC01     1    10   287    70    41     1     1     1     1   218 3.200
3ukmA01     1    10   287    70    45     1     1     1     1   252 3.400
1fs0G02     1    10   287    80     1     1     1     1     1    89 2.100
3ofnY00     1    10   287    80     3     2     1     1     1   115 3.200
6rdbS01     1    10   287    80     4     2     1     1     1    66 2.800
5z62B01     1    10   287    90     1     1     2     1     1    91 3.600
3hb3B02     1    10   287    90     2     1     2     1     1    81 2.250
7qhmE01     1    10   287    90     5     1     1     1     1   101 2.800
1fftB01     1    10   287    90     8     1     1     1     1    87 3.500
3w7tA02     1    10   287   100     1     1     1     1     1    39 1.500
3by6A02     1    10   287   100     4     1     1     1     1    43 2.200
3e35A02     1    10   287   100     5     1     1     1     1    44 2.200
1s3jB03     1    10   287   100     6     1     1     1     1    42 2.250
2p90A02     1    10   287   100     7     1     1     1     1    45 2.350
2hr3B03     1    10   287   100     8     1     1     1     1    47 2.400
3ic7A02     1    10   287   100    10     1     1     1     1    46 2.820
7o4jU01     1    10   287   100    11     1     1     1     1    46 2.900
1fpoA01     1    10   287   110     2     1     1     1     1    79 1.800
1nz6A00     1    10   287   110     4     1     1     2     1    94 2.500
2guzA00     1    10   287   110     8     1     1     1     1    71 2.000
6jmgB02     1    10   287   110    12     1     1     1     1    73 2.700
1gh6A01     1    10   287   110    15     1     2     1     1   101 3.200
4fppB01     1    10   287   130     2     2     1     1     1    71 2.200
2p67A03     1    10   287   130     6     1     1     1     1    65 1.800
3tk1B03     1    10   287   130     7     1     3     1     1    66 2.400
2lfrA00     1    10   287   130    10     1     2     2     1   111 999.000
4gczA03     1    10   287   130    15     1     1     1     1    64 2.300
1ixmA01     1    10   287   130    17     1     1     1     1    59 2.600
4i5sB03     1    10   287   130    18     1     1     1     1    75 3.300
1l1fA03     1    10   287   140     1     1     2     1     1    51 2.700
1cp9A02     1    10   287   150     1     1     2     1     1    30 2.500
1pnkA02     1    10   287   150     2     1     1     1     1    46 1.900
3k3wA02     1    10   287   150     3     1     1     1     1    30 3.310
2xz3A03     1    10   287   210     6     1     1     1     1    91 1.950
1df4A00     1    10   287   210     9     1     1     3     1    57 1.450
1y4mA00     1    10   287   210    13     1     1     1     1    53 1.600
2lp7A00     1    10   287   210    14     2     1     1     1    59 999.000
2x7rB00     1    10   287   210    17     1     1     1     1    43 2.000
3mhsC01     1    10   287   210    18     1     1     1     1    40 1.890
1pd3A00     1    10   287   230     2     1     1     1     1    54 2.600
4wfaV00     1    10   287   310     1     2     1     1     1    65 3.390
4a17U01     1    10   287   310     4     4     1     1     1    77 1000.000
1g8mA01     1    10   287   440     1     1     2     2     1    41 1.750
5jjnB00     1    10   287   470     1     1     1     2     1    61 2.250
4l8jA04     1    10   287   470     2     1     1     1     1    59 2.060
1vf7A03     1    10   287   470     3     1     1     1     1    60 2.400
3brcA01     1    10   287   470     4     2     1     1     1    34 1.600
3lnnB03     1    10   287   470     5     1     1     1     1    67 2.800
1rsoA01     1    10   287   470     7     1     1     1     1    51 999.000
4cs4A01     1    10   287   540     1     1     1     1     1    51 1.350
1o9gA02     1    10   287   540     4     1     1     1     1    43 1.500
5zwlE02     1    10   287   540     5     1     1     1     1    50 1.980
2jvdA00     1    10   287   540     6     1     1     2     1    48 999.000
2pusA02     1    10   287   540     8     1     1     1     1    53 2.400
2rjzA01     1    10   287   540    10     1     1     1     1    36 2.200
4u3jA03     1    10   287   600     5     1     2     1     1    54 2.810
1ta8A01     1    10   287   610     3     1     1     1     1    64 1.800
5mmjb02     1    10   287   610     4     2     1     1     1    52 3.600
3u11A01     1    10   287   630     1     1     4     2     1    65 2.500
4d7sA01     1    10   287   630     2     1     1     1     1    67 2.550
3csxA00     1    10   287   660     1     1     1     1     1    61 1.840
2f66F00     1    10   287   660     5     1     1     1     1    63 2.800
1x4tA01     1    10   287   660    12     1     1     1     1    58 999.000
1rv2D04     1    10   287   690     2     1     1     2     1    67 1000.000
4fvmA06     1    10   287   690     3     2     1     1     1    48 2.300
1s5jA04     1    10   287   690     4     1     1     1     1    61 2.400
3k59A06     1    10   287   690     5     1     1     1     1    47 1.920
2py5A04     1    10   287   690     7     1     1     1     1    36 1.600
3jcuZ00     1    10   287   740     1     3     1     2     1    61 3.200
6aveA01     1    10   287   770     1     1     1     2     1    74 3.700
1wp7A00     1    10   287   770     2     1     2     1     1    64 2.200
2fb5A01     1    10   287   770     4     1     1     1     1    72 1.990
1ztmB04     1    10   287   770     5     1     1     1     1    57 3.050
3s3xB01     1    10   287   770     6     1     1     1     1    44 2.990
2l35A00     1    10   287   770     7     1     1     1     1    63 999.000
2qtsA04     1    10   287   820     1     1     1     1     1    84 1.900
4w4lA00     1    10   287   850     4     1     1     1     1    84 2.450
5dedF02     1    10   287   860     2     1     1     1     1    47 2.940
7sbhA01     1    10   287   990     3     1     1     1     1    64 1.340
4e4eA01     1    10   287   990     4     3     1     2     1    67 1.880
3gwkE00     1    10   287  1060     1     2     1     1     1    97 1.300
4abmD00     1    10   287  1060     2     1     1     1     1    77 1.800
3txsC01     1    10   287  1060     3     1     1     1     1    75 1.810
3hr0B01     1    10   287  1060     4     1     1     1     1    79 1.900
3favD00     1    10   287  1060     8     1     1     1     1    78 2.150
4i0xG00     1    10   287  1060    10     1     1     1     1    68 1.960
4gzrB00     1    10   287  1060    13     1     1     1     1    77 2.550
3g80A00     1    10   287  1060    14     1     1     1     1    73 2.500
3h6pC00     1    10   287  1060    17     1     1     1     1    56 1.910
2kg7A00     1    10   287  1060    20     1     2     1     1    97 999.000
4gzrC00     1    10   287  1060    21     1     1     1     1    61 2.550
7odyC01     1    10   287  1080     1     1     1     1     1    92 1.430
2a3qA00     1    10   287  1080     7     1     1     2     1   112 2.320
1yvwA00     1    10   287  1080    10     1     1     1     1    90 2.600
3craA02     1    10   287  1080    14     1     1     1     1   128 2.100
2jgdA01     1    10   287  1150     1     2     1     1     1    76 2.600
6rldA01     1    10   287  1260     2     1     1     1     1   102 2.900
3udcA01     1    10   287  1260     4     1     1     1     1   115 3.360
3i53A02     1    10   287  1350     1     3     1     1     1    68 2.080
8d8lN01     1    10   287  1480     1     1     1     1     1    86 2.600
5mmjn01     1    10   287  1480     2     2     1     1     1    89 3.600
3mttA00     1    10   287  1490     2     1     1     2     1   163 3.300
3na7A00     1    10   287  1490     5     1     1     1     1   237 2.200
5y06A01     1    10   287  1490     6     1     1     1     1   229 2.610
1x0pE02     1    10   287  1540     2     1     1     1     1    45 2.000
2wicA02     1    10   287  1770     2     1     2     1     1    90 2.050
4z0mC02     1    10   287  2460     1     1     3     1     1    34 1.970
3l3sA02     1    10   287  2460     3     1     1    11     1    35 2.320
3qkaE02     1    10   287  2460     6     1     2     1     1    43 2.150
7a23K01     1    10   287  3510     3     2     1     2     1    80 3.700
7qruC01     1    10   287  3510     4     1     1     1     1   105 2.240
6g2jK00     1    10   287  3510     7     1     1     1     1    97 3.300
3ze3E00     1    10   287  3610     3     1     1     1     1    83 2.050
4cyiA03     1    10   287  3700     2     1     1     5     1    72 2.420
4v19700     1    10   287  3980     2     1     2     1     1    46 3.400
5h1sd00     1    10   287  3980     3     1     1     2     1    57 3.500
3id6A02     1    10   287  4070     3     1     1     1     1   152 2.600
6ozwA04     1    10   290    10     1     3     1     1     1   121 2.060
1iweA02     1    10   300    10     5     2     2     1     1   100 2.100
4uobA02     1    10   340    30     2     1     1     1     1   126 1.310
1kg2A02     1    10   340    30     4     1     1     1     1   112 1.200
4b21A02     1    10   340    30     5     1     1     1     1   117 1.450
1pu6A02     1    10   340    30     6     1     1     1     1   123 1.640
4ew0A00     1    10   340    30     8     1     3     2     1   143 2.390
3n0uA02     1    10   340    30     9     1     1     1     1   109 1.500
4ai5B00     1    10   340    30    17     2     1     3     1   186 2.220
3nnqA00     1    10   340    70     2     1     1     2     1    92 2.690
7aduA01     1    10   340    70     3     1     1     1     1    94 2.620
2zcmA00     1    10   357    10     1     1     1     1     1   173 1.330
2yveB00     1    10   357    10     2     1     1     1     1   172 1.400
3tp3A02     1    10   357    10     4     1     1     2     1   148 1.860
2iu5B00     1    10   357    10     7     1     1     1     1   178 1.600
4aciA00     1    10   357    10     8     1     1     1     1   176 1.650
2rekA00     1    10   357    10     9     2     1     1     1   172 1.860
4d5cA02     1    10   357    10    11     3     1     1     1   129 1.700
6ko8A00     1    10   357    10    13     1     1     1     1   185 1.550
3htaC00     1    10   357    10    14     2     1     1     1   189 2.300
2y2zA02     1    10   357    10    17     1     1     1     1   162 1.950
2np5D00     1    10   357    10    19     1     1     1     1   154 1.800
2rasA01     1    10   357    10    22     1     1     1     1   181 1.800
4x1eA02     1    10   357    10    31     1     1     2     1   143 2.400
4mxmB02     1    10   357    10    33     1     1     2     1   130 1.950
3colB00     1    10   357    10    36     1     1     1     1   171 2.100
3vokA00     1    10   357    10    37     1     1     1     1   176 2.000
3dpjF00     1    10   357    10    38     1     1     1     1   182 1.900
4gfkA00     1    10   357    10    45     1     1     2     1   184 1.950
2iaiA02     1    10   357    10    46     1     1     1     1   133 1.650
3dewA02     1    10   357    10    50     1     1     1     1   136 1.750
1t33A02     1    10   357    10    51     1     1     1     1   158 2.200
3qkxB00     1    10   357    10    54     2     1     1     1   176 2.350
2fq4A02     1    10   357    10    58     1     1     1     1   136 1.790
6dewA01     1    10   357    10    68     1     1     2     1   190 2.000
2eh3A02     1    10   357    10    70     1     1     1     1   121 1.550
3lhqB00     1    10   357    10    73     1     1     1     1   210 1.560
4yzeB00     1    10   357    10    81     2     1     1     1   186 2.200
3bjbD00     1    10   357    10    83     1     1     1     1   168 2.500
2hyjA02     1    10   357    10    87     1     1     1     1   147 2.190
2g7gA00     1    10   357    10    90     1     1     1     1   194 2.010
3kkdA00     1    10   357    10    94     1     1     1     1   193 2.100
3gziA00     1    10   357    10    95     1     1     1     1   196 2.050
6wafB00     1    10   357    10   100     1     1     5     1   197 3.380
2wv1A02     1    10   357    10   104     1     1     3     1   136 2.300
2g7lA00     1    10   357    10   105     1     1     1     1   198 2.100
2fbqA00     1    10   357    10   106     1     1     1     1   213 1.800
3vprA02     1    10   357    10   111     1     1     1     1   140 2.270
1zk8B02     1    10   357    10   115     1     1     1     1   131 2.150
2hxoA02     1    10   357    10   117     1     1     1     1   142 2.400
2f07B00     1    10   357    10   118     1     1     1     1   196 2.300
2np3A00     1    10   357    10   119     1     1     1     1   137 2.350
2of7A02     1    10   357    10   120     1     1     1     1   134 2.300
1ui6A00     1    10   357    10   121     1     1     1     1   192 2.400
3aqtA00     1    10   357    10   123     1     1     1     1   189 2.500
3o60A00     1    10   357    10   130     1     1     1     1   179 2.800
3nnrA00     1    10   357    10   134     1     1     1     1   199 2.490
5d1rB00     1    10   357    10   136     1     1     1     1   226 2.000
3fiwA02     1    10   357    10   137     1     1     1     1   113 2.200
3f0cA02     1    10   357    10   139     1     1     1     1   140 2.960
3c07B00     1    10   357    10   141     1     1     1     1   210 2.700
3ljlA00     1    10   357    10   143     1     1     1     1   144 3.200
3npiB00     1    10   357    10   144     1     1     1     1   200 2.960
4nn1A00     1    10   357    10   145     1     1     1     1   205 2.990
4g12A02     1    10   357    10   146     1     1     1     1   146 3.440
1jusD02     1    10   357    10   147     1     1     1     1   108 2.840
2xgvA00     1    10   375    10     2     2     1     1     1   133 2.000
1qrjA01     1    10   375    10     3     2     1     2     1   118 999.000
6omtA01     1    10   375    10     5     1     1     4     1   141 2.050
2y4zA00     1    10   375    10     6     1     1     2     1   135 2.000
1em9B00     1    10   375    10     7     1     1     1     1   141 2.050
4gerA02     1    10   390    10     1     2     1     1     1   156 1.590
3t8vA03     1    10   390    10     2     1     1     3     1   171 1.800
4gaaA03     1    10   390    10     3     1     2     1     1   157 2.260
4k90A02     1    10   390    10     7     1     1     1     1   188 1.800
3mdjA02     1    10   390    10    10     1     1     4     1   229 2.950
4fgmA02     1    10   390    10    15     1     1     1     1   270 2.390
5do9A02     1    10   400    10     1     3     1     1     1   118 2.600
2xtzC02     1    10   400    10     9     1     1     2     1    63 2.340
6c87A03     1    10   405    10     1     4     1     1     1   106 2.600
6lqlA03     1    10   405    10     3     1     1     1     1    92 1.800
2yg5A03     1    10   405    10     4     1     1     1     1    93 1.900
1reoA03     1    10   405    10     5     1     3     1     1   101 2.310
1vg0A03     1    10   405    10     6     1     1     1     1    97 2.200
2e1mA05     1    10   405    10     7     1     1     1     1    91 2.800
8eefB01     1    10   405    10     8     1     1     1     1   126 2.210
1vkaB00     1    10   418    10     2     1     1     3     1   129 1.600
1mb8A02     1    10   418    10     3     4     1     3     1    99 2.150
2wa7A01     1    10   418    10     4     3     1     1     1   115 1.850
1pxyB01     1    10   418    10     9     3     1     1     1   123 2.400
1pxyA04     1    10   418    10    10     2     1     1     1   111 2.400
6b9hA00     1    10   418    10    13     1     1     1     1   151 1.500
5l0oA00     1    10   418    10    19     2     1     1     1   164 2.360
1ujoA00     1    10   418    10    27     3     1     1     1   144 999.000
1b85A02     1    10   420    10     1     3     1     7     1   167 1.850
4uscA02     1    10   420    10     5     1     2     1     1   144 2.600
3vliA04     1    10   420    10     6     2     1     1     1   129 1.700
3uw8A02     1    10   420    10     7     1     1     3     1   134 2.350
8ff7A02     1    10   420    10    10     1     3     1     1   102 2.190
7qtwA01     1    10   437    10     4     1     1     1     1   139 1.410
4qvxA00     1    10   437    10     7     1     3     1     1   136 2.100
4s0pA00     1    10   437    10    11     1     3     3     1   174 3.250
2vtyA00     1    10   437    10    14     1     1     1     1   144 2.100
4mi8B00     1    10   437    10    16     1     1     1     1   136 2.100
2jbyA00     1    10   437    10    22     1     1     1     1   127 2.410
3qbrX00     1    10   437    10    24     1     1     1     1   161 2.600
6odhC01     1    10   437    10    25     1     1     4     1    72 2.300
2bidA00     1    10   437    10    31     1     2     1     1   197 999.000
4m0sA00     1    10   437    20     2     1     2     1     1   142 2.580
2uxeA00     1    10   437    20     3     1     2     1     1   108 2.900
2vvyA01     1    10   437    20     5     1     1     1     1   130 2.690
2ae4A00     1    10   439    10     4     1     1     4     1   160 2.300
5b1aD00     1    10   442    10     1     1     1     1     1   144 1.500
1pvrA01     1    10   443    10     1     1     1     6     1   200 2.650
1ae9A00     1    10   443    10     2     1     1     1     1   172 1.900
1aihA00     1    10   443    10     3     2     1     1     1   170 2.500
2a3vA02     1    10   443    10     5     2     1     1     1   211 2.800
1m6xA02     1    10   443    10     8     1     1     4     1   271 2.800
2xzmG00     1    10   455    10     1     4     1     1     1   192 1000.000
5o5jG01     1    10   455    10     2     2     2     1     1   134 3.450
2o5cB02     1    10   460    10     4     1     1     1     1   203 2.350
1eysC02     1    10   468    10     1     2     1     2     1   144 2.200
1eysC01     1    10   468    10     2     2     1     2     1   135 2.200
4bcmD01     1    10   472    10     3     1     1     6     1   118 2.450
2ivxB01     1    10   472    10     6     1     1     1     1   140 1.800
4f7nB01     1    10   472    10     7     1     1     3     1   136 2.650
1guxB00     1    10   472    10     9     1     1     1     1   141 1.850
7jv7B01     1    10   472    10    10     1     1     1     1   146 1.850
1ungE00     1    10   472    10    15     1     1     2     1   148 2.300
1w98B01     1    10   472    10    18     1     1     1     1   147 2.150
1f5qB02     1    10   472    10    19     1     1     1     1   138 2.500
1ad6A00     1    10   472    10    23     1     1     5     1   185 2.300
1g3nC01     1    10   472    10    24     1     1     1     1   120 2.900
3h4cA01     1    10   472    10    25     1     1     1     1    96 2.300
1c9bA02     1    10   472    10    28     1     1     1     1   106 2.650
2f2cA01     1    10   472    10    29     2     1     1     1   109 2.800
1jkwA02     1    10   472    10    30     1     1     1     1   101 2.600
3m03B00     1    10   472    10    33     1     1     1     1    95 2.500
1zp2A02     1    10   472    10    35     1     1     1     1   112 3.000
4krdB00     1    10   472    10    37     1     1     1     1   190 1.950
6z4xA01     1    10   472    10    39     1     1     1     1   155 2.980
2pmiB00     1    10   472    10    46     1     1     1     1   213 2.900
3qyhB01     1    10   472    20     3     1     1     1     1   118 2.000
3vygE00     1    10   472    20     4     1     1     1     1   151 1.720
2qf7A05     1    10   472    90     1     1     2     1     1   131 2.000
4c2uA04     1    10   486    10     2     1     1     1     1   169 2.550
4ceiA05     1    10   486    10     3     1     1     1     1   162 2.800
1w36B04     1    10   486    10     6     1     1     1     1   146 3.100
1qhhC00     1    10   486    10     7     1     1     1     1   102 2.500
1w36C04     1    10   486    10     9     1     1     1     1   209 3.100
1cpoA00     1    10   489    10     1     1     1    12     1   298 1.900
6ekzA00     1    10   489    10     2     1     1     1     1   325 1.080
1a6gA00     1    10   490    10     1     1     1     4     1   151 1.150
4kmwA00     1    10   490    10     6     1     1     9     1   137 1.790
2wy4A00     1    10   490    10     9     1     1     1     1   139 1.350
1ebtA00     1    10   490    10    10     1     1     3     1   142 1.900
3mkbB00     1    10   490    10    23     2     1     1     1   133 1.900
4uiqB00     1    10   490    10    25     1     1     1     1   153 1.550
2wtgA00     1    10   490    10    27     1     1     1     1   158 1.500
4nk2A01     1    10   490    10    36     1     1     1     1   146 1.960
5ab8A00     1    10   490    10    39     1     1     2     1   117 1.530
2vebA00     1    10   490    10    45     1     1     1     1   190 1.300
4uurA00     1    10   490    10    47     2     1     1     1   124 2.210
1or4B00     1    10   490    10    49     1     1     1     1   158 2.150
4bjaA00     1    10   490    10    51     1     1     1     1   182 1.650
1x9fC00     1    10   490    10    54     1     1     1     1   149 2.600
1b8dB00     1    10   490    20     2     1     6     1     1   176 1.900
3mwnA00     1    10   490    20     3     1     7     2     1   133 2.600
4e1zA02     1    10   510    10     8     4     2     1     1   197 2.500
1apmE01     1    10   510    10     9     1     1    22     1   212 2.000
4annA00     1    10   510    10    13     1     1     1     1   176 1.050
4qtcA02     1    10   510    10    16     1     1     1     1   191 1.400
6bfnB02     1    10   510    10    20     2     1     1     1   202 2.260
4fswA02     1    10   510    10    29     1     1    12     1   182 2.300
4g3fA02     1    10   510    10    32     1     1     1     1   191 1.640
2vx3C02     1    10   510    10    42     1     1    48     1   240 2.400
2ktyA02     1    10   510    10    50     2     1     2     1   226 999.000
4anoA00     1    10   510    10    51     1     1     1     1   206 1.700
4ix3A02     1    10   510    10    60     1     1     1     1   233 1.350
2qkwB02     1    10   510    10    62     2     1     1     1   197 3.200
3dzoA01     1    10   510    10    71     1     3     1     1   229 1.800
4euuA02     1    10   510    10    76     1     1     1     1   218 1.800
2yleA00     1    10   510    10    78     1     1     1     1   171 1.800
2pziA01     1    10   510    10    91     2     1     1     1   182 2.400
7oviA02     1    10   510    10    99     1     1     1     1   162 1.950
4nstC02     1    10   510    10   102     1     2     1     1   226 2.200
3uqcD02     1    10   510    10   120     1     1     1     1   153 2.260
4o1pD02     1    10   510    10   121     1     2     1     1   248 2.500
4azwA03     1    10   510    10   124     1     1     2     1   113 2.470
4lrkA02     1    10   510    10   139     1     2     1     1    90 2.270
4wsqB00     1    10   510    10   140     1     1     2     1   310 1.950
6fdoA01     1    10   510    10   141     1     1     2     1   110 2.600
3f7wA02     1    10   510    10   143     1     1     1     1    94 1.850
5gz8A00     1    10   510    10   144     2     1     1     1   272 2.500
4bwkB01     1    10   510    10   147     1     2     2     1   265 3.300
4otpA02     1    10   510    10   148     1     1     1     1   137 2.700
4neuB00     1    10   510    10   153     1     1     1     1   268 2.570
5a4eC00     1    10   510    10   154     1     1     1     1   262 2.680
6zxfz01     1    10   510    10   164     1     1     1     1   123 3.700
2rsvA00     1    10   510    10   166     1     1     1     1   403 999.000
4ccpA01     1    10   520    10     1     1     1    22     1   170 2.200
3fmuA01     1    10   520    10     2     1     1     2     1   156 1.040
4uscA01     1    10   520    10     3     6     2     1     1   159 2.600
5sxwA03     1    10   520    10     4     2     1     1     1   182 1.600
1ub2A01     1    10   520    10     7     3     1     2     1   200 2.400
132lA00     1    10   530    10     1     1     1    45     1   124 1.800
2dqaA00     1    10   530    10     5     1     2     1     1   123 1.600
2zycA01     1    10   530    10    14     1     1     1     1   106 1.740
153lA00     1    10   530    10    15     3     1     2     1   185 1.600
4emnA00     1    10   530    10    16     1     1     1     1    81 1.170
3w6fA00     1    10   530    10    17     1     1     2     1   150 2.100
1ltmA02     1    10   530    10    19     1     1     1     1   173 1.700
1am7A00     1    10   530    10    20     1     1     1     1   150 2.300
6cfcA01     1    10   530    10    21     1     1     1     1   161 2.040
4hjzA00     1    10   530    10    22     1     1     3     1   183 1.900
1cnsA01     1    10   530    10    23     1     6     2     1   185 1.910
4fdyA01     1    10   530    10    24     1     1     1     1   159 2.230
3zvqA00     1    10   530    10    26     1     1     1     1    70 2.000
3bkhA02     1    10   530    10    27     1     1     1     1   175 2.500
1oyuA00     1    10   530    40     2     1    12     2     1   173 2.500
8b2sA01     1    10   530    40     9     1     1     1     1   154 1.940
5i14A00     1    10   530    40    12     1     1     1     1   120 1.750
4arqA02     1    10   530    40    13     1     1     6     1   193 2.600
4dwnA00     1    10   533    10     4     1     1     3     1    96 1.580
4irlB02     1    10   533    10     5     1     1     1     1    93 1.470
2n00A00     1    10   533    10    10     2     1     1     1    95 999.000
2vgqA03     1    10   533    10    15     2     1     1     1    89 2.100
1wh4A01     1    10   533    10    17     1     1     2     1    94 999.000
2yviA00     1    10   533    10    19     1     1     1     1    89 1.920
2o71A00     1    10   533    10    20     1     1     1     1    91 2.000
5wvcB00     1    10   533    10    22     1     1     3     1   102 2.990
4zbwA01     1    10   533    10    24     1     1     1     1    96 2.200
4zbwA02     1    10   533    10    27     1     1     1     1    87 2.200
5znzD02     1    10   533    10    30     1     1     1     1    95 2.550
4a2wA01     1    10   533    10    31     2     1     2     1    93 3.700
2n80A00     1    10   533    10    33     1     2     1     1    94 999.000
8jolB01     1    10   533    10    37     1     1     1     1    93 3.000
3t6pA03     1    10   533    10    39     1     1     1     1   128 1.900
7dniC02     1    10   533    10    41     1     1     1     1    94 3.200
3mopK00     1    10   533    10    46     1     1     1     1    93 3.400
1pn5A00     1    10   533    10    53     1     1     1     1    93 999.000
1dgnA00     1    10   533    10    57     1     1     1     1    89 999.000
2m5vA00     1    10   533    10    59     1     1     1     1   102 999.000
2mb9A00     1    10   533    10    63     1     1     1     1   106 999.000
2dbhA01     1    10   533    10    65     1     1     1     1    79 999.000
1n3kA00     1    10   533    10    66     1     1     1     1   130 999.000
6wy9B01     1    10   540    10    21     1     1     1     1   116 2.000
5z8tB01     1    10   540    10    22     1     1     2     1   116 2.330
6cxtB01     1    10   540    10    23     1     1     1     1   112 1.900
2c12A01     1    10   540    10    28     2     1     1     1   127 2.070
4hr3A01     1    10   540    10    31     1     1     1     1   137 1.800
3owaA01     1    10   540    10    34     1     1     1     1   137 1.970
5k3hA01     1    10   540    10    35     1     1     1     1   121 2.480
4xvxA01     1    10   540    10    36     1     1     1     1   111 2.300
1r2jA01     1    10   540    10    37     1     1     1     1   103 2.100
4rm7A01     1    10   540    10    38     1     1     1     1   121 2.530
1tx4A00     1    10   555    10     2     1     1     1     1   196 1.650
1pbwB00     1    10   555    10     7     1     1     1     1   195 2.000
1j4zA01     1    10   560    10     1     1     1    10     1   249 1000.000
6ks6q01     1    10   560    10     7     1     1     1     1   273 2.990
2aa2A00     1    10   565    10     2     2     1     6     1   252 1.950
1a52A00     1    10   565    10     5     1     2    32     1   239 2.800
5w4vA00     1    10   565    10    10     1     1     5     1   209 2.650
6kkeA00     1    10   565    10    13     1     1     6     1   242 2.580
6fzgA00     1    10   565    10    14     1     1    29     1   276 2.100
3f5cB00     1    10   565    10    36     2     1     1     1   183 3.000
1aorA02     1    10   569    10     2     2     1     1     1   186 2.300
6x6uA02     1    10   569    10     3     1     1     1     1   214 1.940
1ak0A00     1    10   575    10     1     2     1     1     1   264 1.800
1khoA01     1    10   575    10     4     1     2     1     1   250 2.400
3umvA03     1    10   579    10     5     1     2     1     1   151 1.710
3zxsA03     1    10   579    10     6     1     2     1     1   121 2.700
2e0iD03     1    10   579    10     7     1     1     1     1   173 2.800
3o8jA01     1    10   580    10     1     8     1     1     1   247 2.410
6bomE01     1    10   580    10     3     2     1     2     1   309 2.050
8h4pA01     1    10   600    10     2     1     1     1     1   302 1.470
6r36A00     1    10   600    10     8     2     1     1     1   324 1.670
7vwtA01     1    10   600    10     9     1     1     1     1   315 1.730
1ezfC00     1    10   600    10    10     1     1     5     1   320 2.150
4zq8A00     1    10   600    10    15     2     1     1     1   320 2.000
4lzcA00     1    10   600    10    18     1     1    14     1   339 2.460
4omhB00     1    10   600    10    22     1     1     2     1   282 1.640
3bnyD00     1    10   600    10    24     1     1     3     1   297 1.890
3n3dB00     1    10   600    10    26     1     1     2     1   313 2.400
7y9hB01     1    10   600    10    30     1     1     1     1   318 2.030
8gy0A01     1    10   600    10    36     2     1     1     1   281 1.990
7s5lA01     1    10   600    10    39     1     1     1     1   370 1.580
1hxaA02     1    10   600    10    44     1     2     6     1   367 2.320
7e4nA01     1    10   600    10    45     1     1     1     1   281 1.940
3kraC00     1    10   600    10    50     1     1     1     1   271 1.900
4lixA03     1    10   600    10    51     1     1     1     1   236 1.550
3nf2A00     1    10   600    10    53     1     1     1     1   338 2.200
1jfaB00     1    10   600    10    58     1     1     5     1   350 2.500
8d7fC01     1    10   600    10    61     1     1     1     1   315 2.620
3we9A00     1    10   600    10    62     1     1     1     1   247 1.920
1wkzA00     1    10   600    10    63     1     1    14     1   279 3.400
5b00A00     1    10   600    10    66     1     1     2     1   261 2.950
2azkA00     1    10   600    10    68     1     1     2     1   276 2.700
6lccA01     1    10   600    10    70     1     1     1     1   361 2.600
8hdlA01     1    10   600    10    71     1     1     1     1   241 3.200
1sigA00     1    10   601    10     1     2     1     1     1   305 2.600
1biqA00     1    10   620    20     1     1     1     9     1   339 2.050
2incB00     1    10   620    20     5     2     1     1     1   322 1.850
1mmoB00     1    10   620    20     6     1     1     3     1   384 2.200
6f6eA00     1    10   620    20     7     1     1     3     1   284 1.630
1oq4A00     1    10   620    20     8     1     2     1     1   346 2.400
6cwoA01     1    10   620    20    11     3     1     1     1   282 1.870
5hyhA00     1    10   620    20    15     1     1     1     1   287 2.030
3pf7B00     1    10   620    20    20     1     1     1     1   470 1.900
1za0A00     1    10   620    20    21     1     1     1     1   242 2.000
1mhyD00     1    10   620    20    24     1     2     1     1   510 2.000
4a5hA00     1    10   620    20    27     1     1     1     1   271 1000.000
4h23B00     1    10   630    10     4     1     2     5     1   448 3.300
1c8jA00     1    10   630    10     5     1     1    31     1   405 2.100
5m0pA00     1    10   630    10     8     1     1     3     1   424 1.950
7e7fA01     1    10   630    10    21     1     1     1     1   464 1.400
3danA00     1    10   630    10    34     1     2     1     1   473 1.800
5h1zA00     1    10   630    10    39     3     1     1     1   400 3.100
3b6hA00     1    10   630    10    43     1     1     1     1   469 1.620
4uymA01     1    10   630    10    67     2     1     1     1   453 2.550
3pm0A00     1    10   630    10    71     2     1     1     1   459 2.700
3s79A00     1    10   630    10    79     1     1     1     1   452 2.750
3ejbH02     1    10   630    10    83     1     1     1     1   262 2.000
2yjnB00     1    10   630    10    84     1     1     1     1   337 3.090
1cvuA02     1    10   640    10     2     1     1     7     1   511 2.400
4kvkA00     1    10   640    10     3     1     2     2     1   611 1.980
1cxpC00     1    10   640    10     4     1     1     5     1   465 1.800
1e3dB00     1    10   645    10     2     1     2     1     1   537 1.800
4omfA00     1    10   645    10     5     2     1     1     1   385 1.710
5aa5E00     1    10   645    10     7     1     1     1     1   559 2.500
3iam400     1    10   645    10     9     2     1     1     1   378 3.100
1khcA02     1    10   720    50     1     1     1     2     1    69 1.800
2x1lA03     1    10   730    10     4     1     2     1     1   172 2.300
3zgzD01     1    10   730    10    12     1     1     3     1   207 2.400
1ileA03     1    10   730    10    17     1     1     1     1   191 2.500
2zueA03     1    10   730    10    18     1     1     1     1   119 2.000
8bebC02     1    10   750    10     2     1     1     1     1    44 3.180
1gu2A00     1    10   760    10     2     1     1     1     1   124 1.190
1mz4A00     1    10   760    10     5     2     1     1     1   131 1.800
1chhA00     1    10   760    10     8     1     1    18     1   108 1.970
4ljiB00     1    10   760    10    11     1     1     1     1   131 1.510
2c1dB00     1    10   760    10    13     2     1     1     1   137 1.920
3ocdA01     1    10   760    10    15     1     1     4     1   129 2.250
6fu3B01     1    10   760    10    16     4     1     1     1   158 1.800
3svwA01     1    10   760    10    24     1     1     2     1   148 1.860
1dw0A00     1    10   760    10    27     1     1     1     1   112 1.820
3cu4A00     1    10   760    10    30     1     1     2     1    79 1.300
1ynrA00     1    10   760    10    34     1     2     2     1    80 2.000
2c1dA02     1    10   760    10    40     2     1     1     1    89 1.920
4xydB00     1    10   760    10    44     2     1     1     1   145 2.850
1yiqA02     1    10   760    10    46     1     1     1     1   106 2.200
3vrdA01     1    10   760    10    47     1     1     1     1    78 1.500
5b6qA00     1    10   760    10    49     1     1     1     1    76 1.780
3oa8B00     1    10   760    10    50     1     1     1     1   180 1.770
3orvA02     1    10   760    10    53     1     1     3     1   189 1.910
2blfB01     1    10   760    10    59     1     1     1     1    63 1.800
2qjyB01     1    10   760    10    64     1     2     1     1   221 2.400
3mk7B02     1    10   760    10    66     1     1     1     1   162 3.200
3mk7C03     1    10   760    10    67     1     1     1     1    91 3.200
2l4dA00     1    10   760    10    68     1     1     1     1   106 999.000
1b10A00     1    10   790    10     3     1     5     1     1   104 999.000
1ltzA00     1    10   800    10     2     1     1     5     1   274 1.400
1phzA00     1    10   800    10     3     2     1     1     1   403 2.200
1a1vA03     1    10   820    10     1     1     1     2     1   160 2.200
4jgwA02     1    10   840    10     5     1     1     1     1   240 2.300
6eieA02     1    10   840    10     6     1     1     1     1   241 2.720
3t6aA00     1    10   840    10     7     2     1     1     1   308 2.400
4l9mA02     1    10   840    10     9     1     1     1     1   258 3.000
2q6tB01     1    10   860    10     2     3     1     1     1   148 2.900
3gxvB00     1    10   860    10     4     1     1     1     1   123 2.200
2lznA00     1    10   860    10    10     1     1     1     1   143 999.000
5wkrA02     1    10   890    20     1     1     1     1     1    52 1.400
3imqA00     1    10   940    10     1     1     1     2     1   137 2.500
1sqgA01     1    10   940    10     3     1     1     1     1   141 1.650
1q8cA00     1    10   940    10     6     1     1     1     1   132 2.000
2yxlA01     1    10   940    10     7     1     1     1     1   152 2.550
2r0dA02     1    10  1000    11     2     1     2     3     1   124 2.040
1yf3A02     1    10  1020    10     3     1     1     1     1    95 2.290
5douA01     1    10  1030    10     3     1     1     2     1   171 2.600
1evyA02     1    10  1040    10     2     1     1     1     1   146 1.750
1bg6A02     1    10  1040    10     3     1     1     1     1   146 1.800
5g6rB02     1    10  1040    10     7     1     2     1     1   132 1.820
1yj8A02     1    10  1040    10    13     3     1     1     1   158 2.850
2ew2A02     1    10  1040    10    20     1     2     1     1   132 2.000
6smyB02     1    10  1040    10    22     1     1     2     1   120 2.450
4dllB02     1    10  1040    10    31     1     1     1     1   126 2.110
1dljA03     1    10  1040    10    36     1     2     1     1    90 1.800
4ezbA02     1    10  1040    10    38     1     1     1     1   113 2.100
4j0eA02     1    10  1040    10    39     1     1     1     1    91 1.600
7ocsB01     1    10  1040    10    41     1     1     1     1   173 2.300
1i36A02     1    10  1040    10    42     1     1     1     1    99 2.000
4im7A02     1    10  1040    10    43     2     1     1     1   208 1.900
2qytA02     1    10  1040    10    45     1     1     1     1    95 2.150
3iqdB02     1    10  1040    10    46     1     1     2     1   198 2.800
1qmgA02     1    10  1040    10    49     1     2     1     1   293 1.600
1pgjA02     1    10  1040    10    50     1     1     1     1   258 2.820
3ulkA02     1    10  1040    10    51     1     1     1     1   281 2.300
3zwcA03     1    10  1040    50     1     2     1     1     1   238 2.300
5o5jD01     1    10  1050    10     2     2     1     1     1   106 3.450
1fkaD01     1    10  1050    10     4     1     1     1     1    67 3.300
2bs2B02     1    10  1060    10     2     1     1     1     1   123 1.780
1gteA02     1    10  1060    10     3     1     1     1     1   157 1.650
2wxfA05     1    10  1070    11     1     1     1     1     1   189 1.900
7wzwF01     1    10  1070    11     9     1     1     1     1   203 4.000
1bccF00     1    10  1090    10     1     1     3     1     1   100 3.160
6p73A01     1    10  1130    10     1     2     1     1     1   296 1.650
1ft5A00     1    10  1130    10     2     1     1     1     1   211 1.600
3fo3A02     1    10  1130    10     3     1     1     1     1   355 1.400
1p2eA02     1    10  1130    10     6     1     1     3     1    99 2.200
6fkfB03     1    10  1140    10     1     1     7     1     1   122 3.150
6qumA04     1    10  1140    10     3     2     1     2     1   149 3.250
4griA03     1    10  1160    10     2     5     1     1     1    84 2.600
1qtqA03     1    10  1160    10     3     2     1     1     1    79 2.250
3siqA00     1    10  1170    10     2     1     2     1     1   103 2.400
2poiA00     1    10  1170    10     3     2     1     1     1    78 1.800
3uehA00     1    10  1170    10     7     1     1     6     1   137 2.600
1i3oF00     1    10  1170    10     9     1     1     1     1    93 2.700
1dv5A00     1    10  1200    10     2     3     1     1     1    80 999.000
2n98A00     1    10  1200    10     3     2     1     1     1    90 999.000
3ce7A00     1    10  1200    10    13     1     1     1     1    90 1.640
1vkuA00     1    10  1200    10    14     1     1     1     1    82 2.000
4dg9A03     1    10  1200    10    21     1     1     1     1    79 2.550
6vhyA02     1    10  1200    10    33     1     1     1     1    68 3.000
2n6yA00     1    10  1200    10    35     1     1     1     1    79 999.000
2m5rA00     1    10  1200    10    36     1     1     1     1    80 999.000
8aigA01     1    10  1200    10    37     1     1     1     1    77 999.000
2n5hA00     1    10  1200    10    48     1     1     1     1    90 999.000
5hv8A00     1    10  1200    10    52     2     1     1     1    95 999.000
2roqA01     1    10  1200    10    53     1     1     1     1    97 999.000
2l9fA00     1    10  1200    10    54     1     1     1     1   102 999.000
1znvA00     1    10  1200    20     1     3     2     1     1    87 2.000
3g1gB00     1    10  1200    30     1     1     2     1     1    75 2.010
4xrqA02     1    10  1200    30     5     1     1     2     1    66 1.950
5bs1A00     1    10  1200   210     1     1     1     1     1   108 1.600
4gr6B00     1    10  1200   210     3     1     1     1     1   105 2.000
7nafR01     1    10  1200   240     1     1     1     1     1    50 3.130
1vwxR02     1    10  1200   240     2     3     1     1     1   125 1000.000
2cpgB00     1    10  1220    10     2     1     1     1     1    45 1.600
1mylA00     1    10  1220    10     3     1     2     1     1    45 2.400
2wvfA01     1    10  1220    10     6     1     1     1     1    38 1.600
2gpeD01     1    10  1220    10     7     1     1     1     1    39 1.900
3gxqA00     1    10  1220    10    10     1     1     1     1    53 2.350
3qoqC00     1    10  1220    10    12     1     1     1     1    47 3.100
2bsqE01     1    10  1220    10    14     1     1     1     1    50 3.000
3fmtE01     1    10  1220    10    15     1     1     1     1    41 2.980
7nywJ02     1    10  1220    10    16     1     1     1     1    37 3.100
3vw4A02     1    10  1220    10    17     1     1     1     1    30 2.700
1u9pA00     1    10  1220    10    20     1     1     1     1    96 1.900
2k6lA00     1    10  1220    10    24     1     1     1     1    51 999.000
2k1oA00     1    10  1220    10    25     1     1     1     1    54 999.000
1x93A01     1    10  1220    10    27     1     1     1     1    35 999.000
2ba3A01     1    10  1220    10    29     1     1     1     1    29 999.000
4hehA01     1    10  1240    10     2     1     1     2     1    83 2.050
8c73D01     1    10  1240    10     3     1     3     1     1    66 1.700
7xcnM01     1    10  1240    10     7     1     2     1     1    78 2.700
6elbA00     1    10  1270    10     1     1     1     5     1   105 1.440
3iefA02     1    10  1270    20     5     1     1     1     1    63 2.500
7myqB02     1    10  1270    20     8     1     1     1     1    55 2.550
1bt3A00     1    10  1280    10     1     4     1     1     1   336 2.500
3nq0A00     1    10  1280    10     2     2     1     5     1   283 2.200
3hhsA02     1    10  1280    10     6     2     1     1     1   276 1.970
3w6wB01     1    10  1280    10    10     1     1     1     1   419 1.390
1js8A01     1    10  1280    10    11     1     1     1     1   276 2.300
3wjmA02     1    10  1280    10    14     1     2     1     1   233 2.800
1rkpA00     1    10  1300    10     1     1     2     2     1   311 2.050
7eg1A01     1    10  1300    10     8     1     2     1     1   344 3.200
2vn5B00     1    10  1330    10     2     1     2     1     1    56 1.900
4wi0B02     1    10  1330    10     3     2     1     2     1    62 1.930
1qhdA02     1    10  1350    10     1     1     1     1     1   227 1.950
2h1jA00     1    10  1370    30     1     1     3     4     1   551 3.100
1ka2A00     1    10  1370    30     4     1     1     1     1   497 2.200
3qkiA03     1    10  1390    10     2     2     1     1     1    43 1.920
2wu8A03     1    10  1390    10     3     2     1     1     1    45 2.250
1gk9B03     1    10  1400    10     1     1     1     1     1   161 1.300
5ublA02     1    10  1400    10     2     1     1     2     1   151 1.800
1fm2B02     1    10  1400    10     5     1     1     1     1   177 2.000
4ud4A01     1    10  1410    10     1     1     1     1     1   202 1.740
2hhpA01     1    10  1410    10     3     1     1     1     1   193 1.800
4m5dA01     1    10  1410    10     4     1     1     1     1   201 1.970
3hj1A01     1    10  1410    10     5     1     1     2     1   253 1.950
5jnbA01     1    10  1410    10     7     1     1     1     1   201 2.490
1r89A01     1    10  1410    30     1     1     1     1     1   131 1.800
4lezA01     1    10  1410    40     1     1     1     3     1   179 2.360
4at7B01     1    10  1410    40     4     1     1     1     1   133 1.900
1ewrA02     1    10  1420    10     1     2     1     2     1   118 3.190
1e3mB04     1    10  1420    10     2     1     1     1     1   150 2.200
1ewqA04     1    10  1420    10     3     2     1     1     1   135 2.200
3thxB03     1    10  1420    10     7     1     1     1     1   184 2.700
2o8bB03     1    10  1420    10     8     1     1     1     1   188 2.750
3thxA03     1    10  1420    10    13     1     1     1     1   228 2.700
1g8qA00     1    10  1450    10     1     1     3     1     1    90 1.600
6rloK01     1    10  1450    10     2     1     1     2     1    75 2.200
7rdbV01     1    10  1450    10     3     1     1     2     1   116 2.520
1iwpG02     1    10  1510    20     1     2     1     1     1    93 2.100
3rv1B02     1    10  1520    10     4     1     1     1     1   154 1.980
3c4bA01     1    10  1520    10     6     1     1     1     1   172 1.680
2qvwA04     1    10  1520    10     8     1     1     1     1   145 3.000
1vw4900     1    10  1520    10    13     1     1     1     1   195 1000.000
1vw4501     1    10  1520    10    14     1     1     1     1   234 1000.000
1nxuA01     1    10  1530    10     6     1     1     1     1    78 1.800
3i0pA01     1    10  1530    10     7     1     1     1     1   108 2.600
1rfmA01     1    10  1530    10    10     1     1     9     1   132 1000.000
1jeyA04     1    10  1600    10     1     1     1     1     1    94 2.500
7zygB02     1    10  1600    10     2     1     1     1     1    88 2.680
4kqkB01     1    10  1610    10     1     1     1     1     1    71 1.470
1j33A01     1    10  1610    10     4     1     1     2     1    60 2.000
1vq8200     1    10  1620    10     1     1     1     1     1    46 2.200
8etcR01     1    10  1650    10     2     1     2     1     1    48 3.100
3ucsA00     1    10  1660    10     2     1     1     1     1    99 1.870
4wlsA00     1    10  1660    10     4     1     1     1     1   108 2.110
4r4eB00     1    10  1660    10     5     2     1     1     1    84 2.570
1m3qA02     1    10  1670    10     1     1     1     3     1    80 1.900
1xg7B01     1    10  1670    10     7     1     1     1     1    96 1.880
4uobA01     1    10  1670    10    10     1     1     1     1   116 1.310
3i0wA03     1    10  1670    10    11     1     1     1     1    56 1.730
1keaA01     1    10  1670    10    12     1     1     1     1   104 2.000
1mpgA03     1    10  1670    10    13     1     1     1     1    52 1.800
3iieB03     1    10  1740    10     6     2     1     1     1    85 2.210
1or7B01     1    10  1740    10     9     1     2     1     1    94 2.000
3ucqA01     1    10  1740    10    10     1     1     1     1    95 1.970
4nqwA01     1    10  1740    10    13     1     1     1     1    84 2.400
1h3lB00     1    10  1740    10    15     1     1     1     1    78 2.380
3t0yA01     1    10  1740    10    16     1     1     1     1    65 2.100
6pmiF01     1    10  1740    10    18     1     1     1     1    80 3.860
3rlbA00     1    10  1760    20     1     1     1     1     1   176 2.000
4dveA00     1    10  1760    20     2     1     1     2     1   184 2.090
4m5bA00     1    10  1760    20     3     1     1     1     1   214 1.830
4huqS00     1    10  1760    20     7     1     1     1     1   164 3.000
4rfsS00     1    10  1760    20     9     1     1     1     1   187 3.230
3p5nA00     1    10  1760    20    10     1     1     1     1   168 3.600
4hzuS00     1    10  1760    20    11     1     1     1     1   164 3.530
4irfB00     1    10  1780    10     3     1     1     1     1   144 1.650
3zriA01     1    10  1780    10     6     1     1     1     1   153 1.800
4y0cB00     1    10  1780    10     8     1     1     1     1   138 1.990
6azyA01     1    10  1780    10    11     1     1     1     1   131 2.700
7ekoO01     1    10  1780    10    14     1     1     1     1   154 3.300
2qcyA03     1    10  1840    10     2     1     3     1     1   107 1.750
3kusB01     1    10  1900    10     1     1     1     2     1    66 1.400
2o3lA00     1    10  1900    10     3     1     2     1     1    77 2.050
6o3bH00     1    10  2000    10     3     2     2     1     1   124 2.500
2pnkA02     1    10  2020    10     1     1     1     2     1    80 2.000
1j5sA02     1    10  2020    10     3     2     1     1     1    91 2.850
5fcyA00     1    10  2090    10     2     2     1     1     1   134 2.510
3idaA02     1    10  3020    10     1     1     1     2     1    95 1.600
1mpxA02     1    10  3020    10     2     2     1     1     1    67 1.900
1m6nA04     1    10  3060    10     6     1     1     1     1   135 2.700
2ipcA04     1    10  3060    10     7     1     1     1     1   242 2.800
1kplA00     1    10  3080    10     1     1     2     1     1   430 3.000
4x4wA02     1    10  3090    10     2     1     1     1     1   201 1.900
3h38A02     1    10  3090    10     3     1     1     1     1   265 2.370
3aqlA02     1    10  3090    10     4     1     1     1     1   248 3.000
1t3dA01     1    10  3130    10     2     2     2     1     1   136 2.200
3f1xA01     1    10  3130    10     4     1     1     1     1   148 2.000
3tm8B00     1    10  3210    10     2     1     1     1     1   307 1.280
2gz4A00     1    10  3210    10     4     1     1     1     1   200 1.500
2hekA01     1    10  3210    10     6     1     1     1     1   281 2.000
1vqrD00     1    10  3210    10     7     1     1     1     1   262 2.250
5tk8A00     1    10  3210    10    11     1     1     1     1   191 1.640
3rf0A00     1    10  3210    10    14     1     1     1     1   196 1.800
4r8zA00     1    10  3210    10    19     1     1     1     1   218 2.200
2o08A00     1    10  3210    10    20     2     1     1     1   183 1.900
4l1jB00     1    10  3210    10    21     1     1     1     1   187 1.820
2pgsA01     1    10  3210    10    23     2     1     1     1   172 2.350
3memA02     1    10  3210    10    24     1     1     1     1   299 2.250
1ynbA00     1    10  3210    10    27     1     1     1     1   167 1.760
3hi0A03     1    10  3210    10    28     1     1     1     1   199 2.300
1vj7B01     1    10  3210    10    30     1     1     1     1   173 2.100
2dqbB00     1    10  3210    10    35     1     1     1     1   346 2.200
1dqaD01     1    10  3270    10     3     1     1     1     1    60 2.000
2vy3A01     1    10  3290    10     2     3     1     2     1   225 2.800
4x2cA00     1    10  3290    10     4     1     1     1     1   207 1.800
2f6sA00     1    10  3290    10     6     1     2     1     1   176 2.500
6zmdB02     1    10  3290    10     7     1     1     5     1   238 2.640
4itrB00     1    10  3290    10    10     1     1     2     1   296 2.300
3letA00     1    10  3290    10    11     1     1     1     1   302 1.800
5z5mA01     1    10  3330    10     3     1     1     1     1   149 1.850
2q37A00     1    10  3330    10     4     1     1     1     1   137 2.500
5hzzC00     1    10  3420    10     1     1     1     2     1   141 1.800
2rfpA00     1    10  3420    10     2     1     1     2     1   165 1000.000
3hd6A00     1    10  3430    10     1     2     1     1     1   403 2.100
1u7gA00     1    10  3430    10     2     1     1     1     1   372 1.400
3k3fA00     1    10  3430    10     6     1     1     1     1   332 2.300
2o01200     1    10  3460    10    16     1     1     1     1   166 3.400
7blz301     1    10  3460    10    17     1     1     1     1   145 3.100
4k84A00     1    10  3520    10     4     1     1     1     1   206 1.900
3kv0A01     1    10  3520    10     5     1     1     1     1   157 1.900
2gttC01     1    10  3570    10     4     1     1     1     1   179 3.490
2qtsA03     1    10  3590    10     1     1     1     1     1    88 1.900
3hhwK02     1    10  3610    10     1     1     1     1     1   200 2.700
2gttJ02     1    10  3610    10     3     1     1     1     1   193 3.490
7mqvC02     1    10  3660    10     5     1     1     1     1   105 2.400
3rlfG01     1    10  3720    10     2     1     1     1     1   273 2.200
2onkC00     1    10  3720    10     4     2     1     1     1   252 3.100
7mc0A01     1    10  3720    10     7     1     1     1     1   221 3.300
7cafA01     1    10  3720    10     8     1     1     1     1   274 3.300
2rcyA02     1    10  3730    10     4     2     1     1     1   104 2.300
2nwlC00     1    10  3860    10     3     1     2     1     1   403 2.960
4e4jA02     1    10  3930    10     1     2     1     1     1    77 2.300
1rxxA02     1    10  3930    10     2     1     1     2     1    83 2.450
2fozA00     1    10  4080    10     2     1     2     2     1   339 1.600
2wocA00     1    10  4080    10     3     1     2     2     1   291 2.200
3v6zE00     1    10  4090    10     1     1     2     2     1   148 3.340
2a45H00     1    20     5    50     1     1     2     1     1    52 3.650
1jy2S00     1    20     5    50     2     1     1     1     1    47 1.400
1fzcB03     1    20     5    50     7     1     1     1     1    51 2.300
1fzcC03     1    20     5    50     9     1     1     1     1    47 2.300
1t3uA02     1    20     5    50    10     1     1     1     1    48 2.500
1n73D00     1    20     5    50    11     1     1     1     1    90 2.900
3ghgB01     1    20     5    50    14     1     1     1     1   139 2.900
1jfeD00     1    20     5    50    16     1     1     2     1   193 1000.000
1hgvA00     1    20     5    80     1     1     1     1     1    46 2.400
2cpbA00     1    20     5    80     2     1     1     3     1    50 999.000
3plnA02     1    20     5   100     1     1     1     1     1    32 1.500
2q3eA02     1    20     5   100     2     2     2     1     1    32 2.000
3cx5D02     1    20     5   100     4     2     1     1     1    48 1.900
2yiuB02     1    20     5   100     5     1     2     1     1    35 2.700
3vmaA01     1    20     5   100     7     1     1     1     1    25 2.160
3gw6A04     1    20     5   100     8     1     1     1     1    29 2.600
2k9jB00     1    20     5   100     9     1     1     1     1    43 999.000
2jwaA00     1    20     5   100    10     1     1     1     1    44 999.000
2kncB00     1    20     5   100    11     1     1     1     1    79 999.000
4wy4B00     1    20     5   110     1     1     1     1     1    58 1.400
3p8cE01     1    20     5   110     2     2     1     1     1    59 2.290
1n7sA00     1    20     5   110     3     1     1     1     1    63 1.450
3b5nL00     1    20     5   110     7     1     1     1     1    62 1.600
3b5nK00     1    20     5   110     9     1     1     1     1    65 1.600
1n7sB00     1    20     5   110    10     1     1     1     1    68 1.450
2npsC00     1    20     5   110    12     2     1     1     1    79 2.500
3zdoB00     1    20     5   110    17     1     1     1     1    62 2.070
4w7zC00     1    20     5   110    18     1     1     1     1    59 2.200
2xdjB00     1    20     5   110    19     1     1     1     1    67 1.820
1t3jA00     1    20     5   110    23     1     1     1     1    62 2.500
1nhlA00     1    20     5   110    25     1     1     1     1    52 2.300
3m0dC00     1    20     5   110    29     1     1     1     1    63 2.800
3htkB00     1    20     5   110    30     1     1     1     1    73 2.310
3vopC00     1    20     5   110    32     1     1     1     1    43 2.200
2pp6A01     1    20     5   110    36     1     1     1     1    21 2.700
1vwxL02     1    20     5   110    39     1     1     1     1    46 1000.000
4gnsA01     1    20     5   110    40     1     1     1     1    27 1000.000
2yo2A01     1    20     5   170     1     1     2     1     1    51 2.000
3vmxA00     1    20     5   170     3     1     1     2     1    48 1.450
4gkgA00     1    20     5   170     5     1     1     1     1    52 1.700
1czqA00     1    20     5   170     8     1     1     9     1    45 1.500
4aqrD00     1    20     5   170    10     1     1     1     1    57 1.950
3he4A00     1    20     5   170    15     2     1     1     1    45 2.460
5cmzA00     1    20     5   170    17     1     1     4     1    43 2.570
4c7nA00     1    20     5   170    18     1     2     1     1    47 2.100
4jnuA00     1    20     5   170    19     1     1     1     1    40 1.450
2yo2A03     1    20     5   170    20     1     1     1     1    49 2.000
3p32A01     1    20     5   170    24     1     1     1     1    46 1.900
1j2jB00     1    20     5   170    26     1     1     1     1    41 1.600
1gd2F00     1    20     5   170    30     1     1     1     1    64 2.000
4dzoB01     1    20     5   170    31     1     1     1     1    42 1.760
3a7pB00     1    20     5   170    32     1     2     1     1    76 2.800
2p7jB01     1    20     5   170    36     1     1     2     1    39 2.250
1a02F00     1    20     5   170    38     1     1     2     1    53 2.700
2vrsC01     1    20     5   170    39     1     1     1     1    38 1.750
1csbA01     1    20     5   170    40     1     1     1     1    42 2.000
1mv8A02     1    20     5   170    46     1     1     1     1    32 1.550
2pjuD03     1    20     5   170    47     1     1     1     1    41 2.100
3nfqA01     1    20     5   170    50     1     2     1     1    34 1.850
2xu6A00     1    20     5   170    53     1     1     1     1    61 2.700
1nwqA00     1    20     5   170    55     1     1     1     1    60 2.800
2basA02     1    20     5   170    57     1     1     1     1    46 2.610
1g2cB00     1    20     5   170    59     1     1     1     1    40 2.300
3v4wA00     1    20     5   170    61     1     1     3     1    74 3.700
3ir9A01     1    20     5   170    62     1     1     1     1    36 2.210
3kqgF01     1    20     5   170    65     1     1     1     1    34 2.300
4i6mC00     1    20     5   170    66     1     1     1     1    68 2.800
2iu8C03     1    20     5   170    69     1     1     1     1    31 2.200
4b86B00     1    20     5   170    70     1     1     1     1    51 3.500
4hytB01     1    20     5   170    72     1     1     1     1    47 3.400
3b8eB00     1    20     5   170    76     1     1     1     1    46 3.500
1slqE02     1    20     5   170    77     1     1     1     1    38 3.200
2xzrA00     1    20     5   170    80     2     2     1     1   108 2.800
2kp8A00     1    20     5   170    81     1     2     1     1    72 999.000
4eotA00     1    20     5   170    82     1     2     1     1    92 2.860
4e75C03     1    20     5   170    83     1     1     1     1    27 2.850
1hbwA00     1    20     5   170    87     1     1     1     1    57 999.000
2lw9A00     1    20     5   170    88     1     1     1     1    51 999.000
1junA00     1    20     5   170    89     1     1     1     1    43 999.000
1yycA01     1    20     5   170    92     1     1     1     1    30 999.000
1bccG00     1    20     5   210     1     1     3     1     1    78 3.160
3m9qA02     1    20     5   220     1     1     1     1     1    17 1.290
2j59M02     1    20     5   220     2     1     1     1     1    25 2.100
3g3zA01     1    20     5   220     3     1     1     1     1    25 2.100
3clqB01     1    20     5   220     4     1     1     1     1    24 2.500
1l0nK00     1    20     5   220     5     1     2     1     1    49 2.600
4ifdK01     1    20     5   220     6     1     1     1     1    20 2.810
2wscH01     1    20     5   220     7     1     1     1     1    23 3.300
2oarA02     1    20     5   220     9     1     1     1     1    17 3.500
2lkmA01     1    20     5   220    10     1     1     1     1    17 999.000
1mslA02     1    20     5   220    11     1     1     1     1    18 1000.000
3s6n201     1    20     5   220    12     1     1     1     1    17 1000.000
1dx7A00     1    20     5   250     2     2     1     1     1    48 999.000
1jmmA01     1    20     5   250     4     1     1     1     1    32 2.400
1pp9J00     1    20     5   260     2     1     1     1     1    62 2.100
1bccE01     1    20     5   270     1     1     2     1     1    64 3.160
1svfA00     1    20     5   300     1     1     1     1     1    64 1.400
1wncB00     1    20     5   300     6     2     1     1     1    81 2.800
1zv8G00     1    20     5   300     9     1     1     1     1    50 1.940
3efgA00     1    20     5   300    10     1     1     1     1    51 2.000
4n6jA00     1    20     5   300    12     1     1     1     1    45 2.000
1pgd003     1    20     5   320     1     2     1     1     1    34 1000.000
1avyB00     1    20     5   320     3     1     1     1     1    54 1.850
1nayB00     1    20     5   320     3     2     1     1     1    55 2.600
1wt6B00     1    20     5   340     6     1     1     1     1    67 1.600
1x79B00     1    20     5   340     7     1     1     1     1    90 2.410
1d7mA00     1    20     5   340     9     1     1     1     1   101 2.700
3hrnA00     1    20     5   340    10     1     1     1     1    63 1.900
2fxmB00     1    20     5   340    11     1     1     1     1   112 2.700
2qihA00     1    20     5   340    12     1     1     1     1   136 1.900
2pohF01     1    20     5   340    18     1     1     1     1   142 2.100
5ktbB01     1    20     5   340    19     1     1     1     1    70 3.050
8eapA01     1    20     5   340    22     1     1     1     1    60 3.300
5cj0B02     1    20     5   370     2     2     1     1     1    59 2.300
1fu1A02     1    20     5   370     2     3     3     1     1    57 2.700
5wlzC02     1    20     5   370     3     3     1     1     1    55 3.500
1z56B00     1    20     5   370     5     1     1     1     1    76 3.920
2rklF00     1    20     5   420     6     1     1     1     1    52 1.500
2b87A00     1    20     5   420     7     1     8     1     1    58 999.000
1hr5A00     1    20     5   420     9     1     2    20     1    48 1000.000
3zdmB00     1    20     5   420    12     1     1     1     1    50 1.800
1x0tA01     1    20     5   420    14     1     1     1     1    61 1.600
4kjmA02     1    20     5   420    15     1     1     1     1    55 2.000
4k35A04     1    20     5   420    16     1     1     1     1    49 2.000
3fxdC00     1    20     5   420    17     1     1     1     1    50 2.100
2wmmA01     1    20     5   420    18     1     1     1     1    49 2.300
4kjmB01     1    20     5   420    19     1     1     1     1    62 2.000
2q1kA00     1    20     5   420    20     1     1     1     1    51 2.700
2i8dA02     1    20     5   420    22     1     1     1     1    32 1.690
4hb1A00     1    20     5   420    23     1     1     1     1    44 2.900
2qvaA02     1    20     5   420    24     1     1     1     1    53 3.400
2r44A01     1    20     5   420    25     1     1     1     1    27 2.000
1s3jB01     1    20     5   420    26     1     1     1     1    30 2.250
2hr3A01     1    20     5   420    28     1     1     1     1    30 2.400
4jbzA03     1    20     5   420    29     1     1     1     1    30 2.400
3rguB00     1    20     5   420    30     1     1     2     1    87 3.000
4cpgA00     1    20     5   420    31     1     1     1     1    69 999.000
2ks1B01     1    20     5   420    33     1     1     1     1    23 999.000
1g1iA00     1    20     5   430     1     1     1     4     1    42 2.000
4c7rA02     1    20     5   430     3     1     1     1     1    39 2.700
4hh2A02     1    20     5   430     4     1     1     1     1    39 2.800
1jekA00     1    20     5   440     1     1     1     1     1    40 1.500
4wvzD01     1    20     5   440     2     2     1     1     1    43 2.090
2jdiH02     1    20     5   440     3     1     1     1     1    42 1.900
2qe7H02     1    20     5   440     4     2     1     1     1    47 3.060
4djgB00     1    20     5   440     5     1     1     1     1    47 1.900
1fs0E02     1    20     5   440     6     1     1     1     1    38 2.100
1ifpA00     1    20     5   440     7     1     1     1     1    44 3.100
3effK02     1    20     5   440     8     1     1     1     1    45 3.800
1r8eA03     1    20     5   490     1     2     1     1     1    44 2.400
3g9rA00     1    20     5   490     3     1     1     1     1    42 2.000
2j5uB01     1    20     5   490     4     1     1     1     1    40 2.500
3t97B00     1    20     5   490     5     1     1     1     1    58 2.800
4il6X00     1    20     5   510     1     1     1     1     1    40 2.100
2qsiA02     1    20     5   510     2     1     1     1     1    28 1.800
6k61J00     1    20     5   510     3     1     3     1     1    45 2.370
6igzJ00     1    20     5   510     3     4     1     1     1    41 3.490
2qiwA02     1    20     5   510     5     1     1     1     1    19 1.800
2yiuC01     1    20     5   510     6     1     1     1     1    29 2.700
1q90D01     1    20     5   510     8     1     2     1     1    56 3.100
2wpvB01     1    20     5   510     9     1     1     1     1    18 1.990
3c8vA04     1    20     5   510    10     1     1     1     1    19 2.280
2o01J01     1    20     5   510    12     1     1     1     1    25 3.400
2k9yA00     1    20     5   510    13     1     1     1     1    41 999.000
2lpfA01     1    20     5   510    14     1     1     1     1    27 999.000
1zoyC01     1    20     5   540     1     1     2     1     1    30 2.400
2g3aA01     1    20     5   540     2     1     1     1     1    31 1.900
1pv3A01     1    20     5   540     4     1     2     1     1    38 999.000
3ow2O02     1    20     5   560     1     1     1     2     1    33 2.700
4i7zC03     1    20     5   700     1     1     2     1     1    34 2.800
1vf5Q01     1    20     5   700     3     1     2     1     1    36 3.000
7czle01     1    20     5   860     3     1     1     1     1    57 3.780
4l74A02     1    20     5   870     1     1     1     1     1    30 1.840
6kacH01     1    20     5   880     1     1     2     1     1    53 2.700
1vs5U01     1    20     5  1150     1     1     1     1     1    39 1000.000
3wutG00     1    20     5  1180     3     1     1     1     1    55 2.300
5jvpB01     1    20     5  1430     1     2     1     1     1    71 2.100
1wu9A00     1    20     5  1430     3     1     1     1     1    59 1.540
6yf5A01     1    20     5  1430     5     1     1     1     1    76 1.830
4e61B00     1    20     5  1430     6     1     1     1     1    84 2.450
3ni0B00     1    20     5  1700     1     1     1     1     1    87 1.600
2x7aA00     1    20     5  1700     7     1     1     1     1    57 2.770
4pkyE00     1    20     5  1700     8     1     1     1     1    50 3.200
3ehfD01     1    20     5  1930     2     1     2     1     1    63 3.100
5ll6T02     1    20     5  2650     2     1     2     1     1    96 3.900
4ef4A01     1    20     5  5200     1     1     1     2     1    43 2.150
6tdyO00     1    20    20    10     2     3     1     1     1    81 3.040
2x2vA00     1    20    20    10     3     2     1    14     1    68 2.500
6oqrR00     1    20    20    10     6     1     1     1     1    76 3.100
6qumQ00     1    20    20    10     8     1     1     1     1    74 3.250
5j4oA01     1    20    58    60     2     1     1     1     1   104 1.540
1hciA03     1    20    58    60     8     1     1     2     1   120 2.800
2oduA02     1    20    58    60     9     1     1     2     1   105 2.300
1s35A02     1    20    58    60    14     1     1     1     1   110 2.400
1hciA01     1    20    58    60    16     1     1     1     1   126 2.800
3pe0A02     1    20    58    60    25     1     1     1     1   106 2.950
3edvA02     1    20    58    60    28     1     1     1     1   183 1.950
1w9lA02     1    20    58    60    33     1     1     1     1    39 1.950
5j1gA00     1    20    58    60    36     1     1     1     1   228 1.800
3r6nB01     1    20    58    60    38     1     1     1     1   224 2.950
6m3pA00     1    20    58    60    39     2     1     1     1   301 3.310
1g8xA06     1    20    58    60    40     1     1     1     1   319 2.800
1fewA00     1    20    58    70     1     1     1     2     1   173 2.200
3lg7A00     1    20    58    70     4     2     1     1     1   123 2.500
2xheB01     1    20    58    70     5     1     1     1     1   205 2.800
2dnxA00     1    20    58    70     6     1     1     1     1   130 999.000
2crbA00     1    20    58    80     1     1     2     1     1    97 999.000
5lb7B00     1    20    58    80     2     1     1     1     1    78 1.500
5fvkA00     1    20    58    80     3     1     1     1     1    82 1.660
4u7iA00     1    20    58    80     5     1     1     1     1    93 1.790
5cgmA02     1    20    58    80     6     2     1     1     1    78 1.950
4it4A02     1    20    58    80    10     1     1     1     1    91 2.500
1wcrA00     1    20    58    80    11     2     1     1     1   103 999.000
2a9uA01     1    20    58    80    12     1     1     1     1   125 2.100
2mpkA00     1    20    58    80    14     1     1     1     1    74 999.000
2x9xA04     1    20    58    90     4     2     1     1     1    54 1.500
4j2cC00     1    20    58    90     5     1     2     1     1   106 1.800
4l0rB00     1    20    58    90     7     1     1     1     1    73 2.490
3qk6A03     1    20    58    90     8     1     1     5     1    47 2.400
2c5iT00     1    20    58    90     9     1     1     2     1    93 2.300
2g0uA01     1    20    58    90    12     2     1     1     1    70 999.000
3fxdB00     1    20    58    90    15     1     1     1     1    58 2.100
4cqiA00     1    20    58    90    19     1     1     1     1   107 1.900
2mbgA02     1    20    58    90    21     1     1     1     1    66 999.000
2e5vA03     1    20    58   100     5     1     1     1     1    97 2.090
1kf6A03     1    20    58   100     8     1     1     1     1   120 2.700
5o5jT00     1    20    58   110     2     2     1     1     1    85 3.450
4hwiB02     1    20    58   120     2     1     1     1     1   106 2.270
1t7sA00     1    20    58   120     5     1     1     1     1   124 2.800
2qvaA01     1    20    58   190     1     1     1     2     1   129 3.400
3axjB01     1    20    58   190     2     1     1     1     1   152 2.100
1keyC02     1    20    58   200     2     1     2     2     1    85 2.650
1vctA01     1    20    58   220     2     1     1     1     1   109 1.850
1t72A01     1    20    58   220     7     1     1     1     1   111 2.900
3l39A01     1    20    58   220     8     1     1     1     1   200 1.930
2iiuA00     1    20    58   220     9     1     1     4     1   203 2.280
1xwmA00     1    20    58   220    10     1     1     1     1   212 2.500
3ck6C02     1    20    58   340     1     1     1     1     1   119 1.900
4egwA02     1    20    58   340     4     1     1     1     1   119 2.500
3rkgA02     1    20    58   340     6     1     1     1     1   164 1.280
4ev6A03     1    20    58   340     7     1     1     1     1    58 3.200
2m6bA00     1    20    58   390     2     1     4     1     1   150 999.000
1oedE00     1    20    58   390     5     4     1     1     1   128 4.000
2bg9A02     1    20    58   390     6     1     1     1     1   160 4.000
4idoA02     1    20    58   420     1     1     1     1     1   101 2.090
3ovuA00     1    20    58   420     2     1     1     2     1    88 2.830
5mi7A03     1    20    58   460     2     1     1     4     1   264 2.100
2v5cA03     1    20    58   460     3     1     1     1     1   130 2.100
1yw0A00     1    20    58   480     1     1     1     3     1   238 2.700
2v7kA02     1    20    58   480     2     1     1     1     1   214 1.700
4u74A01     1    20    58   480     3     1     2     5     1   222 2.310
2nwbA02     1    20    58   480     4     1     1     1     1   237 2.400
4pa0B01     1    20    58   530     8     1     1     1     1   173 2.250
7rb9D01     1    20    58   530    11     2     1     2     1   106 3.760
4akrB01     1    20    58   570     1     1     2     1     1    88 2.200
2di4A00     1    20    58   760     1     2     1     1     1   176 2.790
5kagA01     1    20    58  1300     1     1     1     2     1   133 2.460
3k3oA02     1    20    58  1360     1     2     1     1     1    84 2.100
3purA03     1    20    58  1360     3     1     1     1     1   110 2.100
2yu1A02     1    20    58  1360     4     1     1     1     1   106 2.700
6f6dA02     1    20    58  1370     1     2     1     1     1    82 1.820
7v2hj01     1    20    58  1610     2     1     1     1     1   108 2.500
7zmg301     1    20    58  1610     3     1     1     1     1    93 2.440
4czzB00     1    20    58  1880     1     1     2     1     1   133 3.000
3zc0D00     1    20    58  2140     2     1     1     1     1   187 2.980
4juyB00     1    20    58  2190     1     1     1     4     1   188 2.400
5ljmA00     1    20    58  2190     2     1     1     1     1   203 1.450
2d5uA01     1    20    58  2190     3     1     1     3     1   106 999.000
2d8dB00     1    20    59    10     1     1     1     1     1    83 1.150
2h9dD00     1    20    59    10     3     1     1     2     1   100 1.950
2vklA00     1    20    59    10     4     1     2     1     1    77 1.650
5vhtA00     1    20    59    10     5     1     1     1     1    94 2.000
2fp1B00     1    20    59    10     8     1     1     1     1   164 1.550
6ibeA02     1    20    80    10     1     1     1     1     1   108 1.450
2j0jA02     1    20    80    10    11     1     1     2     1   122 2.800
1hbkA00     1    20    80    10    12     1     1     1     1    89 2.000
6u4kA02     1    20    80    10    15     1     1     1     1    97 2.560
5f3yA03     1    20    80    10    17     2     1     1     1   115 3.410
2cquA00     1    20    80    10    18     2     1     1     1   116 999.000
4jk8A02     1    20    80    40     1     1     1     1     1    69 1.150
1r12A01     1    20    82    10     2     1     1     1     1   119 1.700
1e6dM01     1    20    85    10     1     1     1     2     1   143 2.300
1ds8M02     1    20    85    10     2     1     1     9     1   158 2.500
3zuwL01     1    20    85    10     3     1     1     2     1   163 2.310
8f4cA01     1    20    85    10     4     1     1     1     1   130 2.000
1eysL02     1    20    85    10     5     1     2     2     1   100 2.200
7d1tA01     1    20    85    10     6     1     4     1     1   182 1.950
1bk9A00     1    20    90    10     1     2     4     2     1   124 2.000
2wg7A00     1    20    90    10     5     1     1     1     1   121 2.000
3md2A01     1    20    91    10     1     1     1     3     1    67 2.200
1c5aA00     1    20    91    20     3     1     3     1     1    66 999.000
5jpnB01     1    20    91    20     6     1     1     1     1    72 3.600
3vrcA00     1    20   120    10     3     1     1     1     1   130 1.000
1yzaA00     1    20   120    10     4     1     2     2     1   106 999.000
2ccyA00     1    20   120    10     6     1     1     1     1   127 1.670
1s05A00     1    20   120    10    11     1     1     1     1   129 999.000
2hmqA00     1    20   120    50     2     2     1     1     1   114 1.660
1rmvA00     1    20   120    70     1     2     1     1     1   156 2.900
1m56C02     1    20   120    80     1     2     1     1     1   196 2.300
1vmaA01     1    20   120   140     3     1     1     1     1    83 1.600
7epkA01     1    20   120   140    13     1     1     1     1    89 2.700
2iylD01     1    20   120   140    14     1     1     1     1    65 2.100
6fqdB01     1    20   120   140    16     1     1     1     1    54 2.100
4g78A00     1    20   120   160     1     1     1     1     1   147 0.920
2oocB00     1    20   120   160     6     1     1     1     1   104 1.520
2lp4A01     1    20   120   160     8     1     2     1     1   145 999.000
1c02A00     1    20   120   160     9     1     1     2     1   166 1.800
1y6dA00     1    20   120   160    12     1     1     1     1   114 999.000
3ipmO01     1    20   120   180     1     1     1     5     1   208 4.000
1avoB00     1    20   120   180     2     1     1     1     1   140 2.800
1xwjA01     1    20   120   230     3     1     2     3     1   130 2.600
5w93A00     1    20   120   230     4     1     1     1     1   133 2.000
5h5mA02     1    20   120   230     7     1     1     1     1   130 2.400
6xz3A01     1    20   120   230     9     1     1     1     1   117 2.190
1l7cB01     1    20   120   230    10     1     1     2     1   114 2.500
1sj8A02     1    20   120   230    12     1     1     1     1   122 2.600
4iggB02     1    20   120   230    13     2     1     1     1   121 3.660
1dowA00     1    20   120   230    15     1     1     1     1   200 1.800
4iggB06     1    20   120   230    17     1     3     1     1   215 3.660
1tr2A04     1    20   120   230    18     1     1     1     1   113 2.900
1u89A00     1    20   120   230    21     1     1     1     1   139 999.000
2b0hA01     1    20   120   230    24     1     1     1     1   128 999.000
1oqcA00     1    20   120   310     3     1     1     1     1   112 1.800
3llkA02     1    20   120   310     5     1     1     1     1   143 2.000
4ebjA02     1    20   120   330     1     1     1     1     1   127 1.600
6nmnA02     1    20   120   330     2     1     1     2     1   128 1.800
1wolA00     1    20   120   330     3     1     1     1     1   122 1.620
2jx0A00     1    20   120   330     5     1     1     2     1   131 999.000
3mfnB00     1    20   120   330    10     1     1     1     1   124 2.020
3c18A02     1    20   120   330    11     1     1     1     1   116 1.900
1jogA00     1    20   120   330    13     1     1     1     1   129 2.400
1v4aA03     1    20   120   330    16     1     1     1     1   149 2.000
3tulB00     1    20   120   330    21     1     1     1     1   130 2.790
2pbeA02     1    20   120   330    22     1     1     1     1   121 2.650
3brjC00     1    20   120   330    25     1     1     1     1   161 2.750
2l6hA00     1    20   120   330    27     1     1     1     1   154 999.000
1orsC00     1    20   120   350     1     1     1     1     1   132 1.900
5yubA01     1    20   120   350     4     2     1     2     1   116 3.400
5dqqA01     1    20   120   350     5     1     1     1     1   128 2.870
7w6sB02     1    20   120   350    11     1     1     1     1   141 2.800
3g50C00     1    20   120   400     1     1     1     3     1   116 1.900
6a34A01     1    20   120   420     1     3     1     1     1   156 2.300
5yfjA01     1    20   120   420     2     1     1     1     1   121 2.200
6i3mE01     1    20   120   420     7     1     1     1     1   137 3.930
2qnlA00     1    20   120   450     1     1     1     1     1   159 1.500
5cogA00     1    20   120   450     3     2     1     1     1   168 1.610
2nsgA01     1    20   120   450     4     1     1     2     1   159 2.050
2qe9B01     1    20   120   450     6     1     1     1     1   156 1.900
2oqmB01     1    20   120   450     9     1     1     1     1   166 1.830
2hkvA01     1    20   120   450    10     1     1     1     1   138 1.700
3cexA00     1    20   120   450    11     1     1     1     1   165 2.000
2ou6A00     1    20   120   450    14     1     1     1     1   180 1.800
2yqyA00     1    20   120   450    16     1     1     1     1   127 2.000
2rd9B01     1    20   120   450    17     1     1     1     1   172 2.300
3dkaB01     1    20   120   450    18     1     1     1     1   132 2.300
6z74C02     1    20   120   530     3     1     1     2     1   159 2.000
3c7jA02     1    20   120   530     4     1     1     1     1   143 2.100
2hs5A02     1    20   120   530     8     1     1     1     1   138 2.200
5tpmB00     1    20   120   530     9     1     1     1     1   137 2.800
6wfqC01     1    20   120   530    10     1     1     1     1   142 3.900
4yl0A00     1    20   120   550     1     1     1     6     1   147 1.520
4jrzA00     1    20   120   550     2     1     2     4     1   156 2.400
4bemJ00     1    20   120   610     2     1     1     1     1   181 2.100
6o7uc01     1    20   120   610     4     1     1     1     1   190 3.100
2mysA04     1    20   120   720     6     1     1     1     1   123 2.800
1m2vB01     1    20   120   730     4     1     1     2     1   169 2.750
2cgeA03     1    20   120   790     4     4     1     1     1   153 3.000
3godB02     1    20   120   920     3     1     1     1     1   206 2.170
4wj0A02     1    20   120   920     4     3     1     1     1   235 2.850
8hi1C01     1    20   120   920     5     1     2     1     1   177 3.090
7kfuC02     1    20   120   920    10     1     1     1     1   233 3.900
5t3tJ00     1    20   120  1160     3     1     2     1     1   135 2.200
8befJ01     1    20   120  1200     1     1     1     1     1   170 2.130
7v2hm01     1    20   120  1200     3     1     2     1     1   168 2.500
3rkoF01     1    20   120  1200     6     1     1     1     1   160 3.000
4cs9C00     1    20   120  1350     1     1     1     2     1   165 2.010
2l9jA00     1    20   120  1350     2     1     2     1     1   119 999.000
5wo3A00     1    20   120  1490     2     1     1     2     1    90 1.870
2y3hD00     1    20   120  1490     3     1     1     2     1   107 1.890
3layF00     1    20   120  1490     4     1     1     2     1    78 2.700
3levA00     1    20   120  1810     1     1     2     1     1   177 2.500
1qdbA02     1    20   140    10     4     1     2     1     1   143 1.900
2wbiB03     1    20   140    10     9     2     1     1     1   158 2.800
3owaB04     1    20   140    10    17     1     1     1     1   150 1.970
4zyjA03     1    20   140    10    19     2     1     1     1   154 2.740
2ddhA03     1    20   140    10    21     1     1     1     1   157 2.070
5xdcA03     1    20   140    10    24     1     1     1     1   183 1.580
3mkhA03     1    20   140    10    26     1     1     1     1   167 2.000
8hk0C01     1    20   140    10    29     1     1     1     1   150 2.290
1ivhA03     1    20   140    10    30     1     3     1     1   141 2.600
2ot4A03     1    20   140    10    31     1     1     2     1   107 1.500
2fonA04     1    20   140    10    33     1     2     1     1   129 2.740
2j7aA02     1    20   140    10    34     1     2     1     1   124 2.300
8hk0B03     1    20   140    10    35     1     1     1     1   138 2.290
1u8vB03     1    20   140    10    40     1     1     1     1   213 1.600
2jbrA03     1    20   140    10    42     1     1     1     1   185 2.300
6jhmA02     1    20   140    10    45     1     2     1     1   218 2.300
3crkB01     1    20   140    20     1     1     1     2     1   166 2.300
2hjnA00     1    20   140    30     3     1     1     1     1   201 2.000
1k90C03     1    20   140    60     1     1     1     1     1   149 2.750
3x29A00     1    20   140   150     1     3     1     1     1   166 3.700
6dlzA01     1    20   140   150     2     1     2     4     1   181 3.900
1efyA01     1    20   142    10     3     1     3     1     1   136 2.200
4bgpA01     1    20   142    20     1     1     1     1     1   126 1.800
1vnsA01     1    20   144    10     1     1     1     2     1   175 1.660
2akcA00     1    20   144    10     2     2     1     2     1   218 2.300
4px7A00     1    20   144    10     3     1     1     1     1   246 3.200
4xd7C03     1    20   150    20     1     5     2     2     1   127 3.900
3x0uB01     1    20   190    10     1     1     1     1     1   243 1.700
4moaA01     1    20   190    10     2     1     1     1     1   231 2.000
4d8mA01     1    20   190    10     6     1     1     1     1   216 2.300
7qydA01     1    20   190    10     7     1     1     1     1   234 2.400
2br9A00     1    20   190    20     2     2     1     1     1   230 1.750
3tv2A02     1    20   200    10     1     1     3     1     1   269 2.100
2ptqA02     1    20   200    10     4     1     1     3     1   278 2.000
1b8fA02     1    20   200    10     6     1     1     4     1   313 2.100
4nleA01     1    20   200    10    10     1     1     1     1   256 2.160
1k62A02     1    20   200    10    12     1     3     1     1   228 2.650
2felA00     1    20   200    10    14     1     1     1     1   337 2.200
1fftA00     1    20   210    10     1     6     1     1     1   501 3.500
1ehkA00     1    20   210    10     2     1     1     5     1   544 2.400
3ayfA01     1    20   210    10     6     1     1     1     1   564 2.500
3mk7A00     1    20   210    10     8     1     1     1     1   466 3.200
1fgmA05     1    20   245    10     1     1     1    13     1   347 1.900
3pvsA03     1    20   272    10     1     1     2     1     1   102 2.500
6vvoE02     1    20   272    10     3     2     1     1     1    99 3.400
1a5tA03     1    20   272    10     4     1     1     1     1   116 2.200
3zh9B03     1    20   272    10     5     1     1     1     1   126 2.100
6vvoC03     1    20   272    10     8     2     1     1     1    91 3.400
1sxjA03     1    20   272    10    10     1     1     1     1   117 2.850
3glgG03     1    20   272    10    11     1     1     2     1   124 3.250
1sxjB03     1    20   272    10    12     1     1     1     1    92 2.850
1jr3D02     1    20   272    10    14     1     1     1     1   125 2.700
3u61D03     1    20   272    10    15     1     1     1     1    91 3.200
1ezvC00     1    20   810    10     1     1     1     2     1   385 2.300
7e1wB01     1    20   810    10     3     1     1     1     1   423 2.670
4i7zA00     1    20   810    10     6     1     1     2     1   213 2.800
1hbmA03     1    20   840    10     1     1     1    25     1   257 1.800
1e6vB02     1    20   840    10     2     1     5     1     1   289 2.700
1xd4A03     1    20   870    10     1     1     1     3     1   228 3.640
4jgwA01     1    20   870    10     2     1     1     1     1   156 2.300
4f7zA04     1    20   870    10     4     1     1     1     1   144 2.600
4l9mA01     1    20   870    10     5     1     1     1     1   133 3.000
3g36B00     1    20   890    10     1     1     1     1     1    50 1.200
2hwnB00     1    20   890    10     3     1     1     1     1    45 1.600
5hvzB00     1    20   890    10     4     1     1     1     1    47 2.000
2l9uA00     1    20   890    10     6     1     1     1     1    40 999.000
3actA02     1    20   890    20     1     1     2     1     1    50 1.850
2i15A01     1    20   890    20     2     1     1     1     1    38 2.400
4gouA03     1    20   900    10     8     1     1     1     1   192 2.300
1by1A00     1    20   900    10    17     1     1     1     1   209 999.000
7ckaA01     1    20   910    10     1     1     1     1     1   202 1.060
1n45A00     1    20   910    10     5     1     1     1     1   214 1.500
4fn6A01     1    20   910    10     8     1     2     1     1   217 2.690
7twaC00     1    20   910    10    10     1     1     1     1   221 1.700
3bjdA02     1    20   910    10    13     1     1     1     1   217 1.850
1otwB00     1    20   910    10    15     1     1     5     1   253 2.300
1sk7A00     1    20   910    10    17     1     1     1     1   187 1.600
2f2gA00     1    20   910    10    19     1     1     1     1   211 2.100
3oqlC00     1    20   910    10    20     1     2     1     1   232 2.540
3ddeB00     1    20   910    10    23     1     1     1     1   224 2.300
1rcwB00     1    20   910    10    25     1     1     1     1   210 2.500
3tlpA00     1    20   920    10    19     2     2     1     1   119 2.130
3lqhA02     1    20   920    10    31     1     1     1     1   106 1.720
4n4iA01     1    20   920    10    33     1     1     2     1    96 2.000
3u5nA02     1    20   920    10    35     1     1     1     1   120 1.950
5vs7A00     1    20   920    10    36     1     1     1     1   119 2.040
2r0yA02     1    20   920    10    41     1     1     1     1   142 1.750
3aadA01     1    20   920    10    44     1     3     1     1   147 3.300
4py6C00     1    20   920    10    45     1     1     1     1   127 2.500
1eo0A00     1    20   930    10    11     1     1     1     1    77 999.000
3op0A01     1    20   930    20     3     1     1     2     1   136 2.520
4btfA01     1    20   930    20     4     1     1     1     1   100 2.600
3fedA03     1    20   930    40     1     1     1     1     1   155 1.290
5az7A01     1    20   960    10     1     1     1     4     1    62 1.960
1xr7A03     1    20   960    20     1     2     1     1     1    87 2.300
1khvA05     1    20   960    20     4     1     1     1     1    97 2.500
4nyzA03     1    20   960    20     6     1     1     1     1    65 2.150
4lq3A04     1    20   960    20     7     1     1     1     1   118 2.600
2elcA01     1    20   970    10     1     1     1     1     1    67 1.550
1zvwA01     1    20   970    10     2     1     2     1     1    61 2.300
1uouA01     1    20   970    10     6     2     1     1     1    68 2.110
5ey3B01     1    20   970    10    10     1     1     2     1   107 1.910
4ga4A01     1    20   970    10    12     1     1     1     1    67 3.510
1ja1A03     1    20   990    10     1     1     2     1     1   126 1.800
2qtlA01     1    20   990    10     6     1     1     1     1   162 1.900
2bpoA02     1    20   990    10     7     1     1     1     1   145 2.900
3r2qA02     1    20  1050    10     3     1     1     1     1   112 1.050
4kx4A02     1    20  1050    10     6     1     2     1     1   126 1.600
4kdxA02     1    20  1050    10     7     1     1     1     1   119 1.350
4pqiA02     1    20  1050    10    10     1     2     1     1   131 1.950
4hz2A02     1    20  1050    10    17     1     1     1     1   116 1.500
2v6kA02     1    20  1050    10    24     1     1     1     1   130 1.300
1oyjB02     1    20  1050    10    25     3     1     1     1   133 1.950
1xw6A02     1    20  1050    10    26     1     5     1     1   105 1.900
4isdB02     1    20  1050    10    28     3     1     1     1    93 2.650
3m0fB02     1    20  1050    10    31     1     1     1     1   123 1.600
2n5fA02     1    20  1050    10    33     1     5     1     1   123 999.000
5bmuC02     1    20  1050    10    45     1     1     3     1   107 2.600
6eryA02     1    20  1050    10    47     1     3     1     1   142 1.800
3mdkA02     1    20  1050    10    49     1     2     1     1   102 1.850
2pvqA02     1    20  1050    10    58     1     1     1     1   106 1.800
2hnlA02     1    20  1050    10    65     1     1     1     1   110 2.000
4ussA02     1    20  1050    10    68     2     1     1     1   111 2.500
4ivfA02     1    20  1050    10    69     1     1     1     1   116 2.200
2yv9A02     1    20  1050    10    71     2     1     1     1   175 1.600
3c8eA02     1    20  1050    10    74     2     1     1     1   157 1.500
3cbuA02     1    20  1050    10    77     1     1     1     1   132 2.050
1r5aA02     1    20  1050    10    79     2     1     1     1   136 2.500
4lmvA02     1    20  1050    10    83     1     2     1     1   147 3.200
2hraA02     1    20  1050    10    88     1     1     1     1    91 1.900
4agsA02     1    20  1050    10    89     1     1     1     1   131 2.300
5u56A02     1    20  1050    10    96     1     1     1     1   112 2.650
3ic8C02     1    20  1050    10   100     1     1     2     1    96 2.400
1z9hA03     1    20  1050    10   102     1     1     1     1   151 2.600
4ptsB02     1    20  1050    10   105     1     1     1     1   177 2.830
2wvxA03     1    20  1050    60     1     2     1     1     1    91 1.900
1svmA02     1    20  1050    70     1     1     1     1     1   118 1.940
4q5qB00     1    20  1050   130     1     1     1     1     1   188 1.930
5a1nB00     1    20  1050   130     2     1     1     2     1   205 2.100
5a1nA00     1    20  1050   130     3     1     1     1     1   168 2.100
4zb7A00     1    20  1050   130     4     1     1     1     1   171 2.400
4w66B00     1    20  1050   130     5     1     1     1     1   217 2.360
7k5sA02     1    20  1060    10     2     1     1     1     1   125 1.670
1t7pA02     1    20  1060    10     5     1     1     1     1   157 2.200
3a7kB00     1    20  1070    10     5     1     1     2     1   258 2.000
5ax0A00     1    20  1070    10     6     1     1     1     1   234 1.520
7akwA01     1    20  1070    10    10     1     1     3     1   222 1.960
7utzR02     1    20  1070    10    23     1     1     1     1   273 2.400
7cj3A01     1    20  1070    10    24     1     1     1     1   258 2.600
7eq1R01     1    20  1070    10    40     2     1     1     1   280 3.300
4klyB00     1    20  1070    10    41     1     1     2     1   222 2.700
8hmpR01     1    20  1070    10    42     1     1     1     1   266 2.770
7cfmR01     1    20  1070    10    51     1     1     1     1   263 3.000
6csnA01     1    20  1070    10    52     1     1     1     1   271 2.900
3zevB00     1    20  1070    10    54     1     2     2     1   304 3.000
8h8jC01     1    20  1070    10    67     1     1     1     1   271 3.200
4jkvB02     1    20  1070    10    70     1     1     1     1   343 2.450
8f76A01     1    20  1070    10    71     1     1     1     1   295 3.100
5nx2A02     1    20  1070    10    74     2     1     1     1   278 3.700
3eh5B01     1    20  1070    10    78     1     1     2     1    44 2.800
1j4nA00     1    20  1080    10     8     3     1     1     1   249 2.200
3kcuD00     1    20  1080    10    10     2     1     1     1   248 2.240
3iv7A02     1    20  1090    10     2     2     1     1     1   195 2.070
1jq5A02     1    20  1090    10     3     2     1     1     1   206 1.700
6l1kA02     1    20  1090    10     8     1     1     1     1   197 1.970
5tprA02     1    20  1090    10     9     1     1     1     1   216 1.700
4rflA02     1    20  1090    10    12     1     1     1     1   199 2.200
3rf7A02     1    20  1090    10    13     1     2     1     1   161 2.120
1ujnA02     1    20  1090    10    14     1     1     1     1   168 1.800
1vfpB02     1    20  1110    10     1     1     1     7     1   419 2.900
2zxeA02     1    20  1110    10     2     1     1     1     1   416 2.400
3b8cA01     1    20  1110    10     3     1     1     2     1   361 1000.000
1epwA02     1    20  1120    10     1     1     1     1     1   331 1.900
3vuoA02     1    20  1120    10     3     2     1     1     1   330 3.900
1jb0A00     1    20  1130    10     1     2     2     1     1   740 2.500
1qoyA00     1    20  1170    10     2     1     1     2     1   303 2.000
6w08A01     1    20  1170    10     3     1     1     1     1   346 1.750
2nrjA01     1    20  1170    10     4     1     1     1     1   323 2.030
4k1pE00     1    20  1170    10     5     1     1     1     1   325 2.050
6h2dS01     1    20  1170    10     6     1     1     2     1   223 2.620
6grkB01     1    20  1170    10     7     1     1     2     1   344 2.330
6gy8A01     1    20  1170    10     8     1     1     1     1   332 2.500
4r36A02     1    20  1180    10     3     1     1     1     1    66 1.900
1j2zA02     1    20  1180    10     4     1     1     1     1    67 2.100
1nogA00     1    20  1200    10     2     1     1     1     1   149 1.550
1nigA00     1    20  1200    10     5     1     1     1     1   146 2.000
3cv2A02     1    20  1220    12     2     1     1     2     1   121 1.400
2wscL00     1    20  1240    10     5     1     3     1     1   161 3.300
3d85C00     1    20  1250    10     5     1     1     1     1   133 1.900
1m4rB00     1    20  1250    10     6     1     1     2     1   141 2.000
1m4bA00     1    20  1250    10     8     1     2     4     1   116 2.150
1rhgB00     1    20  1250    10     9     1     2     2     1   144 2.200
3ejjB00     1    20  1250    10    10     1     2     1     1   145 2.400
1b5lA00     1    20  1250    10    11     2     1     1     1   152 2.100
1eteA00     1    20  1250    10    12     1     1     1     1   134 2.200
1ekuB02     1    20  1250    10    13     1     2     2     1   126 2.900
1n1fA00     1    20  1250    10    14     1     1     1     1   153 1.950
6f1eA01     1    20  1250    10    15     1     1     1     1   139 2.300
2l3yA00     1    20  1250    10    17     2     1     1     1   184 999.000
5d70A00     1    20  1250    10    18     1     2     1     1   115 2.060
4mhlA00     1    20  1250    10    19     1     1     2     1   161 2.090
7zxkC01     1    20  1250    10    20     1     1     1     1   150 2.200
3pivA00     1    20  1250    10    21     1     1     1     1   156 2.090
1ax8A00     1    20  1250    10    22     1     1     1     1   130 2.400
3bpoA00     1    20  1250    10    24     1     2     2     1    98 3.000
1eerA00     1    20  1250    10    26     1     1     1     1   166 1.900
1v7mV00     1    20  1250    10    27     1     1     1     1   145 2.510
1evsA00     1    20  1250    10    30     1     1     1     1   163 2.200
1a7mA00     1    20  1250    10    31     1     3     1     1   180 999.000
1f45B00     1    20  1250    10    32     1     1     1     1   133 2.800
5uwcI00     1    20  1250    10    33     1     1     1     1   112 2.400
3b5kB00     1    20  1250    10    34     1     2     1     1   106 2.500
1f6fA00     1    20  1250    10    36     2     1     1     1   183 2.300
8d74D01     1    20  1250    10    38     1     1     1     1   170 3.030
4yb9D00     1    20  1250    20     1     2     1     1     1   437 3.200
4iu9A00     1    20  1250    20     3     1     2     1     1   396 3.010
6wbvA01     1    20  1250    20     4     1     1     1     1   428 2.500
3wdoA01     1    20  1250    20     5     1     1     1     1   392 3.150
4iu9B01     1    20  1250    20     6     1     2     1     1   224 3.010
4gc0A01     1    20  1250    20     7     1     1     1     1   249 2.600
6ei3A00     1    20  1250    20     8     1     1     1     1   511 2.100
4iu9B02     1    20  1250    20     9     1     2     1     1   203 3.010
7zh0A01     1    20  1250    20    10     1     1     1     1   400 3.200
8bb6A01     1    20  1250    20    13     1     1     1     1   466 2.680
4gc0A02     1    20  1250    20    14     1     1     1     1   226 2.600
4q65A00     1    20  1250    20    17     1     1     1     1   437 3.400
6c9wA02     1    20  1250    20    18     1     1     2     1   205 3.000
2cfqA01     1    20  1250    20    20     1     1     1     1   205 2.950
3o7pA01     1    20  1250    20    22     1     1     2     1   218 3.200
7dl9B02     1    20  1250    20    23     1     1     1     1   203 3.000
7dl9A01     1    20  1250    20    24     1     1     1     1   194 3.000
1pw4A02     1    20  1250    20    25     1     1     1     1   212 3.300
1pw4A01     1    20  1250    20    26     1     1     1     1   209 3.300
8ex5A02     1    20  1250    20    28     1     1     1     1   222 3.470
5a2nA00     1    20  1250    20    29     1     1     2     1   470 3.700
7d5qA01     1    20  1250    20    31     1     1     1     1   182 3.600
8sbeA01     1    20  1250    20    32     1     1     1     1   196 3.800
8sbeA02     1    20  1250    20    33     1     1     1     1   187 3.800
4j05A00     1    20  1250    20    35     1     1     1     1   422 1000.000
1y14C01     1    20  1250    40     1     1     1     2     1   131 2.300
3ayhA00     1    20  1250    40     2     1     1     1     1   134 2.190
2c35A00     1    20  1250    40     3     1     1     1     1   129 2.700
2ckzC01     1    20  1250    40     4     1     1     1     1   113 3.200
3e2cA00     1    20  1260    10     3     1     1     6     1   158 1.800
1dpsA00     1    20  1260    10     5     1     2     2     1   159 1.600
2gs4A00     1    20  1260    10     7     2     1     1     1   156 2.000
3q4oA00     1    20  1260    10     8     1     1     1     1   169 1.340
3qhbA00     1    20  1260    10     9     1     1     1     1   179 1.200
4ismA00     1    20  1260    10    13     1     1    71     1   156 2.000
2rbdA01     1    20  1260    10    19     1     1     1     1   145 1.540
5hjfA00     1    20  1260    10    21     1     1     1     1   179 1.590
5ffdA00     1    20  1260    10    23     1     1     1     1   137 1.450
2qf9A01     1    20  1260    10    31     1     1     1     1   142 1.690
5ux1D00     1    20  1260    10    34     1     1     1     1   197 1.500
3vnxA00     1    20  1260    10    35     2     1     1     1   195 2.400
3ezuA01     1    20  1260    10    36     1     1     1     1   179 1.950
4z5sA01     1    20  1260    10    37     1     2     1     1   215 1.580
3kwoA00     1    20  1260    10    41     1     1     1     1   144 1.990
2clbA01     1    20  1260    10    46     1     1     1     1   155 2.400
2qqyA00     1    20  1260    10    49     1     1     1     1   133 2.000
1vjxA00     1    20  1260    10    51     1     1     1     1   146 2.300
1zujA00     1    20  1260    10    53     1     2     1     1   168 2.900
3hl1B01     1    20  1260    10    55     1     1     1     1   211 1.950
2fzfA01     1    20  1260    10    56     1     1     1     1   150 2.700
3ez0C00     1    20  1260    10    59     1     1     1     1   202 2.330
4mudC00     1    20  1260    10    61     1     1     1     1   215 2.430
1otkA00     1    20  1260    10    63     1     1     2     1   244 2.000
2v8tA01     1    20  1260    10    64     1     1     1     1   301 0.980
3vvaA00     1    20  1260   140     1     1     1     3     1   266 2.590
3t46A00     1    20  1270    10     2     1     1     2     1    75 1.500
7n6lA02     1    20  1270    10     4     1     1     2     1    76 2.400
4kbqD00     1    20  1270    10    12     1     1     1     1    87 2.910
7b7tA01     1    20  1270    30     2     1     1     1     1   161 1.380
5kbpA02     1    20  1270    50     2     1     2     1     1    99 2.400
1o7dB00     1    20  1270    50     3     1     1     1     1    76 2.700
1o7dC01     1    20  1270    50     4     1     1     1     1    61 2.700
2q12A00     1    20  1270    60     1     1     1     1     1   231 1.790
2d1lA00     1    20  1270    60     2     1     1     1     1   240 1.850
1uruA01     1    20  1270    60     3     3     1     1     1   207 2.600
4dylA01     1    20  1270    60     5     1     1     1     1   250 2.180
3syvA01     1    20  1270    60     8     3     1     3     1   245 3.100
2z0vA00     1    20  1270    60    10     1     2     1     1   216 2.490
3ok8A00     1    20  1270    60    11     1     1     1     1   219 2.250
2efkA01     1    20  1270    60    12     1     1     1     1   256 2.300
3g9gA00     1    20  1270    60    13     1     1     1     1   250 2.400
3qweA00     1    20  1270    60    14     1     1     1     1   260 2.400
4wpeA00     1    20  1270    60    19     1     1     1     1   267 2.700
1i4dA00     1    20  1270    60    20     1     1     1     1   188 2.500
4fzsA00     1    20  1270    60    21     1     1     1     1   209 2.800
3pltA00     1    20  1270    60    22     1     1     1     1   214 2.900
6xj1A01     1    20  1270    60    25     1     1     2     1   245 3.520
3cazB00     1    20  1270    60    26     1     1     1     1   207 3.340
4wpcA00     1    20  1270    60    27     1     1     1     1   283 3.340
4az6A02     1    20  1270    90     1     1     1     1     1    68 1.360
2pmrA00     1    20  1270    90     2     1     1     1     1    76 1.320
2oznB01     1    20  1270    90     5     1     1     1     1    80 1.600
1mhyG01     1    20  1280    10     1     2     1     1     1    68 2.000
6d7kC02     1    20  1280    30     1     2     2     1     1    73 2.600
3ogkB01     1    20  1280    50     3     2     1     1     1    41 2.800
5ibkB00     1    20  1280    50     5     1     1     1     1    46 2.500
4i6jB01     1    20  1280    50     6     1     1     1     1    42 2.700
2ovrB01     1    20  1280    50     7     1     1     1     1    87 2.500
6m90A01     1    20  1280    50     8     1     1     1     1    99 2.050
3l2oB01     1    20  1280    50     9     1     1     1     1    88 2.800
3v7dD01     1    20  1280    50    10     1     1     1     1   100 2.310
7v3gA02     1    20  1280   260     1     2     1     3     1    95 3.300
4i9qA05     1    20  1280   300     2     1     1     1     1    75 2.300
2qeuB00     1    20  1290    10     2     1     1     1     1   128 1.650
2gmyD00     1    20  1290    10     3     1     1     1     1   145 1.600
1vkeE00     1    20  1290    10     4     1     1     1     1   119 1.560
2cwqA00     1    20  1290    10     6     1     1     1     1   122 1.900
1gu9C00     1    20  1290    10     9     1     1     1     1   166 1.900
6e8lA01     1    20  1290    10    11     1     2     1     1   170 2.300
3beyD00     1    20  1290    10    14     1     1     1     1    93 2.400
4g9qA00     1    20  1290    10    15     1     1     1     1   236 1.770
2q0tB01     1    20  1290    10    16     1     1     1     1   244 1.700
1yq3C02     1    20  1300    10     1     1     1     4     1   109 2.200
1zoyD00     1    20  1300    10     3     1     2     1     1   102 2.400
2wdqC00     1    20  1300    10     4     1     1     1     1   121 2.400
4kx6C00     1    20  1300    10     5     1     1     2     1   130 2.950
1kf6D00     1    20  1300    10     7     1     1     1     1   119 2.700
2wdqD00     1    20  1300    10     9     1     1     1     1   105 2.400
6lumG01     1    20  1300    10    10     1     1     1     1   112 2.840
1e7pC00     1    20  1300    10    11     1     1     5     1   254 3.100
4dhiB02     1    20  1300    20     2     1     1     1     1   145 1.800
2wzkA01     1    20  1310    10     1     1     1     1     1   127 2.050
1ldjA02     1    20  1310    10     2     2     1     1     1   123 3.000
3dplC01     1    20  1310    10     8     1     1     1     1   117 2.600
4wqoD00     1    20  1310    10    15     1     1     1     1   141 3.200
4i1sA01     1    20  1320    30     1     2     2     1     1   118 2.290
3zd7A03     1    20  1320    30     2     1     2     1     1   129 2.500
5ziyA01     1    20  1330    10     5     1     1     1     1   194 2.200
1io1A01     1    20  1330    10     7     1     1     1     1   169 2.000
3pwxA01     1    20  1330    10     8     1     1     1     1   178 2.500
6xkyA01     1    20  1330    10     9     1     1     1     1   187 3.200
4ensA02     1    20  1370    20     2     1     1     5     1   104 1.600
6l3tA01     1    20  1440    80     1     3     1     1     1   199 2.340
4u6rA03     1    20  1440   180     1     1     1     2     1   129 2.500
5xfaA04     1    20  1440   230     5     1     1     1     1    85 2.700
3zuxA00     1    20  1530    20     1     2     1     1     1   308 2.200
4bwzA00     1    20  1530    20     2     1     1     2     1   384 2.980
6z3yB01     1    20  1530    20     4     1     1     2     1   380 3.510
2irvB00     1    20  1540    10     1     1     1     5     1   179 2.300
4mrsA01     1    20  1560    10     1     1     1     1     1   332 2.350
4q4hA01     1    20  1560    10     4     1     1     1     1   318 2.530
7bcwA01     1    20  1560    10     8     1     2     2     1   314 3.500
7wiuB01     1    20  1560    10    10     1     2     2     1   297 3.480
8iprA01     1    20  1560    10    13     1     1     1     1   311 3.000
8iprC01     1    20  1560    10    14     1     1     1     1   297 3.000
6tqfA01     1    20  1560    10    16     1     1     1     1   391 3.500
3g5uA01     1    20  1560    10    20     1     1     4     1   681 3.800
5bunB00     1    20  1600    10     2     1     2     1     1   425 2.980
1yc9A01     1    20  1600    10     3     1     1     1     1   327 1.800
6u94A00     1    20  1600    10     4     1     1     1     1   385 2.350
2ww3A04     1    20  1610    10     1     2     2     1     1   175 2.100
4mt1A01     1    20  1640    10     1     1     3     1     1   207 3.540
2dhhA05     1    20  1640    10     2     1     1     7     1   225 2.800
3zqeB00     1    20  1710    10     2     1     2     1     1   250 2.190
2p7nA00     1    20  1710    10     4     1     1     1     1   327 2.800
1bk6A00     1    25    10    10     1     3     2     6     1   422 2.800
1m8zA00     1    25    10    10     2     1     3     1     1   339 1.900
6n85B01     1    25    10    10     5     1     2     1     1   397 2.500
1f59A00     1    25    10    10    11     1     1     3     1   440 2.800
1w9cA00     1    25    10    10    14     2     1     1     1   321 2.300
4fzaA01     1    25    10    10    15     1     1     2     1   323 3.150
3fgaB00     1    25    10    10    16     1     1     1     1   403 2.700
7ujdA01     1    25    10    10    17     1     1     1     1   442 2.500
4cv5D00     1    25    10    10    18     1     2     1     1   261 3.810
1xm9A01     1    25    10    10    19     1     1     1     1   410 2.800
4d4eA00     1    25    10    10    20     1     2     1     1   239 2.000
4adyA02     1    25    10    10    25     1     1     1     1   438 2.700
6whbA01     1    25    10    10    26     1     1     1     1   277 1.900
3tt9A00     1    25    10    10    28     1     1     1     1   233 1.550
3dadA00     1    25    10    10    29     1     1     1     1   324 2.300
5mzuA03     1    25    10    10    30     1     1     3     1   348 3.800
3nmzA00     1    25    10    10    31     1     1     1     1   406 3.010
4neeB00     1    25    10    10    32     1     1     1     1   388 2.880
5vjcA00     1    25    10    10    34     2     1     1     1   262 2.000
3o4xD01     1    25    10    10    35     1     1     4     1   234 3.200
2iw3B01     1    25    10    10    36     1     1     1     1   324 2.400
3ebbA00     1    25    10    10    37     1     1     1     1   261 1.900
4k6jB00     1    25    10    10    38     1     1     1     1   471 2.620
6mq7A00     1    25    10    10    39     1     1     1     1   244 1.780
3vwaA03     1    25    10    10    41     1     1     1     1   295 2.200
8c4aA01     1    25    10    10    42     1     1     1     1   470 2.680
5ewpA00     1    25    10    10    43     1     1     1     1   241 1.800
4r0zA00     1    25    10    10    44     1     1     1     1   557 2.010
7ep2B01     1    25    10    10    45     1     1     3     1   275 2.380
2w3cA02     1    25    10    10    46     1     1     1     1   286 2.220
1oyzA00     1    25    10    10    47     1     1     1     1   270 2.100
6idxA01     1    25    10    10    48     1     1     1     1   219 1.700
4l7mA00     1    25    10    10    49     1     1     1     1   255 2.000
4gmnA00     1    25    10    10    51     1     1     2     1   551 2.950
3opbA02     1    25    10    10    52     1     1     1     1   458 2.900
1xqrA00     1    25    10    10    54     1     1     1     1   259 2.100
1gw5B00     1    25    10    10    55     1     4     1     1   579 1000.000
4cb8A00     1    25    10    10    56     1     1     3     1   488 2.900
5dlqB01     1    25    10    10    58     1     1     1     1   433 3.200
2w3cA01     1    25    10    10    59     1     1     1     1   265 2.220
3nowA01     1    25    10    10    60     1     1     1     1   358 2.990
3qmlD00     1    25    10    10    61     1     1     1     1   273 2.310
7k0yA01     1    25    10    10    62     1     1     2     1   466 3.700
3c2gB01     1    25    10    10    64     1     1     1     1   533 2.500
3grlA00     1    25    10    10    66     1     1     1     1   601 2.000
2qk2A01     1    25    10    10    67     1     1     1     1   229 2.100
8aw4A01     1    25    10    10    68     1     3     1     1   182 2.210
2db0B00     1    25    10    10    69     1     1     1     1   240 2.200
5dn7A00     1    25    10    10    70     1     1     1     1   240 2.200
1ho8A01     1    25    10    10    71     1     1     1     1   323 2.950
3gs3A00     1    25    10    10    72     1     1     1     1   249 2.400
3wozB00     1    25    10    10    73     1     1     1     1   223 2.200
1b3uA00     1    25    10    10    74     1     1     1     1   588 2.300
6wm2P01     1    25    10    10    76     1     1     1     1   313 3.100
1lrvA00     1    25    10    10    77     1     1     1     1   233 2.600
3tjzB00     1    25    10    10    78     1     1     1     1   264 2.900
7ldgA00     1    25    10    10    79     1     1     1     1   220 2.560
6igxD01     1    25    10    10    82     1     1     1     1   262 3.000
3c5wA00     1    25    10    10    83     1     1     1     1   228 2.800
4ffbC00     1    25    10    10    84     1     1     1     1   231 2.880
3gb8A01     1    25    10    10    86     2     1     1     1   600 2.900
8sorA01     1    25    10    10    88     1     1     1     1   347 3.960
7dvqK01     1    25    10    10    91     1     1     1     1   173 2.890
7unkA01     1    25    10    10    92     1     1     1     1   591 3.450
6tblB01     1    25    10    10    94     1     1     1     1   111 2.650
1qgrA00     1    25    10    10    95     1     1     2     1   872 2.300
2z5kA00     1    25    10    10    97     1     1     2     1   840 2.600
8f7aA01     1    25    10    10    98     1     1     1     1   679 3.780
4c0qB00     1    25    10    10    99     1     1     1     1   729 3.420
1wa5C00     1    25    10    10   100     1     1     1     1   938 2.000
3zkvA00     1    25    10    10   102     1     1     1     1   873 3.000
3w3uA01     1    25    10    10   103     1     1     2     1   999 2.600
3ibvB00     1    25    10    10   104     1     1     1     1   902 3.100
3a6pA00     1    25    10    10   106     1     1     1     1  1072 2.920
1u6gC00     1    25    10    10   107     1     1     1     1  1146 3.100
1te4A01     1    25    10    10   108     1     1     1     1    89 999.000
4ga1A00     1    25    40    10     3     1     1     3     1   140 1.150
2ff4A02     1    25    40    10     7     1     1     1     1   182 1.900
1wm5A00     1    25    40    10     8     1     1     2     1   205 1.950
4leuA00     1    25    40    10     9     1     1     1     1   182 2.000
6fndD01     1    25    40    10    12     1     1     4     1   210 2.100
7cc7A01     1    25    40    10    13     1     1     1     1   221 1.450
3ly7A02     1    25    40    10    17     1     1     1     1   161 1.800
2vq2A00     1    25    40    10    19     1     1     1     1   220 1.540
3q5mA00     1    25    40    10    21     1     1     2     1   210 2.600
8gm5A01     1    25    40    10    23     1     1     1     1   193 2.120
3rjvA01     1    25    40    10    24     1     1     1     1   143 1.650
6px0A00     1    25    40    10    26     1     1     1     1   135 1.550
3urzA00     1    25    40    10    27     1     1     1     1   196 2.190
2pziA04     1    25    40    10    32     1     1     1     1   177 2.400
4b94A00     1    25    40    10    34     1     1     2     1   141 2.200
3gw4A00     1    25    40    10    35     1     1     1     1   187 2.490
4yvoA00     1    25    40    10    36     1     1     1     1   119 1.450
2q7fA00     1    25    40    10    41     1     1     1     1   194 2.490
2xcbA00     1    25    40    10    43     1     1     1     1   133 1.850
4horA01     1    25    40    10    45     1     1     1     1   133 1.860
7mqzA01     1    25    40    10    47     1     1     1     1   206 2.390
4i9cA02     1    25    40    10    48     2     1     1     1   221 3.100
2vsyA01     1    25    40    10    49     1     1     1     1   142 2.100
3n71A03     1    25    40    10    50     1     1     1     1   213 2.300
4bt9A02     1    25    40    10    54     1     1     1     1   130 1.900
4uqxA01     1    25    40    10    57     1     1     1     1    89 1.200
3u3wA02     1    25    40    10    58     1     1     1     1   211 2.400
3o48A01     1    25    40    10    59     1     1     1     1   118 1.750
4i9cA01     1    25    40    10    61     3     1     1     1   151 3.100
1hxiA00     1    25    40    10    62     1     1     1     1   108 1.600
1ya0A01     1    25    40    10    64     1     1     1     1   206 2.550
2pziB03     1    25    40    10    66     1     1     1     1   150 2.400
3zheC01     1    25    40    10    69     1     1     1     1   184 3.000
3kaeA00     1    25    40    10    72     1     1     1     1   225 2.300
2p58C00     1    25    40    10    75     1     1     1     1   110 1.800
2hr2A00     1    25    40    10    77     1     1     1     1   150 2.540
1xnfA00     1    25    40    10    84     1     1     1     1   256 1.980
2i6hA02     1    25    40    10    86     1     1     1     1    96 1.750
6orcB00     1    25    40    10    87     2     1     1     1   134 2.980
5bt1B00     1    25    40    10    89     1     1     2     1   249 2.620
7qihA01     1    25    40    10    91     1     1     1     1   101 1.920
5v37A05     1    25    40    10    92     1     1     1     1    73 1.420
4ui9Y01     1    25    40    10    99     1     1     2     1   111 3.600
3u4tB00     1    25    40    10   103     1     1     1     1   254 2.280
2r5sA02     1    25    40    10   104     2     1     1     1    87 2.140
4f3vB01     1    25    40    10   105     1     1     1     1   272 2.000
8fbnB01     1    25    40    10   106     1     1     3     1   222 3.040
5an3B01     1    25    40    10   110     1     1     1     1   134 2.820
3cvpA00     1    25    40    10   111     1     1     1     1   279 2.000
4j8eA00     1    25    40    10   114     1     1     1     1   119 2.600
7n1nB01     1    25    40    10   115     1     1     1     1    63 1.600
4abnA01     1    25    40    10   116     1     1     1     1   279 2.050
3beeA00     1    25    40    10   119     1     1     1     1    90 2.150
3nf1A00     1    25    40    10   122     1     2     1     1   283 2.800
4g26A01     1    25    40    10   123     1     1     1     1   300 1.750
2r5sA01     1    25    40    10   127     1     1     1     1    83 2.140
4horA02     1    25    40    10   129     1     1     1     1    65 1.860
4a1sA00     1    25    40    10   135     1     3     2     1   346 2.100
3k9iA01     1    25    40    10   137     1     1     1     1   102 2.710
4rg6A03     1    25    40    10   139     1     1     1     1   133 3.300
4gpkF02     1    25    40    10   142     1     1     1     1   240 3.200
3ma5A00     1    25    40    10   148     1     1     1     1    90 2.800
5jj6B01     1    25    40    10   149     1     1     1     1    96 2.910
3mkrA00     1    25    40    10   151     1     1     1     1   291 2.600
1qqeA00     1    25    40    10   154     1     1     1     1   281 2.900
3hymL00     1    25    40    10   156     1     1     1     1   289 2.800
1hz4A00     1    25    40    10   158     1     1     1     1   366 1.450
7ru9C01     1    25    40    10   159     1     1     1     1   267 3.300
5ctrA01     1    25    40    10   163     1     1     3     1   305 3.010
3ulqA00     1    25    40    10   164     2     1     1     1   376 2.300
2ondA00     1    25    40    10   165     1     1     1     1   299 2.800
6wb9201     1    25    40    10   166     1     1     1     1   289 3.000
1b89A00     1    25    40    10   167     1     1     1     1   313 2.600
5tqbB01     1    25    40    10   168     1     1     1     1   332 2.400
4ui9P01     1    25    40    10   169     1     1     2     1   290 3.600
4rg6A02     1    25    40    10   170     1     1     1     1    77 3.300
8bfiB01     1    25    40    10   172     1     1     1     1   310 3.000
3zpjA00     1    25    40    10   173     1     1     1     1   356 2.300
4ui9Y03     1    25    40    10   174     1     1     1     1    80 3.600
3iegA00     1    25    40    10   176     1     1     1     1   353 2.510
2uy1A00     1    25    40    10   177     1     1     2     1   438 2.000
6xssA01     1    25    40    10   178     1     1     1     1    69 3.700
2gw1A02     1    25    40    10   179     1     1     1     1   360 3.000
3e4bA00     1    25    40    10   180     1     1     1     1   395 2.500
4bwrA00     1    25    40    10   181     1     1     1     1   457 1.740
8f5oD01     1    25    40    10   183     1     1     1     1   392 3.500
2xpiD00     1    25    40    10   184     1     1     1     1   518 2.600
4in3B00     1    25    40    10   188     1     1     1     1   589 2.940
1zu2A00     1    25    40    10   189     1     1     1     1   158 999.000
2mhkA01     1    25    40    10   190     1     1     1     1   125 999.000
3utmA01     1    25    40    20    18     1     1     1     1   187 2.000
5h28A01     1    25    40    20    21     1     1     1     1   145 1.500
6dcxD00     1    25    40    20    27     1     1     2     1   206 3.410
4hbdA00     1    25    40    20    29     2     1     1     1   245 1.720
2b0oE02     1    25    40    20    32     2     1     1     1   144 2.060
2f37A00     1    25    40    20    35     1     1     1     1   244 1.700
4zhbA00     1    25    40    20    36     1     1     1     1   102 1.300
1iknD00     1    25    40    20    37     1     1     1     1   216 2.300
5h28A02     1    25    40    20    38     1     1     1     1   112 1.500
6urqA02     1    25    40    20    42     1     1     2     1   116 2.050
6iybB00     1    25    40    20    44     1     1     1     1   135 2.090
5u0iB00     1    25    40    20    47     1     1     1     1    93 1.420
1sw6A00     1    25    40    20    55     1     1     1     1   254 2.100
7wdbA01     1    25    40    20    62     1     1     1     1   255 2.400
3keaA00     1    25    40    20    67     1     1     1     1   273 2.300
2fo1E00     1    25    40    20    75     1     1     1     1   283 3.120
2ajaA00     1    25    40    20    76     1     1     1     1   335 2.800
1n11A00     1    25    40    20    78     1     2     1     1   404 2.700
4uwhA01     1    25    40    70     5     1     1     1     1   210 1.930
5nczA01     1    25    40    70     6     1     1     2     1   223 1.940
2x6hA01     1    25    40    70     7     2     1     1     1   186 2.900
2i9cA01     1    25    40    70     9     1     1     1     1   107 2.000
5t5xA02     1    25    40    80     1     2     1     1     1   126 1.840
3zxsC02     1    25    40    80     2     1     2     1     1   154 2.700
4cdnB02     1    25    40    80     4     1     1     1     1   149 1.900
6lz3A02     1    25    40    80     7     1     2     1     1   134 3.200
5onfA00     1    25    40    90     2     1     2     2     1   147 2.800
3g2sB00     1    25    40    90     5     1     1     1     1   141 1.700
2lo6A00     1    25    40    90    10     1     1     3     1   154 999.000
4fu3A00     1    25    40    90    11     1     2     2     1   127 1.900
2bf0X00     1    25    40    90    12     1     1     2     1   129 2.300
5cmyA00     1    25    40    90    13     1     1     1     1   142 2.090
1hx8A01     1    25    40    90    15     1     1     1     1   118 2.200
1vdyA00     1    25    40    90    16     1     1     1     1   140 999.000
1n95A00     1    25    40   120     1     1     2     3     1   312 2.300
3dssA00     1    25    40   120     2     1     1     1     1   313 1.800
6j7xA01     1    25    40   120     5     1     1     1     1   275 2.750
4b89A00     1    25    40   180     1     1     1     1     1   230 1.500
2iu1A00     1    25    40   180     5     1     1     1     1   179 1.800
6kneA01     1    25    40   180     6     2     1     1     1   159 1.700
3l6aA01     1    25    40   180     7     1     1     1     1   190 2.000
1uw4B00     1    25    40   180     9     1     1     1     1   248 1.950
1h2tC03     1    25    40   180    11     1     1     1     1   242 2.100
3feyA02     1    25    40   180    12     1     1     1     1   192 2.200
1hu3A00     1    25    40   180    13     2     1     1     1   196 2.370
3d3mA00     1    25    40   180    15     1     1     1     1   161 1.900
4c9bB00     1    25    40   180    18     1     1     1     1   277 2.000
1h2uA01     1    25    40   180    19     1     1     1     1   262 2.400
1paqA00     1    25    40   180    21     1     1     1     1   156 2.300
4cemA00     1    25    40   180    25     1     1     1     1   305 2.600
6n7pX01     1    25    40   180    26     1     1     1     1   299 3.600
1zb1A00     1    25    40   280     3     1     1     1     1   367 1.950
5fwqA04     1    25    40   320     1     1     1     2     1   148 2.050
3jq0A00     1    25    40   390     1     1     1     1     1   463 1.130
3hdxA00     1    25    40   390     3     1     1     1     1   449 1.500
3snxA00     1    25    40   390     8     1     1     1     1   442 1.880
5e75A00     1    25    40   390    10     1     1     1     1   506 1.360
3cghA00     1    25    40   390    15     1     1     1     1   498 1.700
3ehmA01     1    25    40   390    17     1     1     1     1   299 2.000
3mcxA01     1    25    40   390    18     1     1     1     1   238 1.490
3ckcA01     1    25    40   390    20     1     1     1     1   220 1.500
3fdhA01     1    25    40   390    23     1     1     1     1   235 1.750
3mx3A01     1    25    40   390    24     3     1     1     1   189 2.000
7zcvA02     1    25    40   400     1     1     1     1     1   210 1.900
2aw6A02     1    25    40   400     2     1     1     5     1   221 3.000
3sbtB02     1    25    40   550     4     1     1     1     1   157 1.800
5dllA05     1    25    50    10     5     1     1     1     1   318 2.510
4f5cA04     1    25    50    20     2     1     2     3     1   332 3.200
4ayoA00     1    50    10    10     1     1     1     1     1   434 0.850
5gy1A01     1    50    10    10     5     3     1     3     1   436 1.990
4z4jA00     1    50    10    10     6     2     1     1     1   392 1.540
1fbwA01     1    50    10    10     7     1     3     3     1   425 2.000
2p0vA01     1    50    10    10     8     2     3     1     1   414 2.100
2afaA00     1    50    10    10     9     1     1     2     1   399 2.150
6g00A01     1    50    10    10    11     1     1     1     1   385 1.400
5ohzA00     1    50    10    10    14     2     1     6     1   434 2.040
3t33A00     1    50    10    10    16     2     1     1     1   407 2.250
1v7wA03     1    50    10    10    18     1     1     1     1   393 1.600
3w7tA03     1    50    10    10    19     1     1     1     1   457 1.500
2ahfA00     1    50    10    10    21     1     1     1     1   377 1.520
2eabA02     1    50    10    10    22     1     1     1     1   511 1.120
3k11A00     1    50    10    10    23     1     1     1     1   429 1.800
6gszA04     1    50    10    10    25     1     1     1     1   351 1.380
5xd0A01     1    50    10    10    28     2     1     1     1   351 1.790
1fp3A00     1    50    10    10    29     2     1     1     1   402 2.000
5h41A01     1    50    10    10    32     1     1     1     1   429 2.000
1gaiA00     1    50    10    10    34     1     1     1     1   472 1.700
4q2bB00     1    50    10    10    36     3     1     1     1   341 2.120
2jg0A00     1    50    10    10    37     1     1     1     1   507 1.500
1h54A02     1    50    10    10    38     2     1     1     1   367 2.150
1lf6A02     1    50    10    10    39     1     1     1     1   392 2.100
4xuvA00     1    50    10    10    40     2     1     1     1   332 2.050
2ri9A00     1    50    10    10    41     1     1     1     1   475 1.950
3h7lB02     1    50    10    10    42     1     2     1     1   482 2.300
4ce7B00     1    50    10    10    43     1     1     1     1   348 1.900
4j5tA02     1    50    10    10    44     1     1     1     1   478 2.040
5gy3A00     1    50    10    10    45     2     1     1     1   310 1.770
2okxA05     1    50    10    10    46     1     1     1     1   334 1.900
3renA00     1    50    10    10    47     1     1     1     1   331 2.000
1rq5A02     1    50    10    10    48     1     1     2     1   504 2.400
8carA01     1    50    10    10    49     1     1     1     1   371 2.680
4d4bA00     1    50    10    20     1     1     1     2     1   333 1.300
1gxmB00     1    50    10    20     2     1     1     1     1   332 1.320
4v1sA00     1    50    10    20     3     1     1     1     1   359 1.500
3dssB00     1    50    10    20     4     1     1     1     1   327 1.800
6ry2A01     1    50    10    20     6     1     1     1     1   401 1.300
4mu9B00     1    50    10    20     8     1     1     1     1   353 1.890
1umpA01     1    50    10    20    10     1     1     2     1   347 2.130
2v8iA01     1    50    10    20    13     1     1     1     1   411 1.500
2bb5A01     1    50    10    20    14     1     2     2     1   298 3.200
1w6kA03     1    50    10    20    18     1     1     1     1   285 2.100
5bp8A02     1    50    10    20    19     1     1     1     1   254 1.800
2sqcA02     1    50    10    20    20     1     1     1     1   272 2.000
1hzfA00     1    50    10    20    21     1     1     1     1   297 2.300
2g0dA00     1    50    10    20    24     1     1     1     1   404 2.210
4ydeB00     1    50    10    20    29     1     1     1     1   411 2.700
7bjtA01     1    50    10   100     1     1     1     1     1   348 1.420
1f1sA02     1    50    10   100     3     2     1     1     1   374 2.100
3nnbA01     1    50    10   100     5     1     1     1     1   364 1.600
4e1yA00     1    50    10   100     7     1     1     2     1   353 2.100
6ljaA01     1    50    10   100     8     1     1     2     1   360 1.980
4fnvA01     1    50    10   100     9     1     1     1     1   377 1.600
3vsmA01     1    50    10   100    12     1     1     1     1   347 2.000
1hn0A02     1    50    10   100    14     1     1     1     1   384 1.900
3a0oA02     1    50    10   100    15     1     1     1     1   365 2.110
2fuqA01     1    50    10   100    16     1     1     2     1   330 2.150
7r2xA01     1    50    10   100    21     1     1     1     1   353 3.350
1n1bA01     1    50    10   130     2     1     2     1     1   200 2.000
1h8pA01     2    10    10    10     4     1     1     1     1    40 1.820
1j7mA00     2    10    10    10     5     2     1     1     1    60 999.000
4mb4A04     2    10    10    20     2     1     1     1     1    45 1.480
4tx8A01     2    10    10    20     3     1     1     1     1    53 2.170
2rtsA00     2    10    10    20     5     1     1     1     1    73 999.000
3l2aA02     2    10    10    70     1     1     3     1     1    52 1.710
2bouA03     2    10    25    10    12     1     1     1     1    47 1.900
1b9wA01     2    10    25    10    14     1     1     1     1    51 1.800
1g1tA02     2    10    25    10    23     1     1     1     1    38 1.500
2p26A03     2    10    25    10    25     1     1     1     1    41 1.750
3fcsD05     2    10    25    10    26     2     1     1     1    42 2.550
1kloA01     2    10    25    10    30     1     1     1     1    53 2.100
2p3fN00     2    10    25    10    32     2     1     1     1    74 3.100
1dqbA01     2    10    25    10    35     1     1     3     1    46 999.000
1autL02     2    10    25    10    37     2     1     1     1    52 2.800
1kloA02     2    10    25    10    41     1     1     1     1    56 2.100
1p9jA00     2    10    25    10    43     1     2     1     1    54 999.000
1szbA02     2    10    25    10    44     1     1     1     1    43 2.500
1apqA00     2    10    25    10    44     4     1     1     1    53 999.000
6n29B01     2    10    25    10    47     1     1     1     1    53 2.500
1l3yA00     2    10    25    10    48     1     2     1     1    41 999.000
1eqgA01     2    10    25    10    56     1     1     1     1    41 2.610
2wg3D02     2    10    25    10    57     1     1     1     1    55 2.600
1yo8A02     2    10    25    10    61     1     1     1     1    56 2.600
3fbyA01     2    10    25    10    63     1     1     1     1    47 3.150
1yo8A03     2    10    25    10    64     1     1     1     1    39 2.600
1dx5I02     2    10    25    10    67     1     1     1     1    33 2.300
4bdxA00     2    10    25    10    73     1     1     1     1    83 1.620
3k6sD05     2    10    25    10    74     1     1     1     1    57 3.500
3k6sH04     2    10    25    10    75     1     1     1     1    38 3.500
3tbdA01     2    10    25    10    76     1     1     2     1    85 1.800
3p5bL01     2    10    25    10    79     1     1     1     1    75 3.300
2m74A02     2    10    25    10    88     1     1     1     1    67 999.000
1emnA01     2    10    25    10    89     1     1     1     1    27 999.000
2m74A01     2    10    25    10    90     1     1     1     1    69 999.000
2vrsA02     2    10    25    20     1     1     1     1     1    40 1.750
1v1hF01     2    10    25    20     2     1     1     1     1    73 1.900
3s6xC03     2    10    25    20     3     1     1     1     1    40 2.250
4gu4A01     2    10    25    20     5     1     1     1     1    43 3.500
4bk4A03     2    10    50    10     2     1     1     3     1    66 3.650
3nzyB02     2    10    50    10     3     1     1     3     1    83 1000.000
6a3vB02     2    10    50    10     4     1     1     3     1    76 3.390
3thmF00     2    10    50    10    10     1     1     1     1    77 2.100
1d4vA03     2    10    50    10    21     1     1     1     1    46 2.200
5cirE02     2    10    50    10    25     1     2     1     1    40 3.000
1d4vA02     2    10    50    10    28     1     1     1     1    31 2.200
6ng3A01     2    10    50    10    29     1     1     1     1    42 2.880
3mi8D02     2    10    50    10    31     1     1     1     1    25 2.950
2ofsA00     2    10    60    10     1     1     1     3     1    75 2.120
2h5fB00     2    10    60    10     4     1     3     1     1    74 1.900
4aeaA00     2    10    60    10     7     1     2     1     1    67 1.940
3laqU01     2    10    60    10     9     1     2     1     1    81 3.200
3plcB00     2    10    60    10    10     3     1     1     1    59 2.410
5nh3A00     2    10    60    10    12     1     2     1     1    94 2.350
4faoC00     2    10    60    10    13     1     1     2     1    75 3.360
2i9bG02     2    10    60    10    16     1     1     2     1    84 2.800
1ks6A00     2    10    60    10    17     2     1     1     1   107 999.000
5do6A00     2    10    60    10    18     1     1     1     1    57 1.700
2pjyC00     2    10    60    10    19     1     1     2     1    79 3.000
7l0jB01     2    10    60    10    22     1     1     1     1    89 2.600
7z14F01     2    10    60    10    24     1     1     1     1    52 3.150
2aihA00     2    10    69    10     2     2     2     1     1    67 999.000
2qn5B01     2    10    69    10     5     1     1     1     1    54 3.000
1bi6H00     2    10    69    10     6     1     1     1     1    41 999.000
2g7iA02     2    10    70    10    10     1     1     3     1    65 1.750
2uwnA01     2    10    70    10    11     3     1     2     1    65 2.350
2cg7A01     2    10    70    10    13     1     1     1     1    46 1.200
1ghqB01     2    10    70    10    18     1     1     2     1    65 2.040
1gknA01     2    10    70    10    22     3     1     1     1    67 999.000
2lojA01     2    10    70    10    23     1     2     1     1    39 999.000
3o8eB01     2    10    70    10    43     1     1     1     1    62 2.840
4f4oC01     2    10    70    10    45     1     1     1     1    57 2.900
1e88A03     2    10    70    10    55     1     1     3     1    42 999.000
3mqlA04     2    10    70    10    56     1     1     1     1    46 3.000
2kmsA02     2    10    70    10    60     1     1     1     1    58 999.000
1tpmA00     2    10    70    10    65     1     1     1     1    50 999.000
1u5mA01     2    10    70    10    70     1     1     1     1    36 999.000
1g44C04     2    10    70    10    71     1     1     1     1    42 1000.000
2y8tA03     2    10    70    70     3     1     1     1     1    55 1.950
2x2zD03     2    10    70    70     4     1     1     1     1    28 2.000
1rv0H01     2    10    77    10     2     1     5     1     1    92 2.500
4we6A01     2    10    77    10     6     1     1     1     1    57 1.900
4fqjA01     2    10    77    10     8     1     1     1     1    53 2.500
1mjvA00     2    10    90    10     1     1     2     1     1    96 2.100
1reuA00     2    10    90    10     4     1     1     3     1   103 2.650
5vb9A01     2    10    90    10     5     1     1     1     1    91 1.700
5bq8A00     2    10    90    10     6     1     1     1     1   102 2.000
5aejB00     2    10    90    10     8     1     1     1     1   113 1.900
1betA00     2    10    90    10    10     1     3     1     1   107 2.300
3e07A00     2    10    90    10    17     1     1     1     1    90 2.400
1hcnA00     2    10    90    10    19     1     1     2     1    85 2.600
1hcnB00     2    10    90    10    20     1     1     1     1   110 2.600
3mjkA00     2    10    90    10    26     1     1     1     1   129 2.400
1m4uA01     2    10    90    10    27     1     1     1     1   129 2.420
1aocA00     2    10    90    10    29     1     1     1     1   175 2.000
4k8wA00     2    10   109    10     3     1     1     1     1   118 1.670
2fjrA02     2    10   109    10     5     1     1     1     1   113 1.950
1b12C01     2    10   109    10     6     1     1     2     1   121 1.950
2hnfA00     2    10   109    10     8     1     1     1     1   130 1.800
2xjyA02     2    10   110    10     7     1     1     1     1    68 2.400
4kfzA01     2    10   110    10    12     1     1     1     1    81 2.800
2darA01     2    10   110    10    17     1     1     1     1    72 999.000
2miuA00     2    10   110    10    28     1     1     1     1    98 999.000
1m3vA00     2    10   110    10    29     1     2     1     1   122 999.000
4uf0A03     2    10   110    20     1     1     2     1     1    65 1.780
3la4A03     2    10   150    10     1     1     1     3     1   112 2.050
1ppjI00     2    10   210    10     1     1     1     1     1    43 2.100
3cwbI00     2    10   210    10     1     2    24     1     1    51 3.510
2fyuI00     2    10   210    10     3     1     1     1     1    57 2.260
4bsoA00     2    10   220    10     1     1     1     1     1    97 2.200
3wlwA02     2    10   220    10     2     1     1     3     1   112 3.090
1yy9A04     2    10   220    10    10     1     1     2     1   134 2.610
3u7uA04     2    10   220    10    19     1     1     1     1    57 3.030
7v3pB02     2    10   220    10    20     1     1     1     1    70 3.600
2l66A00     2    10   260    10     1     1     1     2     1    53 999.000
1mvfD00     2    10   260    10     2     1     1     1     1    44 1.650
2fy9A00     2    10   260    10     3     2     3     1     1    54 999.000
3o27B00     2    10   260    10     4     1     1     1     1    57 2.800
3tndB01     2    10   260    10     6     1     1     1     1    41 2.700
2qj6A01     2    10   270    10     1     2     1     1     1   132 2.500
2g7cA02     2    10   270    10     4     1     2     1     1    91 2.000
4aygB01     2    10   270    10     5     1     1     2     1   178 2.000
4gv5A00     2    20    20    10     1     1     1     1     1    42 1.700
1zlhB02     2    20    20    10     2     1     1     1     1    36 1.700
1d6bA00     2    20    20    10     3     2     1     1     1    42 999.000
1wqkA00     2    20    20    10     4     1     1     1     1    42 999.000
2mn3A00     2    20    20    10     6     1     1     1     1    44 999.000
2rngA02     2    20    20    10     7     1     1     1     1    40 999.000
1ahlA00     2    20    20    10     8     3     1     1     1    49 999.000
3i07B01     2    20    25    10     2     1     1     1     1    51 1.500
2bjoA01     2    20    25    10     3     4     1     1     1    41 2.100
3gkqA03     2    20    25    10     4     1     2     1     1    55 2.100
2jr6A01     2    20    25    10     5     1     3     1     1    61 999.000
7d58I01     2    20    25    10     7     1     1     2     1    52 2.900
1vlaA01     2    20    25    10     8     1     1     1     1    38 1.800
5xogI01     2    20    25    10     9     1     2     1     1    44 3.000
1x3zA04     2    20    25    10    10     1     1     1     1    54 2.800
1z01A03     2    20    25    10    12     1     1     1     1    83 1.800
3h0gI02     2    20    25    10    13     2     1     1     1    67 3.650
2p3yA01     2    20    25    10    15     1     1     1     1    28 1.800
3d6wB02     2    20    25    10    16     1     1     1     1    38 2.400
1nuiA01     2    20    25    10    17     1     1     1     1    43 2.900
3u50C02     2    20    25    10    20     1     1     1     1    35 2.500
2rblA01     2    20    25    10    21     1     1     1     1    28 2.100
1l1oC02     2    20    25    10    22     1     1     1     1    38 2.800
1ml8A01     2    20    25    10    23     1     1     1     1    34 2.600
1lqlA01     2    20    25    10    25     1     1     1     1    26 2.850
3q87A00     2    20    25    10    26     1     1     1     1   122 2.000
1dl6A00     2    20    25    10    29     1     1     1     1    58 999.000
1yuaA02     2    20    25    10    30     1     1     1     1    58 999.000
2kpiA01     2    20    25    10    33     2     1     1     1    39 999.000
1qf8B02     2    20    25    20     1     1     2     1     1    56 1.740
2jmoA01     2    20    25    20     3     1     1     1     1    55 999.000
1vq8100     2    20    25    30     3     1     1     1     1    56 2.200
1vx7h00     2    20    25    30     5     2     1     1     1    85 1000.000
2e7zA01     2    20    25    90     1     1     1     1     1    57 1.260
6cz7A01     2    20    25    90     2     1     1     1     1    62 1.620
2vpzA01     2    20    25    90     6     1     1     1     1    67 2.400
7z0tA01     2    20    25    90     7     1     1     1     1    45 3.400
3j7a400     2    20    25   100     1     3     1     1     1    76 3.200
6tmfY00     2    20    25   100     3     1     1     1     1    63 2.800
1ti2A01     2    20    25   340     1     1     1     1     1    66 1000.000
3gkqA02     2    20    25   680     1     3     1     1     1    58 2.100
1b2oA00     2    20    28    10     2     1     5     2     1    54 1.900
4tpuA02     2    20    28    10     3     3     1     1     1    37 2.360
4me3A03     2    20    28    10     4     1     1     1     1    55 1.790
4r7yA03     2    20    28    10     9     1     1     1     1    48 2.700
2k2dA00     2    20    28    10    12     1     1     1     1    47 999.000
5xogL00     2    20    28    30     1     2     1     1     1    45 3.000
3msuA01     2    20    28    60     2     1     1     1     1    57 1.840
3pio100     2    20    28   120     2     2     2     1     1    53 3.250
5x8t200     2    20    28   120     3     2     1     1     1    51 3.300
6hoyA02     2    20    28   200     1     1     1     1     1    49 1.700
2zquA01     2    20    70    10     1     1     5     1     1    32 2.500
3cngA01     2    20    70    10     8     1     1     1     1    34 2.000
3le4A00     2    20    70    10    12     1     1     1     1    55 1.700
2jv4A00     2    20    70    10    13     2     1     1     1    53 999.000
2ysiA01     2    20    70    10    16     2     1     1     1    33 999.000
1wmvA01     2    20    70    10    19     2     1     1     1    24 999.000
2e45A01     2    20    70    10    21     1     1     1     1    23 999.000
2mdiA00     2    20    70    10    23     1     1     1     1    56 999.000
2dk7A00     2    20    70    10    24     1     1     1     1    73 999.000
3hrzB01     2    20   130    20     1     1     1     1     1    76 2.200
3cu7A06     2    20   130    20     5     1     1     1     1   111 3.110
1yc9A02     2    20   200    10     2     1     1     1     1    83 1.800
4k7rA02     2    20   200    10     3     1     1     1     1    77 2.090
5azsA02     2    20   200    10     4     2     1     1     1    83 3.100
5kycB02     2    20   210    10     1     1     1     1     1    53 1.430
4qzvB02     2    20   210    30     1     2     1     1     1    68 2.590
1jqvA02     2    30    26    10     1     1     2     5     1    44 2.100
3syxA00     2    30    29    30     4     1     2     1     1   118 2.450
3pp2A00     2    30    29    30     6     1     1     1     1   112 1.420
4wsfA00     2    30    29    30     7     1     2     1     1   111 1.500
4a6fB00     2    30    29    30     9     1     1     2     1   110 1.680
2p8vA00     2    30    29    30    17     1     1     1     1   117 1.850
1vu2300     2    30    29    30    22     1     2     1     1   127 1000.000
2oqbA00     2    30    29    30    24     1     1     1     1   108 1.690
3hqcA00     2    30    29    30    25     1     2     1     1   139 1.800
1maiA00     2    30    29    30    29     1     1     1     1   119 1.900
4ioyX02     2    30    29    30    33     1     1     1     1   115 1.950
5u78C00     2    30    29    30    34     1     1     1     1   116 1.980
1p5tA00     2    30    29    30    37     1     2     1     1   105 2.350
1w1hD00     2    30    29    30    40     1     1     1     1   137 1.450
6d21A03     2    30    29    30    41     2     2     1     1    93 2.000
4yl8A03     2    30    29    30    45     1     1     1     1    96 1.500
2mdxA00     2    30    29    30    49     2     1     3     1   108 999.000
4gxbA03     2    30    29    30    50     1     1     1     1   104 1.800
2cy5A00     2    30    29    30    51     1     1     1     1   126 1.900
1zc3B00     2    30    29    30    55     1     1     1     1   109 2.000
2ej8B00     2    30    29    30    57     1     1     1     1   131 1.840
3p6aB02     2    30    29    30    58     3     1     1     1   132 2.500
5c16A01     2    30    29    30    59     1     2     1     1    79 2.070
7z6eA01     2    30    29    30    61     1     1     1     1   122 2.140
1dynA00     2    30    29    30    62     1     1     1     1   113 2.200
2vszB02     2    30    29    30    64     1     1     1     1   117 2.300
2q13A02     2    30    29    30    67     1     1     1     1   107 2.050
4pq0A02     2    30    29    30    68     1     1     1     1    93 1.650
5fi1A02     2    30    29    30    76     1     1     2     1   116 3.200
3oanA00     2    30    29    30    78     1     1     1     1   113 2.300
4chjA00     2    30    29    30    82     1     1     1     1   123 2.320
1p3rC00     2    30    29    30    85     2     1     2     1   146 2.100
6oq4A03     2    30    29    30    88     1     1     1     1    87 1.750
5xbfA03     2    30    29    30    89     1     1     1     1    88 1.800
7mo0B01     2    30    29    30    90     1     1     1     1   110 2.450
6v97B02     2    30    29    30    92     1     1     1     1   106 2.380
4c0aE03     2    30    29    30    93     1     1     2     1   152 3.300
7csoA02     2    30    29    30    94     1     1     1     1   127 2.390
1qqgA01     2    30    29    30    95     1     1     1     1   103 2.300
2aehA03     2    30    29    30    96     1     1     1     1   111 2.530
2z0pC00     2    30    29    30    97     1     2     4     1   155 2.580
1mi1A01     2    30    29    30    98     1     2     1     1   102 2.900
3d8dA00     2    30    29    30   102     1     1     1     1   139 2.200
3ulbA01     2    30    29    30   104     1     1     1     1    83 1.900
1kz7C02     2    30    29    30   107     1     1     1     1   134 2.400
3wyfE00     2    30    29    30   110     1     1     1     1   142 2.220
2lydA00     2    30    29    30   112     2     1     1     1   134 999.000
2dx5A00     2    30    29    30   119     1     2     1     1    99 3.350
1n3hA00     2    30    29    30   123     1     1     3     1   207 999.000
2dyqA00     2    30    29    30   125     1     1     1     1   118 3.100
3hk0B02     2    30    29    30   126     1     1     1     1   137 2.600
5f3yA04     2    30    29    30   128     2     1     1     1    89 3.410
2yf0A01     2    30    29    30   135     1     1     1     1    87 2.650
7nkyO01     2    30    29    30   141     1     1     1     1    91 3.200
1fhoA00     2    30    29    30   156     1     1     1     1   119 999.000
1z87A01     2    30    29    30   161     1     1     2     1   100 999.000
1pfjA00     2    30    29    30   162     1     1     1     1   108 999.000
1v5pA01     2    30    29    30   165     1     1     1     1   103 999.000
1v61A00     2    30    29    30   166     1     1     1     1   132 999.000
2cocA01     2    30    29    30   167     1     1     1     1   100 999.000
2dhkA01     2    30    29    30   168     1     1     1     1   100 999.000
2kupA01     2    30    29    30   173     1     2     1     1    91 999.000
2ifsA00     2    30    29    30   174     1     1     2     1   169 999.000
1x1fA00     2    30    29    30   175     1     1     1     1   149 999.000
2fjlA00     2    30    29    30   176     1     1     1     1   150 999.000
2kuqA00     2    30    29    30   177     1     1     1     1   153 999.000
6escA03     2    30    29   100     3     3     1     1     1   124 2.700
7jn3A02     2    30    30    10     5     1     1     1     1    45 3.210
1ex4B02     2    30    30    10     6     1     1     1     1    59 2.800
1pg5B02     2    30    30    20     2     2     1     1     1    57 2.600
4amcA01     2    30    30    20     3     1     1     1     1    46 3.600
7k9cA01     2    30    30    30     1     1     1     1     1    86 1.000
4tvrA02     2    30    30    30     4     2     1     1     1    70 2.290
6s8zA01     2    30    30    30     8     4     1     1     1    62 2.200
1x6oA01     2    30    30    30     9     1     1     1     1    64 1.600
8swjA01     2    30    30    30    13     1     1     1     1    59 1.600
4zn3A02     2    30    30    30    14     2     1     1     1    62 2.300
3kbgA03     2    30    30    30    16     1     1     1     1    55 1.750
4ytlA02     2    30    30    30    18     1     1     1     1    47 1.600
3j7yD02     2    30    30    30    23     1     1     1     1    81 3.400
3a5zF01     2    30    30    30    26     1     1     1     1    46 2.500
4a17S00     2    30    30    30    29     3     1     1     1   126 1000.000
6tqnG02     2    30    30    30    30     1     1     1     1    48 3.800
2e70A00     2    30    30    30    33     1     1     1     1    71 999.000
1vx7N01     2    30    30    30    34     1     1     1     1    85 1000.000
1vs9S01     2    30    30    30    36     1     1     1     1    72 1000.000
5o99A00     2    30    30    40     3     1     1     1     1    60 0.870
1e6hA00     2    30    30    40    18     1     2     2     1    61 2.010
2hbwA01     2    30    30    40    20     1     1     1     1    73 1.050
1xovA02     2    30    30    40    24     1     2     1     1    66 1.800
4r0kB01     2    30    30    40    37     1     1     1     1    65 1.750
8b2gA01     2    30    30    40    39     1     1     1     1    59 1.500
2fpfA00     2    30    30    40    46     1     1     2     1    60 3.000
6hx0A02     2    30    30    40    48     1     1     1     1    72 1.590
2jmcA00     2    30    30    40    63     1     2     1     1    77 999.000
3dkmA00     2    30    30    40    71     1     1     1     1    79 1.600
2qdlA01     2    30    30    40    73     1     1     1     1    62 2.200
2bzyA00     2    30    30    40    79     1     1     1     1    63 2.500
3nmzD00     2    30    30    40    81     1     1     2     1    84 3.010
1r77A00     2    30    30    40    88     1     2     1     1    99 1.750
3r6nA03     2    30    30    40    90     2     1     1     1    69 2.950
1bb9A00     2    30    30    40    95     1     1     1     1    83 2.200
1t3lA01     2    30    30    40   101     1     3     2     1   115 2.200
3lh5A01     2    30    30    40   103     1     1     1     1    98 2.600
1wfwA00     2    30    30    40   122     2     1     1     1    74 999.000
2kybA00     2    30    30    40   126     2     1     1     1    60 999.000
2aklA02     2    30    30    40   130     1     1     1     1    73 999.000
2gtjA01     2    30    30    40   131     1     1     1     1    74 999.000
2heqA01     2    30    30    40   133     1     1     1     1    54 999.000
2eyzA03     2    30    30    40   147     1     1     1     1    91 999.000
1ug1A00     2    30    30    40   148     1     1     1     1    92 999.000
2mk5A00     2    30    30    40   149     1     1     2     1   131 999.000
2rqrA00     2    30    30    40   150     1     1     1     1   119 999.000
3a8gB02     2    30    30    50     2     1     1     1     1   102 1.110
2pvdB00     2    30    30    50     4     1     1     2     1    73 1.950
1pseA00     2    30    30    50     6     2     2     1     1    69 999.000
3sfmA00     2    30    30    60     1     1     1     3     1    58 1.400
6rldA02     2    30    30    60     2     2     1     1     1    44 2.900
6urtA01     2    30    30    60     5     1     1     1     1    56 3.270
1vq8Q00     2    30    30    70     1     1     1     1     1    95 2.200
1vwxT01     2    30    30    70     2     2     2     1     1    97 1000.000
2h3jA01     2    30    30    90     1     2     1     1     1    68 999.000
3mhxB00     2    30    30    90     3     1     1     1     1    81 1.700
1fx7B03     2    30    30    90     4     1     1     1     1    80 2.000
4o5vA03     2    30    30    90     5     1     1     1     1    74 2.100
5cviB02     2    30    30    90     7     2     1     1     1    74 2.800
2k5iA02     2    30    30    90    10     1     1     1     1    78 999.000
4jriB00     2    30    30   100     1     1     2     4     1    64 1.830
3hfnA00     2    30    30   100     4     2     1     1     1    60 2.310
6ppnO00     2    30    30   100    10     1     1     1     1    70 1.910
1m5q101     2    30    30   100    17     1     1     1     1    67 2.000
3fb9B00     2    30    30   100    22     1     1     1     1    84 1.800
2e10A02     2    30    30   100    23     1     1     1     1    48 1.350
1y96D00     2    30    30   100    26     1     1     1     1    83 2.000
3by7E00     2    30    30   100    30     1     1     1     1    74 2.600
6f9wA00     2    30    30   100    32     1     1     1     1    74 2.620
5gan800     2    30    30   100    34     1     2     1     1    64 3.700
1n9rB00     2    30    30   100    35     1     1     1     1    69 2.800
2i2lB02     2    30    30   100    38     1     1     1     1    67 2.800
3bfmA02     2    30    30   100    41     1     1     1     1    41 1.700
3jb9Z00     2    30    30   100    46     2     1     1     1    80 3.600
1hxdA03     2    30    30   100    48     1     1     1     1    43 2.400
4m75H00     2    30    30   100    54     1     1     2     1   128 2.950
4a53A01     2    30    30   100    56     1     1     1     1    62 999.000
2k57A00     2    30    30   100    57     1     1     1     1    55 999.000
3jscA00     2    30    30   110     2     2     1     1     1    96 1.500
1ub4A00     2    30    30   110     4     1     1     2     1   103 1.700
6veeA01     2    30    30   140     1     2     1     1     1    68 999.000
5vqhA02     2    30    30   140     2     3     1     1     1    80 2.400
3meuB02     2    30    30   140     4     1     1     1     1    74 1.280
8peoK01     2    30    30   140     7     2     1     1     1    69 2.690
6bhdA03     2    30    30   140    11     1     1     1     1    63 1.250
4q5wA02     2    30    30   140    16     1     1     1     1    85 1.800
7v8nB01     2    30    30   140    22     1     1     1     1    82 2.050
1khcA01     2    30    30   140    24     1     1     2     1    65 1.800
4iurA02     2    30    30   140    25     1     1     2     1    72 2.500
4ns5A02     2    30    30   140    27     1     1     1     1    90 1.900
5zwzA01     2    30    30   140    30     1     1     1     1    70 2.000
2rhuA02     2    30    30   140    33     1     1     2     1   102 1.900
2ckkA01     2    30    30   140    34     1     1     1     1    53 1.450
2d9tA01     2    30    30   140    35     1     1     2     1    49 999.000
5in1A01     2    30    30   140    37     1     2     1     1    50 1.400
6a7kA00     2    30    30   140    38     1     1     1     1    62 1.900
3kufA02     2    30    30   140    41     1     2     1     1    64 2.700
3goxA01     2    30    30   140    43     1     1     1     1    51 1.500
2rhiA01     2    30    30   140    44     1     1     2     1   112 1.660
7oc3A01     2    30    30   140    47     1     1     1     1    92 2.250
3pfsB00     2    30    30   140    49     1     3     1     1   130 1.900
8swjB01     2    30    30   140    53     1     1     1     1    46 1.600
4qqgG00     2    30    30   140    54     1     1     1     1    73 2.800
7aduA02     2    30    30   140    55     1     1     1     1    68 2.620
2fhdA01     2    30    30   140    60     1     1     1     1    59 2.400
4ld6A00     2    30    30   140    61     1     1     1     1   117 1.700
2ot2A01     2    30    30   140    62     2     1     1     1    59 999.000
3qiiA00     2    30    30   140    63     1     1     1     1    52 2.300
3pmiA01     2    30    30   140    64     1     1     1     1    64 2.820
6bogA01     2    30    30   140    68     1     1     1     1    52 3.210
2m0oA00     2    30    30   140    70     1     1     1     1    79 999.000
2efiA00     2    30    30   140    72     2     1     1     1   100 999.000
7dm4A01     2    30    30   140    78     1     1     1     1    95 999.000
1h3zA00     2    30    30   140    81     1     1     1     1   108 999.000
2m1hA00     2    30    30   140    84     1     1     1     1   110 999.000
7owdB01     2    30    30   190     5     1     1     1     1    70 1.710
1whkA00     2    30    30   190     6     3     1     1     1    91 999.000
1whmA01     2    30    30   190     7     1     1     1     1    72 999.000
1yfnA00     2    30    30   220     1     2     1     1     1   109 1.800
2qazD00     2    30    30   220     2     1     1     1     1   112 2.700
1d0xA01     2    30    30   360     2     1     1     3     1    48 2.000
4e7sA01     2    30    30   360     3     1     1     1     1    49 2.250
5i4eA01     2    30    30   360     4     1     1     1     1    46 2.250
3b08E00     2    30    30   380     1     1     1     1     1    59 1.700
2qtvA02     2    30    30   380     3     2     1     1     1    59 2.500
1pcxA02     2    30    30   380     5     1     1     1     1    73 2.500
2pptA01     2    30    30   380     6     1     1     1     1    37 1.920
4xxbB00     2    30    30   380     7     1     1     1     1    42 2.400
3efoB02     2    30    30   380     8     1     2     1     1    82 2.700
8ds8A01     2    30    30   490     3     1     1     1     1   155 1.840
1m4zA01     2    30    30   490     4     2     1     1     1   196 2.200
7xpkA01     2    30    30   490     5     1     1     1     1   145 1.800
4ft4B01     2    30    30   490    10     1     1     1     1   150 2.700
4bb7B00     2    30    30   490    13     1     1     1     1   234 2.400
3ptaA04     2    30    30   490    14     1     1     1     1   186 3.600
3gnfB05     2    30    30   550     1     2     1     1     1    55 2.100
1y7xA01     2    30    30   550     2     1     2     1     1    47 999.000
2zuoA02     2    30    30   560     2     1     2     1     1    54 1000.000
2zuoA01     2    30    30   570     1     1     2     1     1    56 1000.000
2zuoA09     2    30    30   570     2     1     1     1     1    63 1000.000
2xi9A02     2    30    30   670     3     1     1     1     1   101 1.900
1vwxZ00     2    30    30   770     1     1     1     1     1   135 1000.000
6escA01     2    30    30  1230     1     3     1     1     1   107 2.700
4bg7A00     2    30    31    10     2     1     1     1     1    98 1.900
2nvnA00     2    30    31    10     4     1     1     1     1   118 2.500
4kooB00     2    30    31    10     5     2     1     1     1   162 1.880
1pcfA00     2    30    31    10     6     1     1     1     1    66 1.740
1p3hB00     2    30    33    40     2     3     1     1     1    98 2.800
1k8kA02     2    30    36    70     2     1     1     1     1    30 2.000
2d1sA01     2    30    38    10     1     1     1     1     1    88 1.300
6ebyB00     2    30    38    10     2     2     1     1     1    77 1.850
4rlqA03     2    30    38    10     4     1     1     1     1   112 1.630
1ovaC01     2    30    39    10     3     2     1     2     1   132 1.950
1sngA01     2    30    39    10    14     1     1     1     1   148 1.760
2xn6A02     2    30    39    10    15     1     1     1     1    96 1.290
9paiA02     2    30    39    10    18     1     1     5     1   120 2.700
4r9iA02     2    30    39    10    22     1     1     1     1   100 1.650
2wxyC01     2    30    39    10    29     1     1     1     1   157 2.100
1ra0A01     2    30    40    10     1     1     1     1     1   115 1.120
3ls9A01     2    30    40    10     3     1     1     1     1   112 1.400
4f0lB01     2    30    40    10     5     2     1     1     1   106 2.050
1ynyA01     2    30    40    10     7     2     2     1     1   127 2.300
4bknB01     2    30    40    10     9     1     4     1     1   109 2.100
1p1mA01     2    30    40    10    10     1     1     1     1   103 1.500
2bb0A01     2    30    40    10    11     1     1     1     1   115 2.000
5xgwA01     2    30    40    10    12     1     1     1     1   107 1.850
4gbdB01     2    30    40    10    16     3     1     1     1   131 1.980
1rk6A01     2    30    40    10    22     1     1     1     1    87 1.430
1yrrA01     2    30    40    10    29     2     1     1     1    92 2.000
2ftyA01     2    30    40    10    44     1     1     1     1    94 2.400
2imrA01     2    30    40    10    46     1     1     1     1    69 1.780
3ggmA00     2    30    40    10    47     1     1     1     1    75 2.000
4z42C01     2    30    40    10    49     3     1     1     1   190 3.010
7x68A01     2    30    40    10    51     1     1     1     1    50 1.800
2pa1A00     2    30    42    10     8     4     1     1     1    87 1.700
5h3jA02     2    30    42    10    16     1     1     1     1    94 1.330
3id1A00     2    30    42    10    40     1     1     1     1    94 1.670
2ytwA00     2    30    42    10    50     2     1     2     1   118 999.000
3soeA00     2    30    42    10    58     1     1     1     1   101 1.600
1k32A04     2    30    42    10    78     1     1     1     1    95 2.000
4q2pA00     2    30    42    10    84     1     1     1     1    98 2.050
1wifA01     2    30    42    10    93     2     1     1     1    85 999.000
1x45A01     2    30    42    10   106     1     2     2     1    87 999.000
3otpC03     2    30    42    10   107     2     1     3     1   100 3.760
3r0hG01     2    30    42    10   111     1     1     1     1   101 2.600
7w6yA02     2    30    42    10   122     1     1     1     1    81 3.100
1ky9B04     2    30    42    10   123     1     1     1     1    69 2.800
1p1eA00     2    30    42    10   137     1     1     1     1   101 999.000
1i16A00     2    30    42    10   148     1     1     1     1   130 999.000
3ezmA00     2    30    60    10     1     1     3     1     1   101 1.500
2q9kA00     2    30   110    10     4     1     1     1     1   145 1.590
8d4wA01     2    30   110    10     7     1     1     1     1   133 1.350
3amfA00     2    30   110    10    11     1     1     8     1   122 1.600
4hx6H00     2    30   110    10    12     2     1     2     1   163 1.890
5jv4A00     2    30   110    10    17     1     1     1     1   142 1.700
2qckA01     2    30   110    10    21     1     1     1     1   147 1.900
2ig6A00     2    30   110    10    24     1     1     1     1   139 1.800
2arzA01     2    30   110    10    25     1     1     1     1   150 2.000
4z85A00     2    30   110    10    37     2     1     1     1   197 1.700
1xhnA01     2    30   110    10    38     1     1     1     1   162 1.950
2hq7B00     2    30   110    10    49     1     1     1     1   136 2.000
2vpaA00     2    30   110    10    55     1     1     1     1   204 1.200
2imlA01     2    30   110    10    58     1     1     1     1   111 1.650
3u5wA00     2    30   110    10    62     1     1     1     1   126 2.050
3db0B00     2    30   110    10    63     1     1     1     1   123 2.000
2furB00     2    30   110    10    64     1     1     1     1   185 1.800
2rdeB01     2    30   110    10    66     1     1     1     1   114 1.920
2a2jA00     2    30   110    10    68     3     1     1     1   202 2.500
5yjlD01     2    30   110    10    69     1     1     1     1   142 2.700
2htiA00     2    30   110    10    74     1     1     1     1   122 2.500
2ol5A00     2    30   110    10    75     1     1     1     1   176 2.500
3v4hA00     2    30   110    20     3     3     1     1     1   131 2.100
6a2vE00     2    30   110    20     4     2     1     1     1   145 2.590
6nvxB02     2    30   120    10     2     1     1     1     1    77 1.360
4hstB02     2    30   120    10     4     1     1     1     1    68 1.570
1fm2B03     2    30   120    10     6     1     1     1     1    66 2.000
1sqwA02     2    30   130    10     3     1     1     1     1    83 1.900
2q07A03     2    30   130    10     9     2     1     1     1    64 2.040
1wxxA01     2    30   130    10    10     1     1     1     1    65 1.800
1r3fA02     2    30   130    10    13     1     1     1     1    65 1.850
4q1tA02     2    30   130    10    14     1     1     1     1   103 2.150
3vseA01     2    30   130    10    15     1     1     1     1    69 2.100
1sgvA02     2    30   130    10    17     1     1     1     1    63 1.900
2ey4B01     2    30   130    10    18     1     2     1     1   122 2.110
6vbkA01     2    30   130    40     3     1     1     1     1   111 2.000
5fqdE02     2    30   130    40     4     1     1     1     1   111 2.450
1xj5A01     2    30   140    10     3     1     1     6     1    55 2.700
1inlC02     2    30   140    10     4     1     1     1     1    64 1.500
2b2cA01     2    30   140    10     7     2     1     1     1    64 2.500
2a6hC04     2    30   150    10     1     1     1     1     1    65 2.400
4a17T00     2    30   170    20     4     1     1     1     1    61 1000.000
5mmiY00     2    30   170    40     1     2     1     1     1    77 3.200
2jz6A01     2    30   170    40     3     1     1     1     1    50 999.000
2j01100     2    30   170    40     4     1     1     1     1    89 1000.000
5jm6A02     2    30   250    10     1     2     1     1     1   143 2.760
2vhjA02     2    30   270    20     1     1     1     1     1    62 1.800
2zkgC00     2    30   280    10     1     1     3     1     1   183 1.770
5mrtA02     2    40    10    10     1     1     3     1     1   100 1.600
6ku8A01     2    40    10    10     7     6     1     1     1   108 2.050
2rg3A01     2    40    10    10    16     2     1     2     1   112 1.800
6nirC02     2    40    10    10    20     1     4     2     1   110 2.700
3k6yA02     2    40    10    10    21     1     1     1     1   107 1.300
2h5cA01     2    40    10    10    29     1     1     1     1    87 0.820
3cp7B02     2    40    10    10    32     1     1     1     1   105 1.390
1havB02     2    40    10    10    36     1     1     2     1   102 2.000
3wy8A01     2    40    10    10    43     2     1     1     1   113 1.700
5c2zA02     2    40    10    10    59     2     1     1     1   121 1.960
1lvmA01     2    40    10    10    61     2     1     1     1   108 1.800
1a1rA02     2    40    10    10    65     1     5     4     1    85 2.500
2q6fA02     2    40    10    10    69     3     1     1     1    88 2.000
1arbA02     2    40    10    10    72     1     2     1     1   137 1.200
1dleA01     2    40    10    10    74     2     1     2     1   129 2.100
4z6aH01     2    40    10    10    76     2     1     4     1   128 2.250
2q6dC02     2    40    10    10    77     3     1     2     1    83 2.350
1rtfB01     2    40    10    10    79     2     1     1     1   129 2.300
2asuB02     2    40    10    10    81     1     1     1     1   103 1.850
4mvnA02     2    40    10    10    83     3     1     1     1    91 1.700
3h7tA02     2    40    10    10    84     2     1     1     1   111 2.000
1z8rA02     2    40    10    10    89     1     3     1     1    98 999.000
4xbdA01     2    40    10    10    91     1     1     2     1    72 1.450
5hm2A02     2    40    10    10    96     1     2     1     1   109 3.200
3e90B02     2    40    10    10   110     1     1     3     1    82 2.450
1kxcA02     2    40    10    10   117     1     2     4     1    86 3.100
1sotB01     2    40    10    10   121     1     1     2     1    90 2.300
1eptB00     2    40    10    10   129     1     1     1     1    82 1.800
1zyoA01     2    40    10    10   131     1     1     1     1   101 2.400
6kyzA02     2    40    10    10   132     3     1     1     1    69 1.850
5y2dA02     2    40    10    10   134     2     2     1     1    72 3.700
1wthD01     2    40    10    10   142     1     1     1     1   106 2.800
3fanA01     2    40    10    10   146     1     1     1     1    73 1.900
3fanA02     2    40    10    10   153     1     1     1     1    69 1.900
3stiB01     2    40    10    10   155     2     1     1     1    83 2.600
4agkA01     2    40    10    10   156     1     1     1     1    65 1.810
2odpA03     2    40    10    10   161     2     1     1     1   165 1.900
5eokA05     2    40    10    10   170     2     1     1     1   230 2.800
4fvdA01     2    40    10    10   171     1     1     1     1    42 1.660
1eptA00     2    40    10    10   175     1     1     1     1    43 1.800
2hrvA01     2    40    10    10   177     1     1     1     1    44 1.950
4o03A03     2    40    10    10   178     1     1     4     1   206 3.380
1gpzA02     2    40    10    10   181     1     1     1     1    19 2.900
4wf8A01     2    40    10   120     1     1     1     3     1   106 1.700
5h6vB01     2    40    10   120     7     1     1     2     1    69 2.420
2wv9A01     2    40    10   120    10     2     3     1     1   172 2.750
5gndA01     2    40    10   120    12     1     1     2     1   172 2.500
2f4lA02     2    40    10   120    13     1     1     1     1    42 2.500
4m9fA00     2    40    10   120    16     1     1     1     1   200 2.700
1wxrA01     2    40    10   120    19     1     1     1     1   257 2.200
6f5dD01     2    40    10   170     7     1     2     1     1    76 3.200
2lt4A00     2    40    10   170    14     1     1     1     1    71 999.000
6em3f00     2    40    10   190     1     1     1     1     1   106 3.200
4ac9C04     2    40    10   190     2     1     1     1     1    80 3.030
4rt0A00     2    40    10   220     1     1     1     2     1   108 1.800
2rdeA02     2    40    10   220     2     1     1     1     1   111 1.920
5xlyB00     2    40    10   220     4     1     1     1     1   121 1.760
3kyfA02     2    40    10   220     5     1     1     1     1   117 2.100
5kgoA02     2    40    10   220     6     1     1     3     1   123 2.900
4i86A00     2    40    10   220     7     1     1     1     1   102 2.100
3cnrB00     2    40    10   220     8     1     1     1     1    91 1.900
4p02A03     2    40    10   220     9     1     1     1     1   122 2.650
1i71A00     2    40    20    10     1     2     1     1     1    83 1.450
2pf2A00     2    40    20    10     9     1     2     1     1   136 2.200
2gpjA01     2    40    30    10     2     3     1     1     1    98 2.200
4rd4A02     2    40    30    10     3     1     1     1     1   115 1.300
5yt0A02     2    40    30    10     4     2     1     1     1   111 1.890
5ty0A02     2    40    30    10     6     1     3     1     1   113 2.220
4g1vA02     2    40    30    10     7     3     1     1     1   118 2.100
4he6A00     2    40    30    10     8     1     1     1     1    89 1.100
4c0sB03     2    40    30    10     9     1     2     1     1   108 2.700
4rd4A03     2    40    30    10    10     1     1     1     1    93 1.300
3mmpA05     2    40    30    10    15     1     3     4     1    95 2.500
2bgiA01     2    40    30    10    19     2     1     1     1    87 1.680
4kjzB03     2    40    30    10    24     1     1     2     1   126 2.800
1ddgA01     2    40    30    10    27     1     1     1     1   114 2.010
2ok7A01     2    40    30    10    30     1     1     3     1   112 2.700
2piaA01     2    40    30    10    31     1     1     1     1   104 2.000
6mv2A02     2    40    30    10    32     1     1     1     1   105 2.050
4u9uA01     2    40    30    10    33     1     1     1     1   136 1.550
3wndA02     2    40    30    10    35     1     1     1     1    85 1.550
1ep3B01     2    40    30    10    41     1     1     1     1    99 2.100
3mcaA03     2    40    30    10    42     2     1     1     1   102 2.740
3mcaA01     2    40    30    10    49     1     1     1     1   118 2.740
1zunB03     2    40    30    10    52     1     1     1     1   102 2.700
1r5bA02     2    40    30    10    53     1     1     1     1    89 2.350
1wb1A03     2    40    30    10    54     1     1    17     1   114 1000.000
2hmaA03     2    40    30    10    55     1     1     1     1    89 2.410
3b82A03     2    40    30    10    56     1     1     1     1   137 2.350
4n3nA04     2    40    30    10    61     2     1     1     1   137 2.750
8gz3B01     2    40    30    10    67     1     1     1     1    93 3.300
6c0fB01     2    40    30    10    73     1     1     1     1   199 3.700
1vw3C01     2    40    30    10    76     1     1     1     1   131 1000.000
3ofnK01     2    40    30    20     4     3     1     2     1    75 3.200
1kzlA01     2    40    30    20     8     2     1     1     1    89 2.100
6oqrB01     2    40    30    20    14     1     1     1     1    70 3.100
5trdA02     2    40    30    30     2     1     1     1     1   135 1.850
1n08A00     2    40    30    30     3     2     1     1     1   154 1.600
1vhoA02     2    40    30    40     3     1     1     1     1    76 1.860
3cpxA02     2    40    30    40     8     1     1     1     1    61 2.390
2cw5A02     2    40    30    90     3     2     1     1     1    88 1.940
1rqpA02     2    40    30    90     4     1     1     1     1   106 1.800
1wsrA04     2    40    30   110     1     2     1     1     1    77 2.000
3r6kA02     2    40    30   120     2     1     4     1     1   108 1.600
6xw5A02     2    40    30   120     4     1     1     1     1   114 1.720
4qv2A02     2    40    30   120     5     1     1     1     1   118 1.680
5e6tA02     2    40    30   120     7     1     1     1     1    94 2.270
8jjmA01     2    40    30   140     3     1     1     1     1   102 1.800
4l8jA02     2    40    30   170     1     1     1     1     1    94 2.060
2f1mA01     2    40    30   170     2     2     2     1     1    80 2.710
3lnnB01     2    40    30   170     5     1     1     1     1    95 2.800
4dk0A02     2    40    30   170     8     1     1     1     1    89 3.500
4ii2A03     2    40    30   180     2     2     1     1     1    79 2.200
1e0tA03     2    40    33    10     2     1     1     1     1    99 1.800
2pljA01     2    40    37    10     5     1     1     1     1   147 1.700
2yxxA01     2    40    37    10     9     1     1     1     1   140 1.700
3n29B01     2    40    37    10    10     1     1     1     1   151 1.900
3kw3B01     2    40    37    10    12     2     1     1     1   147 2.040
5zl6A01     2    40    37    10    14     1     1     1     1   151 2.100
4zgyA01     2    40    37    10    17     1     1     2     1   131 2.630
3n2oC01     2    40    37    10    20     1     1     1     1   198 2.300
3x2hA00     2    40    40    10     1     1     1     3     1   180 0.990
1wc2A00     2    40    40    10     2     2     1     1     1   180 1.200
1bw3A00     2    40    40    10     3     1     2     1     1   125 999.000
3sulA00     2    40    40    10     4     4     1     1     1   121 1.630
2ae0X01     2    40    40    10     7     1     1     1     1   180 2.000
1hd5A00     2    40    40    10     8     1     1     2     1   205 1.660
2pnwA01     2    40    40    10     9     1     1     1     1   193 1.900
4jcwA01     2    40    40    10    11     1     1     1     1   104 1.750
7xc8A01     2    40    40    10    15     1     1     1     1   113 2.550
6oyyB00     2    40    40    20     1     2     2    16     1    90 2.700
7dwwA01     2    40    40    20     5     4     1     1     1    84 1.800
3o5aA04     2    40    40    20     6     2     1     2     1   124 1.720
3hu1A01     2    40    40    20     8     1     1     3     1    96 2.810
6cz7C02     2    40    40    20     9     1     1     1     1   132 1.620
1g8kA04     2    40    40    20    10     1     1     1     1   135 1.640
5fj8A03     2    40    40    20    12     1     5     1     1   126 3.900
1qcsA01     2    40    40    20    15     1     1     1     1    81 1.900
2e7zA04     2    40    40    20    19     1     1     1     1   161 1.260
1yleA02     2    40    40    20    24     1     1     1     1    65 1.700
1q16A13     2    40    40    20    25     1     1     1     1   150 1.900
1h0hA04     2    40    40    20    28     2     1     1     1   176 1.800
2vpzA05     2    40    40    20    29     1     1     1     1   160 2.400
1ti2A04     2    40    40    20    32     1     1     1     1   155 1000.000
1bbxC00     2    40    50    40     5     1     1     3     1    63 999.000
4x3kA00     2    40    50    40     6     1     1     1     1    64 1.450
6ftoA00     2    40    50    40     8     1     1     1     1    66 1.600
2fmmD00     2    40    50    40    10     1     2     1     1    66 1.800
5afwA02     2    40    50    40    17     1     1     1     1    70 1.600
1f9qD00     2    40    50    40    18     2     1     1     1    66 2.000
5ur7A00     2    40    50    40    19     1     1     2     1    66 2.000
4iupB01     2    40    50    40    27     1     1     1     1    62 1.900
6guuB01     2    40    50    40    39     1     2     1     1    76 2.950
1x3qA00     2    40    50    40    47     1     2     1     1    57 999.000
2hdmA00     2    40    50    40    53     1     1     1     1    74 999.000
2kumA01     2    40    50    40    54     1     1     1     1    57 999.000
2rsoA00     2    40    50    40    60     1     1     1     1    92 999.000
1c48A00     2    40    50    70     1     1     1     2     1    69 1.600
1encA00     2    40    50    90     1     1     5     8     1   135 1.950
5vqhA01     2    40    50    90     2     2     1     1     1   133 2.400
3bdlA03     2    40    50    90     4     1     1     1     1   125 1.900
4b9wA01     2    40    50    90     7     1     1     1     1   108 2.100
3bdlA01     2    40    50    90     8     1     1     1     1   166 1.900
5gu9A00     2    40    50   100     1     1     1     4     1    71 1.900
1fr3A00     2    40    50   100     3     1     1     1     1    67 1.500
1b9nB02     2    40    50   100     4     1     1     2     1    69 2.090
1h9sB01     2    40    50   100     5     1     1     3     1    68 1.820
3lwuA02     2    40    50   100     6     1     2     1     1    72 2.100
1e2wA02     2    40    50   100    10     1     1     1     1    60 1.600
3qjyA03     2    40    50   100    15     2     1     1     1    72 2.350
2it1A02     2    40    50   100    16     1     1     1     1    63 1.940
6gbzW01     2    40    50   100    20     1     1     2     1    62 3.800
3d4rB02     2    40    50   100    21     1     1     1     1    65 2.200
3crkC00     2    40    50   100    23     1     1     2     1    86 2.300
4kksA03     2    40    50   100    26     1     1     1     1    72 2.600
1oxxK03     2    40    50   100    27     1     1     1     1    45 1.450
3ne5B03     2    40    50   100    36     1     1     1     1    70 2.900
4ifdG01     2    40    50   100    40     1     1     2     1    61 2.810
2aujD03     2    40    50   100    41     1     1     1     1    62 2.700
2aujD04     2    40    50   100    42     1     2     1     1    53 2.700
3m7nA01     2    40    50   100    46     1     1     1     1    52 2.400
3a8iE00     2    40    50   100    47     2     1     7     1   127 1.990
2awnD02     2    40    50   100    51     1     1     1     1    98 2.300
4ljzC06     2    40    50   100    55     1     1     1     1    75 3.590
4v19000     2    40    50   100    62     1     2     1     1   114 3.400
1k8mA00     2    40    50   100    64     3     1     1     1    87 999.000
1ct1D00     2    40    50   110     1     1     1    14     1   103 2.300
3gp7A02     2    40    50   110     2     1     1     2     1    79 1.900
3tssA02     2    40    50   110     6     1     1     2     1    71 1.900
2iciA02     2    40    50   110     7     1     1     1     1    77 1.560
6p4sA00     2    40    50   110     9     1     1     3     1   114 2.000
1et9A02     2    40    50   110    11     1     1     1     1    83 1.900
2r61A02     2    40    50   110    12     1     1     2     1    73 2.750
5i4dA02     2    40    50   110    13     1     2     1     1    76 1.750
1ty0A02     2    40    50   110    15     1     1     1     1    75 1.750
6ro0C02     2    40    50   110    16     1     2     1     1   110 2.130
6ro0D00     2    40    50   110    17     1     1     1     1   110 2.130
2j4xA02     2    40    50   110    18     1     1     1     1    72 1.950
1jb3A00     2    40    50   120     1     1     1     1     1   127 1.600
2qkiC02     2    40    50   120     2     1     1     2     1   155 2.400
2tmpA00     2    40    50   120     3     3     1     1     1   127 999.000
1uapA00     2    40    50   120     9     1     1     1     1   131 999.000
1gd7A00     2    40    50   140     5     4     1     1     1   109 2.000
3rn5A01     2    40    50   140     6     6     1     1     1   102 2.500
1jt8A00     2    40    50   140     7     2     1     1     1   102 999.000
1ltlA02     2    40    50   140    10     3     1     1     1   100 3.000
3udfA03     2    40    50   140    20     1     1     1     1    95 1.700
5yzpA02     2    40    50   140    22     1     1     1     1    91 1.580
5groA00     2    40    50   140    24     1     1     1     1   103 2.000
2e8gA02     2    40    50   140    28     1     1     1     1   116 1.700
1vqaA00     2    40    50   140    30     1     1     3     1    86 1.800
3u4vA00     2    40    50   140    36     1     1     1     1   115 1.800
1v1qA00     2    40    50   140    37     1     1     3     1   111 2.100
6rarI02     2    40    50   140    43     1     1     1     1    89 1.790
2q2tA03     2    40    50   140    52     1     1     1     1   106 2.300
1h95A00     2    40    50   140    54     1     1     4     1    79 999.000
3ulpD00     2    40    50   140    58     1     1     1     1   113 2.100
3mxnB00     2    40    50   140    61     1     1     1     1   131 1.550
3u4zA00     2    40    50   140    64     1     1     1     1   109 2.300
7k98B01     2    40    50   140    70     1     1     1     1   114 2.190
2nchA00     2    40    50   140    75     3     1     1     1    87 999.000
1a62A02     2    40    50   140    77     1     1     1     1    70 1.550
4hikA00     2    40    50   140    79     1     1     1     1   135 1.640
3f8tA02     2    40    50   140    80     1     1     1     1    80 1.900
5gqoA00     2    40    50   140    81     1     1     2     1    97 2.500
1a0iA02     2    40    50   140    82     1     1     1     1   101 2.600
3kf6A00     2    40    50   140    84     1     1     1     1   136 1.650
3stbC00     2    40    50   140    86     1     1     1     1   111 2.500
6s8zA02     2    40    50   140    87     3     1     1     1    64 2.200
8sh0A01     2    40    50   140    89     1     1     1     1   122 2.160
6hcwA01     2    40    50   140    90     1     1     1     1   144 1.460
3f1zI00     2    40    50   140    92     1     1     1     1   114 2.460
2c35B02     2    40    50   140    95     2     1     1     1    91 2.700
3sgiA03     2    40    50   140    96     3     1     1     1    87 3.500
2ja9A01     2    40    50   140    97     1     1     1     1    83 2.200
6p0cA04     2    40    50   140    99     2     1     1     1   147 1.550
7lmaF01     2    40    50   140   103     1     1     2     1    87 3.300
2id0A04     2    40    50   140   107     1     1     1     1    85 2.350
4gnxA00     2    40    50   140   108     1     1     1     1   108 2.800
3cp0A00     2    40    50   140   114     1     1     1     1    62 1.650
4ex5B01     2    40    50   140   116     4     1     1     1   139 2.400
3o58B01     2    40    50   140   117     3     3     2     1    75 1000.000
7z31G02     2    40    50   140   120     1     1     1     1    95 2.760
4gnxC02     2    40    50   140   121     2     1     1     1   141 2.800
2eifA02     2    40    50   140   125     2     1     1     1    59 1.800
2vnuD04     2    40    50   140   126     1     1     1     1    79 2.300
4rg1A02     2    40    50   140   127     1     1     1     1    65 1.860
1cukA01     2    40    50   140   129     1     1     1     1    66 1.900
5j3bB03     2    40    50   140   130     1     2     1     1    50 2.300
3q8dA01     2    40    50   140   131     1     1     1     1    77 2.300
1ckmA02     2    40    50   140   133     1     1     1     1    83 2.500
2vqeL00     2    40    50   140   136     1     1     1     1   125 2.500
3cqzH00     2    40    50   140   138     1     1     1     1   116 2.800
3er0A02     2    40    50   140   141     4     1     1     1    73 3.350
2r7dA03     2    40    50   140   143     1     1     1     1    59 1.800
2haxA01     2    40    50   140   145     1     1     1     1    43 1.290
1miuA02     2    40    50   140   146     1     1     1     1   108 3.100
4joiA00     2    40    50   140   149     1     1     1     1   141 2.050
2jjqA01     2    40    50   140   151     1     1     1     1    57 1.800
2it1A03     2    40    50   140   152     1     1     1     1    61 1.940
6y6mA01     2    40    50   140   157     2     1     1     1    65 999.000
4npsA02     2    40    50   140   158     1     1     1     1    58 1.900
4gnxB00     2    40    50   140   159     1     1     1     1   122 2.800
1fl0A00     2    40    50   140   165     1     1     1     1   164 1.500
1v43A03     2    40    50   140   168     1     1     1     1    64 2.200
3j7yD01     2    40    50   140   170     1     1     1     1   106 3.400
2rf4E02     2    40    50   140   171     1     1     2     1    83 3.100
5aj3Q00     2    40    50   140   172     1     2     1     1   109 3.600
3hkzG00     2    40    50   140   173     1     2     1     1   113 3.400
5j3bA02     2    40    50   140   174     1     1     1     1    66 2.300
1miuA03     2    40    50   140   177     1     1     1     1   117 3.100
2wg5F02     2    40    50   140   178     1     1     1     1    58 2.100
2rcnA01     2    40    50   140   179     1     1     1     1    61 2.250
1p16B02     2    40    50   140   180     1     1     1     1   132 2.700
1z47A03     2    40    50   140   182     1     1     1     1    49 1.900
7f66N01     2    40    50   140   185     1     1     1     1    75 2.760
1l1oF01     2    40    50   140   186     1     1     1     1   131 2.800
1k3rA02     2    40    50   140   189     1     1     1     1    59 2.300
4jg2A00     2    40    50   140   195     2     1     1     1   185 1.300
1g29102     2    40    50   140   196     1     1     1     1    45 1.900
1rl2A01     2    40    50   140   199     1     1     1     1    55 2.300
2d0oA05     2    40    50   140   201     1     1     1     1    45 2.000
6az1d00     2    40    50   140   202     1     1     1     1    65 2.700
1kixA03     2    40    50   140   205     1     1     2     1   164 2.700
1qzgA00     2    40    50   140   209     1     1     1     1   170 1.900
1miuA05     2    40    50   140   210     1     1     1     1   133 3.100
1u0lA01     2    40    50   140   211     1     1     1     1    64 2.800
4ifdI02     2    40    50   140   212     1     1     1     1   144 2.810
1jb7A01     2    40    50   140   214     1     1     1     1   174 1.860
5kwaA02     2    40    50   140   216     1     1     1     1    64 2.900
2nn6I02     2    40    50   140   217     1     1     1     1   129 3.350
2eqsA01     2    40    50   140   218     3     1     1     1    89 999.000
3ebeB00     2    40    50   140   221     1     1     1     1   166 2.300
1je5A00     2    40    50   140   222     1     1     1     1   181 1.900
3d31A02     2    40    50   140   229     1     1     1     1    46 3.000
8bprG01     2    40    50   140   232     1     1     1     1    55 3.650
6lbrA01     2    40    50   140   235     1     1     1     1   197 2.500
1jjgA00     2    40    50   140   238     1     1     1     1   102 999.000
1lm0A00     2    40    50   140   239     1     1     1     1   101 999.000
1wjjA01     2    40    50   140   241     1     1     1     1   110 999.000
2kctA01     2    40    50   140   246     1     1     1     1    87 999.000
1pfsA00     2    40    50   140   249     1     1     1     1    78 999.000
2kcmA00     2    40    50   140   252     2     1     1     1    74 999.000
1yvcA00     2    40    50   140   255     1     1     1     1    70 999.000
3o2zF00     2    40    50   140   258     1     1     1     1    77 1000.000
4qiwB07     2    40    50   150     1     3     1     1     1   123 3.500
6kj6C01     2    40    50   150     3     1     2     4     1   130 3.800
5l37C00     2    40    50   220     1     1     1     1     1    86 1.600
6jy5B00     2    40    50   220     3     3     1     1     1    82 2.150
5optL02     2    40    50   740     2     1     2     1     1    51 4.000
4ujkM00     2    40    50  1000     1     3     3     2     1   155 1000.000
3c9xA01     2    40    70    10     5     2     2     1     1   170 1.700
2aprA02     2    40    70    10    15     1     1     1     1   149 1.800
1a94A00     2    40    70    10    17     1     1    39     1    99 2.000
1yg9A03     2    40    70    10    19     1     1     1     1   116 1.300
5yq8A00     2    40    70    10    20     3     1     1     1   130 2.250
3hd8C01     2    40    70    10    26     1     2     1     1   168 2.390
2pmaA01     2    40    70    10    31     1     1     1     1   121 1.890
3fivA00     2    40    70    10    32     1     3     2     1   110 1.850
3liyA00     2    40    70    10    34     1     1     1     1   116 1.860
3hd8C02     2    40    70    10    38     1     2     1     1   200 2.390
2asiA02     2    40    70    10    39     1     2     1     1   174 2.150
6qcbA00     2    40    70    10    40     1     1     1     1    97 1.550
3qvcA01     2    40    70    10    48     2     1     1     1   207 2.100
1b5fC00     2    40    70    10    50     1     1     1     1   238 1.720
4ehcA00     2    40    70    10    52     1     1     1     1   275 1.980
3bkpA00     2    40   100    10     7     3     1     1     1   179 1.800
2phcB02     2    40   100    10    10     2     1     1     1   133 2.290
2oseA00     2    40   100    10    11     1     1     1     1   195 2.040
3va7A04     2    40   100    10    12     1     1     1     1   159 2.600
5ex2A01     2    40   100    10    13     1     1     1     1   241 1.290
1x7fA02     2    40   100    10    17     1     1     1     1   119 2.300
2wbiB02     2    40   110    10     9     2     1     1     1   112 2.800
4kcfA02     2    40   110    10    13     1     1     1     1   111 2.100
4x28C02     2    40   110    10    19     1     1     1     1   100 1.990
5mr6A02     2    40   110    10    20     2     1     1     1    96 2.400
4xvxB02     2    40   110    10    21     1     1     1     1   103 2.300
1w07A02     2    40   110    10    23     1     2     1     1   137 2.000
6eb0A02     2    40   110    10    26     1     1     1     1   140 2.370
5dpqA00     2    40   128    20     2     2     1    13     1   133 1.780
2x46A00     2    40   128    20     5     1     1     1     1   141 1.000
5epqA00     2    40   128    20     7     1     1     2     1   153 1.750
6rwqA00     2    40   128    20     8     1     2     9     1   154 2.050
1dzkA00     2    40   128    20    11     1     1     1     1   148 1.480
2w2aA00     2    40   128    20    13     2     2     2     1   175 1.380
1sa8A00     2    40   128    20    18     1     1     6     1   106 999.000
1sxwA00     2    40   128    20    23     1     1     8     1   184 1.050
1qftB00     2    40   128    20    27     1     1     1     1   170 1.250
2xklA00     2    40   128    20    28     1     2     1     1   149 2.500
1r0uA00     2    40   128    20    32     1     1     1     1   142 1.750
1vprA03     2    40   128    20    34     1     1     1     1   154 1.800
3ia8A00     2    40   128    20    37     1     1     1     1   156 1.790
4gh7A00     2    40   128    20    39     1    14     1     1   174 2.600
1t0vA01     2    40   128    20    42     1     3     2     1   175 999.000
2o62A01     2    40   128    20    44     1     1     1     1   131 1.750
3cqnB00     2    40   128    20    50     1     1     1     1   161 2.000
5xm5A00     2    40   128    20    52     1     1     1     1   187 1.490
1epaA00     2    40   128    20    53     1     1     1     1   160 2.100
4boeA00     2    40   128    20    54     1     1     1     1   154 2.240
3apuB00     2    40   128    20    55     1     2     1     1   172 2.100
4tq2A00     2    40   128    20    57     1     1     1     1   177 1.950
2fwvA00     2    40   128    20    59     1     1     1     1   190 1.700
1n43B00     2    40   128    30     1     1     1    19     1   118 1.890
6rtqA00     2    40   128    30     6     1     1     2     1   133 2.000
2c4iA01     2    40   128    30    10     1     1     1     1   118 1.950
2x34A00     2    40   128   110     2     1     2     2     1   172 1.900
1y0gA00     2    40   128   110     5     1     1     1     1   169 2.200
3d9wA02     2    40   128   150     2     2     1     1     1   102 2.700
2ol8O01     2    40   128   160     1     1     3     2     1    99 1.900
2af5A01     2    40   128   160     4     1     1     1     1    54 2.500
2bt9C01     2    40   128   190     1     1     1     1     1    83 0.940
3pquA01     2    40   128   250     1     1     1     1     1   119 2.100
3pqsA01     2    40   128   250     4     1     1     1     1    88 2.100
4fbrA02     2    40   128   450     1     1     2     1     1   134 1.600
4a17J00     2    40   150    20     2     2     4     1     1   138 1000.000
5oomL00     2    40   150    20     3     1     1     1     1   115 3.030
3ed8A00     2    40   155    10     1     1    21     4     1   228 2.700
1mouA00     2    40   155    10     2     5     2    10     1   218 2.200
4hvfA00     2    40   155    10     4     1     3     1     1   217 1.700
3o78A01     2    40   155    10     8     1     4     4     1   258 2.600
5ukgA01     2    40   155    10    14     3     1     2     1   246 2.360
1h4uA00     2    40   155    10    17     1     1     1     1   245 2.200
1bt9A00     2    40   160    10     1     3     1     6     1   340 3.000
4auiA00     2    40   160    10     4     1     3     1     1   308 3.200
2porA00     2    40   160    10     5     1     1     1     1   301 1.800
2o4vA00     2    40   160    10     7     1     2     1     1   411 1.940
2odjA01     2    40   160    10     8     1     1     3     1   356 2.900
1bh3A00     2    40   160    10     9     1     1     6     1   289 2.190
7vu2A01     2    40   160    10    10     1     1     1     1   426 1.850
6eheA01     2    40   160    10    12     1     1     1     1   299 2.310
4bumX00     2    40   160    10    14     1     2     1     1   283 2.800
3gp6A00     2    40   160    20     1     1     1     1     1   155 1.400
1qj8A00     2    40   160    20     3     2     1     1     1   148 1.900
3g7gH00     2    40   160    20     6     1     1     1     1   152 1.990
2ervA00     2    40   160    20     7     1     1     1     1   150 2.000
1p4tA00     2    40   160    20     8     1     1     1     1   155 2.550
6x9zA01     2    40   160    20     9     1     1     1     1   113 2.050
2x27X00     2    40   160    20    10     2     1     1     1   209 2.400
2lhfA00     2    40   160    20    11     1     1     1     1   178 999.000
2k0lA00     2    40   160    20    13     1     1     1     1   210 999.000
5b66O01     2    40   160    30     1     1     2     1     1   187 1.850
4c4vB02     2    40   160    50     1     1     1     3     1   368 3.000
4c00A04     2    40   160    50     4     1     1     1     1   314 2.250
3njtA01     2    40   160    50     6     1     1     2     1   304 3.500
6wulB01     2    40   160    50     8     1     1     1     1   351 3.200
1t16A00     2    40   160    60     1     1     1     4     1   427 2.600
6z38A01     2    40   160    60     3     2     1     1     1   406 2.900
5nqyA02     2    40   160    90     1     1     2     1     1   137 2.600
3ve2A04     2    40   160    90     2     2     3     1     1   127 2.140
3v8uA02     2    40   160    90     7     1     2     1     1   179 2.400
1a0sP00     2    40   170    10     2     1     1     1     1   413 2.400
1kmoA02     2    40   170    20     3     1     1     1     1   519 2.000
6fokB01     2    40   170    20     4     1     1     1     1   634 1.970
1by5A02     2    40   170    20     5     1     1     3     1   554 2.600
4b7oA02     2    40   170    20     6     1     2     1     1   538 2.320
1fepA02     2    40   170    20     7     1     1     1     1   531 2.400
1nqfA02     2    40   170    20     8     1     1     4     1   412 2.700
3v89A02     2    40   170    20     9     1     1     2     1   598 3.100
3efmA02     2    40   170    20    10     2     1     1     1   436 2.330
8p97A01     2    40   170    20    11     1     1     1     1   610 2.750
3cslA02     2    40   170    20    12     1     1     2     1   625 2.700
4epaA00     2    40   170    20    17     1     1     1     1   617 3.200
1a4eA00     2    40   180    10     2     4     2     1     1   488 2.400
1u5uA00     2    40   180    10     4     1     1     1     1   366 2.000
3e4wA02     2    40   180    10     7     1     1     1     1   207 1.800
2sliA03     2    40   220    10     1     2     2     1     1   100 1.800
2bf6A02     2    40   220    10     2     1     1     1     1    66 0.970
3aiiA03     2    40   240    10     1     1     1     1     1    89 1.650
5iznA00     2    40   240    10     2     2     1     1     1    91 2.350
1feuA01     2    40   240    10     4     1     1     1     1    91 2.300
2hz7A04     2    40   240    10     5     1     1     1     1    91 2.300
2egvA01     2    40   240    20     2     1     1     1     1    66 1.450
4j3cA01     2    40   240    20     4     1     1     2     1    63 2.000
1v6zA01     2    40   240    20     5     1     1     1     1    65 2.000
4l69A01     2    40   240    20     9     1     1     1     1    68 2.900
6jckB00     2    40   240   130     1     1     1     3     1    66 3.090
1e50B00     2    40   250    10     2     1     1     1     1   130 2.600
3rbjB00     2    40   260    10     2     3     2     2     1   188 2.300
4d70A00     2    40   260    10     9     1     1     1     1   160 1.990
1t2pA00     2    40   260    10    10     1     1     2     1   145 2.000
1ng5B00     2    40   260    10    12     1     1     1     1   206 2.000
2w1kA00     2    40   260    10    13     1     1     1     1   209 2.140
2pmzB06     2    40   270    10     1     3     1     2     1   223 3.400
5mfdH00     2    40   300    10     1     1     2     1     1   104 2.300
3gqnA03     2    40   300    10     3     1     1     3     1   124 1000.000
6xgqb01     2    40   300    10     4     1     1     1     1    93 3.800
5a67A00     2    40   320    10     1     1     1     1     1   206 1.300
5a64B00     2    40   320    10     2     1     2     2     1   192 2.100
2acaA00     2    40   320    10     3     2     1     1     1   169 2.250
2dc4A00     2    40   320    10     5     1     1     1     1   164 1.650
2gfgA00     2    40   320    10     6     1     1     1     1   189 2.120
2fblB00     2    40   320    10     7     1     1     2     1   148 1.900
3c0tA00     2    40   320    10     8     1     1     1     1   201 2.400
2hzsF00     2    40   320    10     9     1     2     1     1   235 2.700
4i1kA00     2    40   330    10     1     1     1     1     1   118 1.600
4ldvA02     2    40   330    10     2     1     1     1     1   106 1.450
6j9cD00     2    40   330    10     5     2     1     1     1   112 3.100
1na6A01     2    40   330    10     6     1     1     1     1   171 2.100
6ethA04     2    40   340    10     1     2     1     2     1    89 1.640
4jmdA00     2    40   400    10     1     2     1     1     1   257 1.670
3cmbA00     2    40   400    10     2     1     1     1     1   258 1.600
3bh2A01     2    40   400    10     3     3     1     1     1   232 2.400
4kktA01     2    40   420    20     2     1     1     5     1    96 2.530
3lnnA01     2    40   420    20     4     1     1     1     1    91 2.800
3oocA01     2    40   420    20     6     1     1     1     1    76 3.400
6xj6A01     2    40   440    10     5     1     1     1     1   156 1.500
4z7aA03     2    40   440    10     6     1     1     1     1   131 1.980
6fj1A02     2    40   440    10     8     1     1     3     1   126 2.690
4wz8B02     2    40   460    10     1     1     1     1     1    66 2.230
4cq7A00     2    40   480    10     1     2     1     2     1   173 1.700
6oodA01     2    40   480    10     2     1     1     1     1   148 1.500
1fouA02     2    40   500    10     1     1     1     2     1   132 3.200
2obsA01     2    40   510    10     1     2     5     1     1   200 2.000
4mxtA00     2    50    20    10     1     1     1     1     1   183 1.400
1iwmA00     2    50    20    10     2     1     1     2     1   177 1.900
4ki3I00     2    50    20    10     4     1     1     1     1   180 1.700
2yzyA00     2    50    20    10     7     1     1     1     1   163 1.600
3bk5A00     2    50    20    10    11     1     1     1     1   229 2.000
2y69F00     2    60    11    10     1     1     1     2     1    93 1.950
1fs0E01     2    60    15    10     1     2     1     1     1    88 2.100
3oe7Q00     2    60    15    10     8     1     1     1     1    84 3.190
2jdgA01     2    60    20    10     3     1     8     1     1    83 2.000
4iauA01     2    60    20    10     5     1     1     1     1    76 0.990
1prrA02     2    60    20    10    11     2     1     1     1    85 999.000
4fd9A00     2    60    20    10    13     1     1     1     1    92 1.860
4el6A00     2    60    20    10    14     1     1     1     1    97 1.710
1yhpA01     2    60    20    10    18     1     1     1     1    92 999.000
1maeL00     2    60    30    10     2     1     1    84     1   124 2.800
5tkyA04     2    60    34    10     1     3     1     1     1   116 2.600
2qxlB05     2    60    34    10     7     1     2     1     1   127 2.410
1bprA00     2    60    34    10     8     1     1     1     1   173 999.000
1v8hA00     2    60    40    10    13     1     1     1     1   106 1.200
6r2wT01     2    60    40    10    14     1     1     1     1   104 1.250
4l8sC01     2    60    40    10    16     1     5     2     1   100 2.900
2bhuA01     2    60    40    10    31     1     1     1     1    96 1.100
3kaaA00     2    60    40    10    38     4     2     2     1   107 3.000
6x5vA01     2    60    40    10    51     2     1     1     1    96 1.600
7bg1L01     2    60    40    10    52     1    11     1     1   109 1.860
1a21B02     2    60    40    10    53     1     4     1     1    98 2.350
3rnqA00     2    60    40    10    55     2     1     2     1   112 1.600
1bfoB02     2    60    40    10    66     1     5     2     1    95 2.600
6on6A00     2    60    40    10    87     1     1     1     1   108 1.420
4y88A00     2    60    40    10   101     1     1     1     1   108 1.450
2q87C00     2    60    40    10   105     2     1     1     1   106 1.700
6c61B01     2    60    40    10   117     3     3     1     1   115 2.430
2w38A02     2    60    40    10   120     1     1     2     1   104 1.900
2yocB03     2    60    40    10   126     1     2     2     1   117 2.880
5gqbA01     2    60    40    10   138     1     2     2     1   108 2.700
6l2hA04     2    60    40    10   139     1     2     3     1   103 2.100
2wanA02     2    60    40    10   162     1     1     1     1   103 1.650
3o3uN02     2    60    40    10   164     1     1     1     1    98 1.500
6u7jA02     2    60    40    10   168     2     1     1     1    89 2.200
2labA00     2    60    40    10   174     2     2     1     1   104 999.000
6tqdC01     2    60    40    10   183     1     1     1     1    96 1.480
7fbiH01     2    60    40    10   188     1     3     1     1    89 3.900
4hd9A02     2    60    40    10   199     1     2     1     1   108 1.700
1i1aC01     2    60    40    10   202     2     2     2     1    99 2.800
4nfcA00     2    60    40    10   209     1     2     2     1   120 2.200
1xauA00     2    60    40    10   210     1     1     1     1   104 1.800
4ofyD04     2    60    40    10   211     1     2     2     1   100 3.300
4l9dA00     2    60    40    10   214     1     1     1     1    82 1.100
1jz7A02     2    60    40    10   215     1     1     1     1   114 1.500
3vmnA01     2    60    40    10   216     1     1     1     1   111 1.600
2zuyA01     2    60    40    10   229     2     1     1     1    91 1.650
5hhmI02     2    60    40    10   241     1     1     5     1    87 2.500
4kknA00     2    60    40    10   256     1     3     1     1   117 2.250
1m1sA00     2    60    40    10   260     1     1     1     1   107 1.800
2r2cB00     2    60    40    10   262     1     1     1     1   107 1.800
2zuvA02     2    60    40    10   272     1     1     1     1   106 1.850
4x9iA02     2    60    40    10   275     1     5     1     1   106 2.900
3kyaA01     2    60    40    10   289     2     1     1     1    85 1.770
4mz3A00     2    60    40    10   292     1     1     2     1   119 1.740
2jjsC00     2    60    40    10   294     1     2     1     1   115 1.850
3b4nA01     2    60    40    10   320     1     1     1     1    88 1.450
1blwA02     2    60    40    10   321     1     1     5     1   102 1000.000
1xf1A05     2    60    40    10   322     1     1     2     1    97 1.900
1vcaA02     2    60    40    10   325     1     1     1     1   110 1.800
4oq1A02     2    60    40    10   333     1     1     1     1   109 1.850
2z0bE00     2    60    40    10   341     1     1     1     1   105 2.000
2vzsA02     2    60    40    10   349     1     1     1     1   110 1.850
3zmrA01     2    60    40    10   358     1     1     1     1    85 1.430
4v2bA00     2    60    40    10   366     1     1     1     1   106 2.000
4nn6C02     2    60    40    10   373     1     1     2     1    94 2.550
2f15A00     2    60    40    10   377     1     4     1     1    89 2.000
5yxkA00     2    60    40    10   384     1     1     1     1   110 1.900
3v6oB01     2    60    40    10   386     1     1     1     1   100 1.950
4crpA00     2    60    40    10   388     1     2     1     1   107 999.000
4iihB04     2    60    40    10   389     1     1     1     1   107 2.000
5a2fA02     2    60    40    10   395     1     1     1     1   112 1.860
5yxoA03     2    60    40    10   398     1     1     3     1   122 2.510
2qsvA02     2    60    40    10   411     1     1     1     1   105 2.100
3decA04     2    60    40    10   412     1     2     1     1   105 2.800
4mb4A02     2    60    40    10   415     2     1     1     1    79 1.480
2pkdA00     2    60    40    10   416     1     1     1     1   107 2.040
2fboJ02     2    60    40    10   417     1     1     1     1   113 1.850
1i1rA02     2    60    40    10   421     1     1     2     1   100 2.400
5mn2A02     2    60    40    10   424     2     1     4     1    86 2.350
1cczA01     2    60    40    10   430     1     1     1     1    93 1.800
5jdjA00     2    60    40    10   434     1     1     1     1    91 1.740
4cucA05     2    60    40    10   449     2     1     1     1   116 2.200
5t5wA02     2    60    40    10   460     1     1     2     1   101 2.850
2vtfA03     2    60    40    10   461     1     1     1     1    91 1.790
3orjA01     2    60    40    10   463     1     1     1     1   106 2.160
3hrzB02     2    60    40    10   469     1     1     1     1   105 2.200
2dicA01     2    60    40    10   471     4     1     1     1    94 999.000
3wcyA02     2    60    40    10   472     2     1     1     1    90 2.900
4zocA03     2    60    40    10   473     1     1     1     1   118 1.790
1vdgA02     2    60    40    10   476     1     1     2     1    95 2.800
4ut7H00     2    60    40    10   478     2     2     1     1   146 1.700
4jcmA03     2    60    40    10   486     3     1     1     1    84 1.650
6se8A02     2    60    40    10   492     2     1     2     1    84 1.840
7k7jA03     2    60    40    10   498     2     1     1     1   108 3.000
3wcyA03     2    60    40    10   517     2     1     1     1    89 2.900
5dgqA01     2    60    40    10   518     1     1     1     1    92 1.900
4f80A02     2    60    40    10   520     1     1     1     1    93 1.940
3hrzA04     2    60    40    10   525     1     1     1     1   101 2.200
1ex0A03     2    60    40    10   528     1     1     1     1   114 2.000
5e24E03     2    60    40    10   535     1     2     1     1    94 2.140
3phsA01     2    60    40    10   539     1     1     1     1   121 1.800
3tp4B02     2    60    40    10   540     1     1     1     1    93 1.980
3shsA02     2    60    40    10   542     1     1     1     1    92 1.950
6x3aA03     2    60    40    10   544     1     1     1     1    86 1.770
4cvuA02     2    60    40    10   553     1     1     1     1   119 1.900
5mj3A01     2    60    40    10   557     1     1     1     1    84 1.740
4cvuA05     2    60    40    10   558     1     1     1     1    89 1.900
2xg5A02     2    60    40    10   560     1     1     1     1    92 2.000
1n26A03     2    60    40    10   567     1     1     1     1   104 2.400
3besR02     2    60    40    10   573     1     1     1     1   111 2.200
5cgmB01     2    60    40    10   574     1     1     1     1   119 1.950
5e53C01     2    60    40    10   576     1     2     2     1    85 2.500
5m5eB01     2    60    40    10   584     1     1     1     1   100 2.300
4jdzB03     2    60    40    10   587     1     1     2     1   125 2.100
3cmgA04     2    60    40    10   590     1     1     1     1    87 1.900
3l5hA04     2    60    40    10   591     1     1     2     1    78 3.600
1n6uA02     2    60    40    10   593     1     2     1     1   106 999.000
7uzsX04     2    60    40    10   596     1     1     1     1    96 2.200
4n0rA01     2    60    40    10   605     1     1     1     1    83 1.800
3l5iA02     2    60    40    10   608     1     1     1     1    86 1.900
5fucC01     2    60    40    10   613     1     1     2     1    97 2.700
3me0A01     2    60    40    10   622     1     1     1     1   119 2.030
5e7gA03     2    60    40    10   625     1     1     2     1    83 2.370
6ncyA02     2    60    40    10   626     1     1     1     1    90 2.050
2w1nA02     2    60    40    10   632     1     1     1     1    82 1.800
4aeeA02     2    60    40    10   633     1     1     1     1    97 2.280
4lfhG02     2    60    40    10   636     1     1     1     1   111 2.300
3hr6A03     2    60    40    10   640     1     1     1     1   133 1.600
5ldyA02     2    60    40    10   647     2     1     1     1   106 2.600
2xzzA00     2    60    40    10   648     1     1     1     1    97 2.300
3qazL01     2    60    40    10   649     1     1     4     1    96 3.800
1pbyA04     2    60    40    10   650     2     1     1     1   131 1.700
6bs6A04     2    60    40    10   656     1     1     1     1   116 2.170
3bplB01     2    60    40    10   664     1     1     2     1    99 2.930
4liqE02     2    60    40    10   666     2     1     1     1    96 2.600
4iefB03     2    60    40    10   670     1     1     3     1    83 2.300
1pbyA03     2    60    40    10   680     1     1     1     1    76 1.700
5x0tE00     2    60    40    10   687     1     2     1     1    78 2.500
3mgaB01     2    60    40    10   689     1     2     1     1   140 2.400
4aefA02     2    60    40    10   694     1     1     1     1    95 2.340
1hnfA02     2    60    40    10   696     2     1     1     1    79 2.500
6lp4A01     2    60    40    10   702     1     1     1     1   123 2.050
1hwgB01     2    60    40    10   716     1     1     2     1    91 2.500
3bn3B01     2    60    40    10   717     1     1     1     1    86 2.100
4aeeA01     2    60    40    10   719     1     1     1     1   117 2.280
5hbbB01     2    60    40    10   722     1     1     2     1   137 2.470
5ihbA02     2    60    40    10   723     1     1     1     1    90 2.240
2m26A01     2    60    40    10   729     1     1     2     1   109 999.000
4dohB02     2    60    40    10   736     1     1     2     1    88 2.800
2e9wB05     2    60    40    10   739     2     1     2     1    91 3.500
4cu7A02     2    60    40    10   740     1     1     1     1   121 2.200
4s0sD00     2    60    40    10   741     2     1     1     1    90 2.800
1txkB02     2    60    40    10   744     1     1     1     1   112 2.500
2gysA02     2    60    40    10   749     1     1     1     1   102 2.700
3qt2A01     2    60    40    10   753     1     1     1     1    97 2.550
6tybC02     2    60    40    10   755     1     2     1     1    68 2.300
3oq3B01     2    60    40    10   760     1     1     1     1   126 2.100
3of6E00     2    60    40    10   765     1     1     1     1   104 2.800
1jbjA02     2    60    40    10   766     2     1     1     1    75 999.000
2j3sA03     2    60    40    10   767     2     1     1     1    55 2.500
3qt2A02     2    60    40    10   773     1     1     1     1   113 2.550
3o4oB01     2    60    40    10   777     2     2     2     1   112 3.300
1cidA01     2    60    40    10   781     1     1     1     1   106 2.800
2oz4A01     2    60    40    10   783     2     1     1     1    97 2.700
5e4qA02     2    60    40    10   784     3     2     1     1    91 2.820
2q3zA03     2    60    40    10   796     1     1     2     1   137 2.000
3ottB03     2    60    40    10   812     1     1     1     1   124 2.300
3u83A03     2    60    40    10   815     1     1     1     1    90 2.500
5utkA01     2    60    40    10   816     1     1     1     1    90 2.500
4bsjA02     2    60    40    10   821     2     1     1     1   123 2.500
2x1wO01     2    60    40    10   826     1     1     1     1    95 2.700
7uzsX01     2    60    40    10   835     2     1     1     1   131 2.200
4bzyA02     2    60    40    10   842     1     1     1     1   113 2.750
2gy5A01     2    60    40    10   851     1     1     1     1    99 2.900
2gy5A04     2    60    40    10   852     1     1     1     1    99 2.900
1grwA00     2    60    40    10   853     1     2     1     1   124 2.600
5vi4E03     2    60    40    10   858     1     1     1     1    95 2.790
5u8rA03     2    60    40    10   871     1     1     1     1   108 3.000
1xiwB00     2    60    40    10   872     1     1     1     1    66 1.900
3lsoA02     2    60    40    10   884     1     1     2     1    90 2.750
3okyA02     2    60    40    10   889     1     1     1     1   135 2.200
3f8uB01     2    60    40    10   895     1     1     1     1   124 2.600
3gm8A04     2    60    40    10   901     1     1     1     1    78 2.400
4qqvD03     2    60    40    10   907     2     1     1     1    97 3.450
3e0gA02     2    60    40    10   908     1     1     1     1   110 3.100
3f8uB02     2    60    40    10   912     1     1     1     1   126 2.600
2gy5A02     2    60    40    10   930     1     1     1     1    90 2.900
5oj2B02     2    60    40    10   936     1     2     1     1    96 3.200
2flbT00     2    60    40    10   949     1     1     1     1   151 1.950
2rblA02     2    60    40    10   955     1     1     1     1    61 2.100
4qqvD01     2    60    40    10   959     1     1     1     1   103 3.450
2if7B02     2    60    40    10   971     1     1     1     1    87 3.000
3iylW05     2    60    40    10   974     1     1     1     1    96 3.300
8d7eC01     2    60    40    10   977     1     1     1     1    84 2.930
3lb6C01     2    60    40    10   979     1     1     1     1    87 3.050
2cknA00     2    60    40    10   985     2     1     1     1    95 999.000
3mlpA02     2    60    40    10   988     1     1     1     1   131 2.800
3es6B00     2    60    40    10   991     1     1     1     1   118 3.230
4bfiB02     2    60    40    10   992     1     1     1     1    90 3.220
1bf2A01     2    60    40    10  1006     1     1     1     1   162 2.000
1wioA04     2    60    40    10  1007     2     1     2     1    72 3.900
3e0gA01     2    60    40    10  1008     1     1     1     1    80 3.100
5e99H01     2    60    40    10  1010     1     5     1     1   171 2.060
2l4oA00     2    60    40    10  1015     1     1     3     1   175 999.000
5k6wA01     2    60    40    10  1016     1     1     1     1    86 3.500
2giyB00     2    60    40    10  1018     1     1     1     1   178 1.780
7o85C01     2    60    40    10  1021     1     1     1     1    77 3.300
1evuA01     2    60    40    10  1024     1     1     1     1   173 2.010
2uzyB03     2    60    40    10  1033     1     1     1     1    87 4.000
1ktkF02     2    60    40    10  1038     1     1     1     1    47 3.000
1v5jA00     2    60    40    10  1045     2     1     1     1   108 999.000
2ys4A01     2    60    40    10  1052     1     1     1     1   103 999.000
2dbjA01     2    60    40    10  1070     1     1     1     1   109 999.000
2e6jA00     2    60    40    10  1077     1     1     1     1   112 999.000
2l0dA00     2    60    40    10  1084     1     1     1     1   114 999.000
2dleA01     2    60    40    10  1104     1     1     1     1    86 999.000
1b4rA00     2    60    40    10  1108     1     1     1     1    80 999.000
2crmA01     2    60    40    10  1109     1     1     1     1    79 999.000
1gxeA00     2    60    40    10  1110     1     1     1     1   130 999.000
3lohE05     2    60    40    10  1117     1     1     1     1   127 1000.000
3zteA00     2    60    40    50     1     1     4     1     1    69 2.410
3lneA01     2    60    40    60     4     1     4     3     1    99 2.000
4zi8B01     2    60    40    60     8     1     1     1     1   107 1.700
5t9tA02     2    60    40    60     9    13     1     1     1   110 3.500
6pgwA04     2    60    40    60    21     2     1     1     1   101 3.000
5czrA02     2    60    40    60    46     1     2     1     1   118 2.300
5iryA03     2    60    40    60    50     1     2     1     1   111 3.100
3ubgB01     2    60    40    60    51     1     1     1     1    96 2.500
5kj4C02     2    60    40    60    56     1     2     1     1   110 3.350
5erdA02     2    60    40    60    65     1     1     1     1   106 2.900
1l3wA04     2    60    40    60    77     1     1     1     1   106 3.080
1op4A01     2    60    40    60    95     1     1     1     1    89 999.000
6ewlA00     2    60    40   150     4     1     1     1     1   136 1.400
3hn8A02     2    60    40   150     6     4     1     2     1   145 3.500
2cjsA01     2    60    40   150     8     1     1     2     1   153 1.780
2fk9A00     2    60    40   150     9     2     1     1     1   140 1.750
3jzyA00     2    60    40   150    13     1     1     1     1   124 1.560
2nq3A00     2    60    40   150    15     1     1     1     1   131 1.800
1bdyA00     2    60    40   150    17     1     2     1     1   123 2.200
6eelA00     2    60    40   150    19     2     1     1     1   129 1.930
1e7uA02     2    60    40   150    23     1     2     1     1   141 2.000
2jqzA00     2    60    40   150    24     1     2     1     1   131 999.000
3l9bA00     2    60    40   150    28     1     1     1     1   126 1.950
2qz5A00     2    60    40   150    30     1     2     1     1   152 2.600
3w57A00     2    60    40   150    32     1     1     1     1   111 1.660
6fb4A00     2    60    40   150    36     1     1     2     1   129 2.420
2q0zX03     2    60    40   150    41     1     1     1     1   113 2.000
6kxkG01     2    60    40   150    42     1     1     1     1   133 2.500
5dcaA08     2    60    40   150    48     1     1     1     1   110 2.800
3l4cA00     2    60    40   150    49     1     1     1     1   178 2.370
4qj3B04     2    60    40   150    50     1     1     1     1   165 3.000
2yrbA01     2    60    40   150    52     1     1     1     1   135 999.000
1kgiA00     2    60    40   180     1     1     4     1     1   120 1.800
1esoA00     2    60    40   200     2     4     1     1     1   154 2.000
1ej8A00     2    60    40   200     6     1     1     1     1   140 1.550
2jlpB00     2    60    40   200     7     1     1     1     1   166 1.700
8owfA01     2    60    40   290     1     1     1     1     1   111 1.300
1c7sA01     2    60    40   290     4     1     1     1     1   142 1.800
1xbdA00     2    60    40   290     5     1     2     2     1    87 999.000
1a3qA01     2    60    40   340     1     1     1     1     1   179 2.100
1a66A00     2    60    40   340     2     1     2     1     1   178 999.000
1uurA02     2    60    40   340     4     1     1     1     1   128 2.700
1pjwA00     2    60    40   350     6     1     7     1     1   111 999.000
6imma01     2    60    40   350    10     1     2     2     1    84 3.500
6hwrA01     2    60    40   380     1     1     1     1     1    97 1.950
1j9qA01     2    60    40   420     1     1     2     5     1   148 1.650
2cakA00     2    60    40   420     4     1     2     1     1   154 1.270
5b7eA01     2    60    40   420     5     1     1     3     1   140 1.420
6thfA02     2    60    40   420     8     1     4     1     1   167 1.470
5b7eA03     2    60    40   420     9     1     1     5     1   165 1.420
2q9oA01     2    60    40   420    13     1     1     1     1   157 1.300
1pmyA00     2    60    40   420    17     3     1     1     1   123 1.500
1aznA00     2    60    40   420    18     2     4    57     1   128 2.600
1kyaA03     2    60    40   420    19     1    14     1     1   190 2.400
6fc7A01     2    60    40   420    22     2     2     4     1   146 1.950
2idtA00     2    60    40   420    23     1     1     9     1   104 1.000
4knuA02     2    60    40   420    33     1     1     1     1   159 1.800
2cuaB00     2    60    40   420    34     1     1     1     1   132 1.600
6xizB01     2    60    40   420    35     1     1     2     1   139 1.800
2q9oA02     2    60    40   420    37     1     1     1     1   184 1.300
3zx1A02     2    60    40   420    46     1     1     1     1   161 1.950
3gdcA02     2    60    40   420    48     1     1     1     1   130 1.800
1shxA00     2    60    40   420    55     1     1     1     1   138 2.100
2uxtA03     2    60    40   420    57     1     1     1     1   126 1.900
1cywA00     2    60    40   420    58     1     1     2     1   159 2.500
6iqxA02     2    60    40   420    59     1     1     1     1   198 1.430
1jerA00     2    60    40   420    61     1     1     1     1   110 1.600
4f2eA00     2    60    40   420    65     1     1     1     1    98 1.450
5lwxA03     2    60    40   420    67     2     1     1     1   214 1.490
6kliA01     2    60    40   420    73     1     1     1     1   199 1.800
4enzA05     2    60    40   420    76     1     2     1     1   181 2.600
1aozA02     2    60    40   420    80     1     1     1     1   206 1.900
8c8qB01     2    60    40   420    81     3     1     1     1   136 3.360
2g23K04     2    60    40   420    85     1     1     2     1   190 1000.000
3gyrA02     2    60    40   420    90     1     1     1     1   204 2.300
2r7eA02     2    60    40   420    96     1     1     1     1   137 3.700
2yevB02     2    60    40   420    97     1     1     1     1   226 2.360
2dv6A02     2    60    40   420   101     2     2     1     1   309 2.200
4bxsV03     2    60    40   420   103     1     1     1     1   348 3.320
1xx9D00     2    60    40   550     1     1     1     4     1   139 2.200
1fi8C00     2    60    40   550     2     1     1     1     1    78 2.200
4gejE00     2    60    40   640     1     1     2     2     1   142 2.900
6md5A01     2    60    40   640     3     1     1     1     1   145 1.700
1ayrB02     2    60    40   640     4     1     1     4     1   177 3.300
6md5A02     2    60    40   640     6     1     1     1     1   128 1.700
1ogpA02     2    60    40   650     2     2     1     1     1   127 2.600
5m2sA00     2    60    40   680     2     1     2     1     1   141 1.700
4dh2A00     2    60    40   680     4     1     1     1     1   158 1.750
1tyjA00     2    60    40   680     5     1     1     1     1   170 1.600
2zf9A00     2    60    40   680    11     1     1     4     1   181 1.950
1bv8A00     2    60    40   690     1     1     3     1     1   138 999.000
2ylkA00     2    60    40   710     2     1     1     3     1   145 2.200
1g87A02     2    60    40   710     6     2     1     1     1   159 1.600
1gzhA00     2    60    40   720     2     1     1    38     1   187 2.600
1t4wA00     2    60    40   720     3     1     1     1     1   196 2.100
3wtwF00     2    60    40   720     4     1     1    11     1   119 2.900
1dqiA00     2    60    40   730     1     2     1     1     1   124 1.700
2x9zA01     2    60    40   740     2     1     1     1     1   148 1.300
4ofqB01     2    60    40   740     7     2     1     1     1   180 1.800
8begA04     2    60    40   740     8     2     1     1     1   157 1.840
2okmA00     2    60    40   740    11     1     1     1     1   146 1.650
3qdhA01     2    60    40   740    12     1     1     1     1   156 1.900
4tshB01     2    60    40   740    19     1     1     1     1   173 2.000
4igbB02     2    60    40   740    20     1     1     1     1   143 2.090
3rkpA02     2    60    40   740    21     1     1     2     1   141 2.240
8gsxA01     2    60    40   740    22     1     1     1     1   151 2.860
4jcwA02     2    60    40   760     2     1     1     1     1    90 1.750
7xc8A02     2    60    40   760     4     1     1     1     1    97 2.550
1nepA00     2    60    40   770     3     1     1     1     1   130 1.700
2e56A00     2    60    40   770     5     1     1     1     1   144 2.000
3ztdF01     2    60    40   780     1     1     1   118     1    90 2.790
3l1eA01     2    60    40   790     1     2     1     1     1    77 1.150
5ds1A00     2    60    40   790     5     2     1     1     1    92 2.630
1wfiA00     2    60    40   790    14     1     3     1     1   131 999.000
3igfA02     2    60    40   790    19     1     1     1     1    74 2.000
8h77C01     2    60    40   790    25     1     1     1     1    96 3.200
1shsA00     2    60    40   790    27     1     1     2     1   115 2.900
2bolB02     2    60    40   790    30     1     1     1     1   128 2.500
1gmeA00     2    60    40   790    32     1     1     1     1   150 2.700
4ydzA00     2    60    40   790    33     1     1     1     1   135 3.600
1x5mA01     2    60    40   790    37     1     1     1     1   106 999.000
1wh0A01     2    60    40   790    38     1     1     1     1   111 999.000
2k8qA00     2    60    40   790    40     1     1     1     1   134 999.000
3tezA04     2    60    40   810     1     1     1     3     1   131 1.830
4a04A00     2    60    40   820     2     2     1     1     1   181 2.580
1hczA01     2    60    40   830     1     1     3     1     1   191 1.960
4jqiA01     2    60    40   840     1     1     1     2     1   172 2.600
8gyrA02     2    60    40  1080     1     1     1     1     1    87 1.870
1f00I02     2    60    40  1080     2     1     1     1     1    89 1.900
4hu8A01     2    60    40  1080     4     1     1     1     1    76 2.000
4ca4A00     2    60    40  1090     1     2     1     9     1   158 2.840
4xo9A02     2    60    40  1090     5     1     1     1     1   122 1.140
2wmpB00     2    60    40  1090    13     1     1     2     1   123 2.300
2uy6C01     2    60    40  1090    14     1     1     1     1   142 2.500
2jmrA00     2    60    40  1090    15     1     1     2     1   179 999.000
2w07B01     2    60    40  1090    16     1     1     1     1   115 2.200
8ehtB01     2    60    40  1090    18     1     1     1     1   147 3.400
5ynaA01     2    60    40  1110     1     1     1     2     1   139 1.960
2j43A02     2    60    40  1110     3     1     1     1     1   118 1.600
1d5rA02     2    60    40  1110     4     1     1     1     1   133 2.100
2ya1A01     2    60    40  1110     7     2     1     1     1   106 2.250
2nsmA02     2    60    40  1120     1     2     1     1     1    78 2.100
1nkgA02     2    60    40  1120     2     1     1     1     1    85 1.500
4yokA01     2    60    40  1120     3     2     1     1     1    94 1.800
5m0yB01     2    60    40  1120     4     1     1     1     1    95 1.500
2yocA02     2    60    40  1130     1     1     4     1     1   114 2.880
2wanA01     2    60    40  1130     3     1     1     1     1    95 1.650
1dceA02     2    60    40  1130     4     1     1     1     1   103 2.000
3gldA02     2    60    40  1140     2     3     1     1     1   136 2.030
2xtlA02     2    60    40  1140     3     1     1     1     1    99 1.750
1d2oA01     2    60    40  1140     4     1     1     1     1   107 2.000
3l81A01     2    60    40  1170     2     1     1     1     1   140 1.600
4iknA02     2    60    40  1170     3     1     1     1     1   106 1.850
2pr9A02     2    60    40  1170     7     1     1     1     1   112 2.510
4fmvA01     2    60    40  1180     4     2     2     1     1   106 2.010
3qgvA02     2    60    40  1180     7     1     2     1     1    98 2.100
2taaA02     2    60    40  1180     8     1     1     2     1   101 3.000
4do4A02     2    60    40  1180     9     1     1     1     1    91 1.400
4jcmA02     2    60    40  1180    12     2     1     1     1    95 1.650
1sznA02     2    60    40  1180    14     1     1     1     1   102 1.540
3a21A02     2    60    40  1180    16     1     1     1     1    91 1.510
1bliA03     2    60    40  1180    17     1     2     2     1    87 1.900
2e4tA01     2    60    40  1180    18     1     1     1     1   121 0.960
3lppA04     2    60    40  1180    19     1     2     1     1    99 2.150
3mi6B03     2    60    40  1180    24     2     1     1     1   103 2.700
5h2tA03     2    60    40  1180    25     1     3     1     1    81 2.800
2eabB03     2    60    40  1180    27     1     1     1     1   122 1.120
3amkA03     2    60    40  1180    29     1     1     1     1   100 1.900
6ibkA02     2    60    40  1180    33     1     1     1     1    97 1.990
2ya0A03     2    60    40  1180    39     1     1     1     1   104 1.850
2d73A03     2    60    40  1180    43     1     1     1     1   113 1.600
2xvlA04     2    60    40  1180    45     2     1     1     1    79 2.300
5e6zA03     2    60    40  1180    49     1     1     1     1   106 1.880
1wzaA03     2    60    40  1180    54     1     1     1     1    79 1.600
3edfA03     2    60    40  1180    55     1     1     1     1    80 1.650
1r75A00     2    60    40  1180    60     1     1     1     1   110 1.860
3wy2A03     2    60    40  1180    61     1     1     1     1    73 1.470
2f2hA04     2    60    40  1180    66     1     1     1     1   109 1.950
2e8yA04     2    60    40  1180    69     1     1     1     1    90 2.110
2zxdA02     2    60    40  1180    70     1     1     1     1    91 2.150
5o82A01     2    60    40  1180    72     2     1     1     1   127 2.390
3weoA04     2    60    40  1180    77     1     1     1     1   127 1.450
3cc1A02     2    60    40  1180    78     1     1     1     1    84 2.000
1gcyA02     2    60    40  1180    80     1     1     2     1    56 1.600
3vsvA02     2    60    40  1180    81     1     1     1     1   128 1.480
1bf2A03     2    60    40  1180    82     1     1     1     1   114 2.000
3czgA04     2    60    40  1180    87     2     1     1     1    62 1.800
4gklA02     2    60    40  1180    90     1     1     1     1    88 2.400
2z1kA02     2    60    40  1180    91     1     1     1     1    85 2.300
3bvxA03     2    60    40  1180    93     1     1     1     1   147 1.100
3dc0A02     2    60    40  1180    98     1     2     1     1    78 2.780
1ht6A02     2    60    40  1180    99     1     1     1     1    57 1.500
4uzsA03     2    60    40  1180   101     1     1     1     1    62 1.740
4xb3A03     2    60    40  1180   102     1     1     1     1    72 2.090
1iv8A05     2    60    40  1180   104     1     1     1     1    66 1.900
1o7dC02     2    60    40  1180   105     1     1     1     1    89 2.700
1gjwA02     2    60    40  1180   111     1     1     1     1    68 2.100
3vmnA03     2    60    40  1180   112     1     1     1     1   142 1.600
5lfcA05     2    60    40  1180   116     2     1     1     1   134 3.200
2zutA04     2    60    40  1180   117     1     1     1     1    59 1.900
1kwgA03     2    60    40  1180   119     1     1     1     1    50 1.600
3ug3D01     2    60    40  1180   120     1     1     1     1   140 1.800
2zxqA03     2    60    40  1180   130     2     1     1     1   176 2.000
4aefA04     2    60    40  1180   132     1     1     1     1    62 2.340
4ba0A04     2    60    40  1180   134     1     1     1     1   149 1.850
3lrkA02     2    60    40  1180   136     1     1     1     1   147 1.950
2f2hA03     2    60    40  1180   137     1     1     1     1    48 1.950
4oifA03     2    60    40  1180   138     1     1     1     1    62 2.450
7vt9A02     2    60    40  1180   141     1     1     2     1    73 3.300
1lwjA03     2    60    40  1180   142     1     1     1     1    50 2.500
3bc9A01     2    60    40  1220     2     1     1     1     1    93 1.350
4cc4A02     2    60    40  1220     3     3     1     3     1    81 2.600
5icuA00     2    60    40  1220     4     1     1     1     1   102 1.460
3fawA01     2    60    40  1220     7     1     1     1     1    92 2.100
3zy7A00     2    60    40  1230     1     1     1     1     1   116 1.090
1kyfA01     2    60    40  1230     2     1     1     1     1   134 1.220
3mnmA00     2    60    40  1230     3     1     1     1     1   109 1.730
4leeA01     2    60    40  1280     3     1     1     2     1   161 3.000
4jdzB01     2    60    40  1280     6     1     1     2     1   151 2.100
3v10A01     2    60    40  1280     9     1     1     1     1   164 1.750
2vr3B01     2    60    40  1280    10     1     1     2     1   140 1.950
2z1pA01     2    60    40  1280    12     1     1     1     1   137 2.500
1r17A02     2    60    40  1290     1     3     1     1     1   158 1.860
4rmbB00     2    60    40  1290     3     1     2     1     1   155 1.700
3irpX02     2    60    40  1290     4     1     1     1     1   148 1.500
4q6kA01     2    60    40  1290     7     1     2     1     1   160 1.900
3bvxA05     2    60    40  1360     1     1     1     1     1    96 1.100
1o7dE00     2    60    40  1360     3     1     1     1     1   109 2.700
1u4eA00     2    60    40  1400     1     1     1     5     1   200 2.090
7swjA02     2    60    40  1400     3     1     1     1     1   123 999.000
5aodA02     2    60    40  1430     1     1     1     3     1   112 2.400
3fcsA02     2    60    40  1460     2     1     1     1     1   154 2.550
5es4A03     2    60    40  1460     3     1     1     2     1   156 3.300
6a6yA00     2    60    40  1490     1     3     1     1     1   152 2.490
6uqjA01     2    60    40  1500     1     1     1     1     1   144 1.710
2bs9A01     2    60    40  1500     2     2     1     1     1   136 2.200
3w81A01     2    60    40  1500     3     1     1     2     1   165 2.300
3fcsA03     2    60    40  1510     4     1     1     1     1   140 2.550
2vdrB02     2    60    40  1510     6     1     1     1     1   153 2.400
4jx0A01     2    60    40  1510     9     1     1     1     1   155 2.900
1yukB01     2    60    40  1510    10     1     1     1     1    78 1.800
1llaA02     2    60    40  1520     5     1     1     1     1   243 2.180
4nehA05     2    60    40  1530     2     1     1     1     1   178 2.750
1jv2A04     2    60    40  1530     5     1     1     1     1   188 3.100
2bcmC00     2    60    40  1570     2     1     1     1     1   137 1.480
4or1B00     2    60    40  1570     4     3     1     1     1   134 3.000
3wguB00     2    60    40  1660     2     1     1     1     1   303 2.800
1m2oA01     2    60    40  1670     2     2     1     1     1   157 2.500
1m2vB02     2    60    40  1670     4     1     1     2     1   164 2.750
6ce1A02     2    60    40  1700     1     3     1     1     1   143 2.800
3ciaA01     2    60    40  1730     1     3     1     1     1   184 2.700
6ea2A01     2    60    40  1730     2     1     1     2     1   187 1.350
4fyqA01     2    60    40  1730     5     1     2     1     1   220 1.900
5jouA01     2    60    40  1760     1     1     1     1     1   238 1.500
3lppA02     2    60    40  1760     5     2     1     1     1   237 2.150
2f2hA01     2    60    40  1760     7     1     1     1     1   245 1.950
3m46A01     2    60    40  1760     8     1     1     4     1   154 2.660
4amwA01     2    60    40  1760     9     1     1     1     1   318 1.900
4diw202     2    60    40  1830     1     1     1     3     1   104 1000.000
4qhpA04     2    60    40  1840     3     1     1     1     1    98 1.600
2o1aA00     2    60    40  1850     1     1     1     3     1   120 1.600
2k78A00     2    60    40  1850     2     1     1     2     1   126 999.000
3ovuB00     2    60    40  1850     6     2     1     1     1   144 2.830
5hp5A01     2    60    40  1860     3     2     1     1     1   126 3.200
4fytA03     2    60    40  1910     2     1     1     1     1    86 1.850
4kh9B02     2    60    40  1930     1     1     1     1     1   113 2.000
3hrzA02     2    60    40  1930     5     2     1     1     1    88 2.200
3hrzA01     2    60    40  1930     6     1     1     1     1   133 2.200
4d94A05     2    60    40  1930     9     1     1     2     1    96 2.700
5jtwA05     2    60    40  1930    14     1     1     1     1   121 3.500
5jtwA01     2    60    40  1930    17     1     1     1     1   139 3.500
2b39A03     2    60    40  1940     1     2     2     1     1   125 1000.000
6minA00     2    60    40  1970     1     1     1     3     1   139 1.900
6hq0A00     2    60    40  1970     2     1     1     1     1   139 1.810
5iqlA00     2    60    40  1970     5     2     1     1     1   130 2.100
5nqpB01     2    60    40  1980     2     2     1     2     1   138 2.860
3e9tB00     2    60    40  2030     3     1     1     1     1   113 1.600
3rb5A02     2    60    40  2030     4     1     1     1     1   125 2.350
2kltA00     2    60    40  2030     4     2     3     1     1   156 999.000
3f84A02     2    60    40  2040     1     2     2     4     1   153 2.350
2wn3A02     2    60    40  2080     2     1     1     1     1    99 1.590
3wmqA00     2    60    40  2080     3     1     1     1     1    94 1.600
5i0xB00     2    60    40  2480     1     2     1     2     1   158 1.500
3muuB01     2    60    40  3200     4     1     1     2     1   165 3.290
4xvoA01     2    60    40  3710     4     3     1     1     1    88 2.600
4kkpA01     2    60    40  3880     2     1     1     2     1   118 2.500
1ik3A01     2    60    60    20     1     1     2     1     1   146 2.000
2wxuA02     2    60    60    20     2     1     1     1     1   120 1.800
2pplA02     2    60    60    20     5     3     2     1     1   110 2.200
4nreA01     2    60    60    20     7     1     1     1     1   120 2.630
3cwzB03     2    60    60    20     8     1     1     1     1   121 3.200
6fjqA00     2    60    90    10     1     5     1     1     1   195 2.910
2qlkA00     2    60    90    10     3     3     1     1     1   183 2.020
2oj6D00     2    60    90    20     1     1     1     2     1   160 1.850
1uzgA01     2    60    98    10     2     3     4     1     1   136 3.500
1rerA01     2    60    98    10     3     1     2     2     1   126 3.200
2ahnA00     2    60   110    10     1     3     1     1     1   222 1.300
3gd0A01     2    60   110    10     3     1     1     1     1   250 1.620
3g7mA00     2    60   110    10     4     1     1     1     1   151 2.910
2y0oA00     2    60   120    10     3     1     1     1     1   169 1.230
1cx4A02     2    60   120    10     5     2     1     1     1   144 2.450
4hltA02     2    60   120    10     7     1     1     2     1   163 1.700
2fmyA01     2    60   120    10     9     1     2     2     1   136 2.200
6bvpA01     2    60   120    10    10     1     1     4     1   163 1.900
5onoA00     2    60   120    10    11     1     1     2     1   138 2.500
5wxuA02     2    60   120    10    12     1     1     1     1   162 1.700
2atfA00     2    60   120    10    15     1     1     9     1   183 1.750
1gqhC01     2    60   120    10    16     1     2     2     1   147 2.150
1lr5B00     2    60   120    10    20     1     1     1     1   159 1.900
1eybA02     2    60   120    10    21     1     2     1     1   133 1.900
5bpxA00     2    60   120    10    22     1     1     1     1   153 1.880
2paeA00     2    60   120    10    23     1     1     3     1   136 2.500
4avaA01     2    60   120    10    25     1     1     1     1   144 1.700
3ejkA00     2    60   120    10    27     1     1     1     1   155 1.950
2cv6A02     2    60   120    10    28     1     4     1     1   166 2.650
3sxwA00     2    60   120    10    40     1     3     1     1   188 1.800
3kgzA00     2    60   120    10    41     1     1     1     1   145 1.850
5zt5A02     2    60   120    10    43     1     1     5     1   182 1.900
1xruA02     2    60   120    10    45     1     1     1     1   148 1.940
1ipkB02     2    60   120    10    46     2     2     4     1   177 2.700
4rd7A00     2    60   120    10    50     2     1     1     1   114 1.570
6l9iA01     2    60   120    10    53     1     2     1     1   180 2.790
2qjvA01     2    60   120    10    54     1     1     1     1   143 1.900
3balA01     2    60   120    10    56     1     2     1     1   129 1.950
5i8tA00     2    60   120    10    59     1     1     1     1   179 1.750
4lloC00     2    60   120    10    62     1     1     1     1   168 2.000
1upiA00     2    60   120    10    68     4     1     1     1   199 1.700
4la2A00     2    60   120    10    69     1     1     1     1   190 1.600
2o8qA00     2    60   120    10    74     1     1     1     1   119 1.550
1gqgC02     2    60   120    10    78     1     1     1     1   189 1.700
4uxaA00     2    60   120    10    80     2     1     1     1   131 2.100
2bnmA02     2    60   120    10    86     1     1     1     1   120 1.700
2fqpA00     2    60   120    10    90     2     1     1     1    93 1.800
3mdpA00     2    60   120    10    91     1     1     1     1   128 1.900
1fi2A00     2    60   120    10    93     1     1     1     1   201 1.600
2gu9A01     2    60   120    10    96     1     1     1     1   103 1.400
2vecA02     2    60   120    10    98     1     1     1     1   123 1.850
3es4A00     2    60   120    10   100     1     1     1     1   112 1.640
3es1A02     2    60   120    10   104     1     1     1     1   124 1.910
1omiA01     2    60   120    10   107     1     2     1     1   105 2.800
2pytA00     2    60   120    10   108     1     1     1     1   122 1.900
5zbeA02     2    60   120    10   110     1     1     1     1   107 1.600
1yllC02     2    60   120    10   114     1     1     1     1   107 1.640
3m3iB01     2    60   120    10   117     1     1     1     1   175 2.350
7zvyA01     2    60   120    10   119     1     2     1     1   103 2.160
3kmhA00     2    60   120    10   125     1     1     1     1   215 1.580
6utsA01     2    60   120    10   126     1     1     2     1   105 3.090
3cjxA01     2    60   120    10   130     1     1     1     1   145 2.600
5e44A01     2    60   120    10   134     1     1     1     1   146 2.650
2wfpA01     2    60   120    10   140     1     1     1     1    98 1.670
3o14A00     2    60   120    10   143     1     1     1     1   217 1.700
3e6dB00     2    60   120    10   144     1     1     1     1   203 2.000
5dykA03     2    60   120    10   148     1     2     1     1   124 2.450
1yhfA01     2    60   120    10   157     1     1     1     1   105 2.000
3c3vA01     2    60   120    10   164     1     2     1     1   237 1.730
7lvzA01     2    60   120    10   168     1     2     1     1   224 1.890
2p17A00     2    60   120    10   172     1     1     1     1   241 1.520
1y9qA02     2    60   120    10   175     1     1     1     1    90 1.900
2xlgA00     2    60   120    10   176     1     1     1     1   229 1.800
3dl3E00     2    60   120    10   177     1     1     1     1   108 2.300
4h7lB00     2    60   120    10   178     1     1     1     1   115 2.450
5v00B01     2    60   120    10   184     1     1     1     1    82 1.800
2opkB01     2    60   120    10   190     1     1     1     1    92 2.100
1zx5A01     2    60   120    10   191     1     1     1     1   215 2.300
3ww3A00     2    60   120    10   194     1     1     1     1   240 1.900
2q1zB02     2    60   120    10   196     1     1     1     1    93 2.400
2i45D00     2    60   120    10   197     1     1     1     1    96 2.500
1zx5A02     2    60   120    10   198     1     1     1     1    81 2.300
2vpvA00     2    60   120    10   199     1     1     1     1    94 2.700
3fe5A00     2    60   120    10   200     1     2     1     1   280 2.510
1rc6A00     2    60   120    10   202     1     1     1     1   242 2.600
1h2kA01     2    60   120    10   203     1     1     2     1   289 2.150
2d40B00     2    60   120    10   205     1     1     1     1   278 2.410
1ywkC00     2    60   120    10   206     1     1     1     1   253 2.950
2qdrA01     2    60   120    10   207     1     1     1     1   273 2.600
2hjiA00     2    60   120    10   210     1     1     1     1   156 999.000
1d4m300     2    60   120    20     1     7     2     1     1   238 2.900
1zba200     2    60   120    20     5     1     2     1     1   207 2.000
1mqtA00     2    60   120    20     6     5     6     1     1   271 3.300
5cfcB00     2    60   120    20    10     2     1     1     1   232 2.500
1fod100     2    60   120    20    11     1     1     2     1   210 2.600
8hi2A01     2    60   120    20    12     2     1     1     1   165 3.200
8e8l201     2    60   120    20    13     2     3     2     1   250 3.130
1b35B00     2    60   120    20    17     1     1     1     1   255 2.400
5fmoS00     2    60   120    20    18     1     1     1     1   194 2.300
1tmf100     2    60   120    20    19     2     2     1     1   276 3.500
1b35A00     2    60   120    20    21     1     1     1     1   260 2.400
4bcuA00     2    60   120    20    23     1     1     1     1   188 2.290
4sbvC00     2    60   120    20    25     1     1     1     1   222 2.800
5ibvA01     2    60   120    20    27     1     1     1     1   176 2.150
1hx6A02     2    60   120    20    29     1     1     1     1   141 1.650
4ejrA00     2    60   120    20    30     1     1     1     1   163 2.000
5mjvB00     2    60   120    20    31     1     2     1     1   239 3.090
8b38A01     2    60   120    20    33     1     1     1     1   226 3.000
5j98B00     2    60   120    20    35     1     1     1     1   260 2.600
5mqcC00     2    60   120    20    41     2     1     1     1   260 3.400
1wcdJ01     2    60   120    20    43     1     1     3     1   281 3.000
4qpiC00     2    60   120    20    45     1     1     1     1   246 3.010
1ohfB02     2    60   120    20    52     1     2     1     1   293 2.800
6f2sH01     2    60   120    20    54     1     1     1     1   215 3.300
6jhsA00     2    60   120    20    55     1     1     1     1   260 3.050
6mrlD01     2    60   120    20    56     4     1     1     1   180 3.200
2y26A02     2    60   120    20    57     1     1     1     1   162 2.700
2tbvA00     2    60   120    20    60     1     1     1     1   287 2.900
5yl1A01     2    60   120    20    62     1     1     1     1   181 3.120
1e57B00     2    60   120    20    63     1     1     1     1   183 3.200
6rj0C00     2    60   120    20    67     1     2     1     1   181 3.700
1m06G00     2    60   120    20    68     1     1     1     1   187 3.500
1f8vC00     2    60   120    20    69     1     1     1     1   311 3.000
2y26A01     2    60   120    20    73     1     1     1     1   342 2.700
1pgw200     2    60   120    20    74     2     1     1     1   351 2.900
4fy1100     2    60   120    20    79     1     1     1     1   217 1000.000
4oulA00     2    60   120    40     2     1     2     2     1   132 1.950
2z5wA00     2    60   120    40     6     1     1     1     1   136 1.350
2r30A00     2    60   120    40    11     1     3     3     1   116 3.200
1xu1A00     2    60   120    40    12     1     1     1     1   137 1.900
2rjlA01     2    60   120    40    14     1     1     1     1   138 2.050
6a3vG00     2    60   120    40    20     1     1     4     1   150 3.390
1qhdA01     2    60   120   170     1     1     1     1     1   170 1.950
2btvC02     2    60   120   170     3     1     1     2     1   133 3.500
1uf2C02     2    60   120   170     4     1     1     1     1   157 3.500
1h4gA00     2    60   120   180     1     1     1     1     1   205 1.100
1ks5A00     2    60   120   180     5     3     3     1     1   223 2.100
3vhoA00     2    60   120   180    14     1     1     2     1   256 1.930
3lb9A00     2    60   120   180    15     1     1     1     1   182 3.000
5sv8A00     2    60   120   200     1     1     1     2     1   198 1.590
2a6xA00     2    60   120   200     4     2     1     2     1   218 1.550
3r05A04     2    60   120   200     5     1     1     2     1   183 2.950
5zqjB02     2    60   120   200     6     2     1     1     1   207 1.730
1dglA00     2    60   120   200    11     1     4     7     1   237 2.400
1uaiA00     2    60   120   200    12     1     1     1     1   223 1.200
5jowA02     2    60   120   200    13     1     1     1     1   200 1.600
4dqaA02     2    60   120   200    14     1     1     1     1   206 1.500
2oujA00     2    60   120   200    15     1     1     2     1   204 1.900
2jkbA01     2    60   120   200    16     1     1     1     1   192 1.540
3a4uA00     2    60   120   200    21     1     1     2     1   228 1.840
3zxkA02     2    60   120   200    25     1     1     1     1   216 1.440
1epwA03     2    60   120   200    27     3     1     2     1   233 1.900
3mepA00     2    60   120   200    28     2     1     1     1   177 2.300
1w0pA03     2    60   120   200    30     1     1     1     1   187 1.600
3pveA00     2    60   120   200    31     1     1     1     1   175 1.400
3zypA00     2    60   120   200    32     1     1     1     1   217 1.500
3d6eB00     2    60   120   200    36     1     5     1     1   186 2.400
1ikpA01     2    60   120   200    37     1     1     1     1   223 1.450
1avbA00     2    60   120   200    39     2     1     1     1   226 1.900
3m1hD00     2    60   120   200    41     1     1     1     1   176 1.560
1oq1B00     2    60   120   200    42     1     1     1     1   212 1.700
2zgsA00     2    60   120   200    44     1     2     4     1   159 1.900
1kqrA00     2    60   120   200    45     3     1     1     1   160 1.400
2uurA00     2    60   120   200    52     1     1     1     1   210 1.800
6pyaA00     2    60   120   200    56     1     1     2     1   175 1.710
3fbyA02     2    60   120   200    58     2     1     1     1   226 3.150
1ms5B02     2    60   120   200    59     1     1     2     1   252 2.000
1j1tA00     2    60   120   200    63     1     1     2     1   228 2.000
1ajoA00     2    60   120   200    69     1     1     1     1   212 2.070
3mw3A00     2    60   120   200    71     1     2     1     1   189 2.330
6k2yA01     2    60   120   200    73     3     1     1     1   131 1.570
2wjsA01     2    60   120   200    74     2     1     1     1   175 2.800
1h30A01     2    60   120   200    75     1     1     1     1   208 2.200
4gwmA02     2    60   120   200    81     1     1     1     1   164 1.850
7c8fA01     2    60   120   200    84     1     1     1     1   258 1.460
2zzjA00     2    60   120   200    85     1     1     1     1   238 1.800
2a5zA00     2    60   120   200    91     1     1     1     1   232 2.020
3flpA00     2    60   120   200    92     1     1     1     1   217 2.300
5ocrA00     2    60   120   200    97     2     1     1     1   278 1.660
1hlcA00     2    60   120   200   101     1     1     2     1   129 2.900
3wdvB00     2    60   120   200   103     3     1     2     1   297 1.940
3dgtA00     2    60   120   200   107     1     1     1     1   278 1.500
2uwaA00     2    60   120   200   108     2     1     1     1   274 1.800
6kcvA01     2    60   120   200   109     1     1     1     1   237 2.280
1upsB01     2    60   120   200   110     1     1     1     1   265 1.820
4cd9D00     2    60   120   200   112     2     1     1     1   254 1000.000
4agrB00     2    60   120   200   113     1     1     1     1   144 2.100
3ikwA01     2    60   120   200   114     1     1     1     1   303 1.300
7w12A01     2    60   120   200   115     1     1     2     1   313 2.250
8a7dC01     2    60   120   200   118     1     1     1     1   216 3.060
1jhnA01     2    60   120   200   120     1     1     1     1   232 2.900
2d44A01     2    60   120   200   121     1     1     3     1   320 2.300
4asmB00     2    60   120   200   123     2     1     1     1   357 1.500
4awdB00     2    60   120   200   124     1     1     1     1   292 2.400
4oq8A00     2    60   120   220     1     1     1     1     1   144 1.450
1stmA00     2    60   120   220     2     1     1     1     1   141 1.900
1za7A00     2    60   120   220     3     1     1     1     1   151 2.700
5wkwA02     2    60   120   230     1     1     1     1     1   151 1.790
1pgsA02     2    60   120   230     2     1     1     2     1   175 1.800
3pmsA01     2    60   120   230     3     1     1     1     1   135 1.570
4r4zD03     2    60   120   230     4     1     1     2     1   165 2.810
1accA02     2    60   120   240     1     1     1     7     1   191 2.100
2y6lA00     2    60   120   260     1     1     1     3     1   167 1.280
1pmhX00     2    60   120   260     3     1     1     1     1   181 1.060
1d7pM00     2    60   120   260     4     1     1     2     1   159 1.500
1tg7A04     2    60   120   260     5     2     2     1     1   170 1.900
5ifpA05     2    60   120   260     6     2     1     1     1   176 1.710
3wqbA02     2    60   120   260    10     1     1     1     1   166 1.410
3achA00     2    60   120   260    12     2     1     1     1   193 1.400
1nkgA03     2    60   120   260    13     1     1     1     1   172 1.500
5a57A04     2    60   120   260    15     1     1     1     1   163 1.460
4txwA00     2    60   120   260    16     1     1     1     1   159 1.400
1kgyA00     2    60   120   260    17     4     2     5     1   181 2.700
2zezC00     2    60   120   260    19     1     2     1     1   143 1.900
4qpwA00     2    60   120   260    21     1     1     1     1   142 1.140
1w0nA00     2    60   120   260    30     1     1     1     1   120 0.800
4pqqA00     2    60   120   260    31     1     1     1     1   156 1.550
4xurA00     2    60   120   260    32     1     1     1     1   161 1.670
3w5nA03     2    60   120   260    33     1     1     1     1   167 1.800
1j83A00     2    60   120   260    34     1     1     1     1   178 1.700
4lhsA01     2    60   120   260    35     1     1     1     1   146 1.400
4cu9A00     2    60   120   260    38     1     1     1     1   173 1.830
2okxA02     2    60   120   260    41     1     1     1     1   170 1.900
2vtfA02     2    60   120   260    42     1     1     1     1   177 1.790
3thdC02     2    60   120   260    45     2     1     1     1   188 1.790
1us2A01     2    60   120   260    48     1     1     2     1   143 1.850
4xuoA00     2    60   120   260    49     1     1     1     1   156 1.700
3wsoA02     2    60   120   260    52     2     2     1     1   186 2.600
6d4oA01     2    60   120   260    53     6     1     2     1   180 2.900
3seeA00     2    60   120   260    56     1     1     1     1   210 1.250
5a57A05     2    60   120   260    58     1     1     1     1   201 1.460
5t9gA01     2    60   120   260    64     6     1     1     1   152 2.400
2vzsA01     2    60   120   260    65     1     1     1     1   184 1.850
3iiiA03     2    60   120   260    66     1     1     1     1   179 1.950
3cqoA01     2    60   120   260    67     2     1     1     1   148 2.320
1uxzA00     2    60   120   260    71     1     1     1     1   131 1.400
1w99A02     2    60   120   260    72     1     1     1     1   191 1.750
7jnfA01     2    60   120   260    76     1     1     1     1   165 2.100
1tvgA00     2    60   120   260    86     1     1     1     1   136 1.600
2okxA03     2    60   120   260    90     1     1     1     1   190 1.900
4d8mA02     2    60   120   260    91     1     1     1     1   170 2.300
4uapA00     2    60   120   260    97     1     1     1     1   150 2.000
6a48A01     2    60   120   260   108     1     1     1     1   146 2.000
4cvuA01     2    60   120   260   110     1     1     1     1   199 1.900
1o59A01     2    60   120   260   112     1     1     1     1   174 2.400
4madA03     2    60   120   260   115     1     1     1     1   134 1.800
8hhvA01     2    60   120   260   121     1     1     1     1   122 1.600
4a4aA01     2    60   120   260   128     1     1     1     1   135 1.900
3cihA01     2    60   120   260   130     1     1     1     1   155 2.330
7ehgC01     2    60   120   260   137     1     1     1     1   129 1.950
3skvA01     2    60   120   260   143     1     1     1     1   154 2.490
1gu3A00     2    60   120   260   147     1     1     1     1   142 2.300
4zrxA02     2    60   120   260   149     1     1     1     1   105 1.590
7sf2D01     2    60   120   260   152     1     1     1     1   178 2.750
2waoA01     2    60   120   260   154     1     1     1     1   111 1.800
3decA01     2    60   120   260   157     1     2     1     1   215 2.800
1mpxA03     2    60   120   260   163     1     1     1     1   234 1.900
4p02B03     2    60   120   260   165     1     1     1     1   143 2.650
3cihA02     2    60   120   260   167     1     1     1     1   121 2.330
3zyjB02     2    60   120   260   168     2     1     1     1   240 3.250
7lyuA01     2    60   120   260   171     1     1     1     1   190 3.000
3zm8A01     2    60   120   260   174     1     1     1     1   127 2.850
8a3tA01     2    60   120   260   181     1     1     1     1   213 3.500
2ls6A00     2    60   120   260   187     1     1     1     1   164 999.000
2bgoA00     2    60   120   260   189     1     1     1     1   116 999.000
3demA03     2    60   120   290     1     1     2     1     1   114 2.300
6an3A01     2    60   120   310     1     1     1     2     1   154 2.050
1dcsA00     2    60   120   330     1     1     1     1     1   279 1.300
8ci9C01     2    60   120   330     2     1     1     1     1   293 1.410
1odmA00     2    60   120   330     4     1     1     1     1   329 1.150
7fh5A01     2    60   120   330     5     1     1     2     1   264 2.000
5jqyA02     2    60   120   330    12     1     1     2     1   196 1.990
7v4mB01     2    60   120   330    14     1     1     2     1   164 1.900
2csgA00     2    60   120   330    15     1     2     1     1   417 2.900
1e5rB01     2    60   120   330    18     1     1     1     1   175 2.300
1nlqE00     2    60   120   340     1     1     1     1     1    98 1.500
4ca9A00     2    60   120   340     4     1     1     1     1    98 999.000
5sv5A00     2    60   120   380     1     2     1     1     1   103 1.000
5fbzA02     2    60   120   380     3     1     2     1     1   117 1.900
5jouA02     2    60   120   380     7     1     1     1     1   142 1.500
4dzgA00     2    60   120   380     9     1     1     1     1   107 2.020
1qxpA03     2    60   120   380    11     1     2     1     1   141 2.800
4ce8A00     2    60   120   400     1     1     1     1     1   114 0.900
1jmuB04     2    60   120   420     1     1     1     1     1   207 2.800
1wcuA00     2    60   120   430     4     1     1     1     1   149 1.500
6r3mA01     2    60   120   430     6     1     1     1     1   168 1.450
1wmxB00     2    60   120   430     9     1     1     2     1   195 2.000
1hn0A01     2    60   120   430    11     1     1     1     1   184 1.900
4bq2D01     2    60   120   430    12     2     1     1     1   189 1.900
7zkpA01     2    60   120   430    14     1     1     1     1   184 3.200
2jwpA00     2    60   120   430    15     1     1     1     1   174 999.000
4azzA00     2    60   120   560     1     1     1     2     1   165 1.700
3sc7X02     2    60   120   560     4     1     1     1     1   157 1.500
3kf3A02     2    60   120   560     5     1     1     1     1   177 1.900
5xh8A02     2    60   120   560     6     1     2     1     1   178 2.100
4hxcA00     2    60   120   560    10     2     2     1     1   252 2.150
4ccdA03     2    60   120   560    12     1     1     1     1   200 1.970
3pijA02     2    60   120   560    13     1     1     1     1   149 1.800
2ac1A02     2    60   120   560    14     1     1     1     1   192 2.150
6j0tA02     2    60   120   560    18     1     1     1     1   177 2.800
4jqtA01     2    60   120   560    19     1     1     1     1   199 2.490
3khbB00     2    60   120   590     1     1     1    10     1   206 2.900
4nplA00     2    60   120   590     3     1     1     1     1   213 1.650
3h8rA00     2    60   120   590     5     1     1     3     1   204 1.770
7vjvA01     2    60   120   590     6     1     1     1     1   207 1.750
8h68A01     2    60   120   590     7     1     1     1     1   220 2.200
5ylbA01     2    60   120   590     8     1     1     1     1   176 1.790
4ie5A01     2    60   120   590     9     1     1     1     1   264 1.950
2hbtA00     2    60   120   620     3     2     2     1     1   224 1.600
4xcbD00     2    60   120   620     4     1     1     1     1   251 1.600
7eysB01     2    60   120   620     5     1     1     3     1   240 1.950
3kt7A01     2    60   120   620     7     1     1     1     1   245 1.770
3w20A00     2    60   120   620     8     1     1     1     1   244 1.770
7eehA01     2    60   120   620    12     1     1     1     1   249 2.000
7u6iA01     2    60   120   620    15     1     1     1     1   240 2.050
5dawA00     2    60   120   620    16     1     1     3     1   288 1.600
4nhxA02     2    60   120   620    20     1     1     1     1   235 2.110
2jigA01     2    60   120   620    21     2     1     1     1   206 1.850
3gjbA00     2    60   120   620    22     2     1     1     1   260 2.200
2opwA00     2    60   120   620    25     1     1     1     1   286 1.900
6fxrA01     2    60   120   620    28     1     1     1     1   209 2.100
2rg4A01     2    60   120   620    29     1     1     1     1   194 1.900
2a1xA00     2    60   120   620    30     1     1     1     1   253 2.500
4xaaA00     2    60   120   620    31     1     1     1     1   221 2.300
6lnhB01     2    60   120   620    32     1     1     1     1   221 2.340
3nnfA00     2    60   120   620    34     1     1     1     1   318 2.200
3dkqA01     2    60   120   620    35     1     1     1     1   177 2.260
2w2iC00     2    60   120   650     1     1     5     1     1   314 2.100
2ypdB01     2    60   120   650     3     2     1     3     1   325 2.100
2xxzA00     2    60   120   650     4     1     3     1     1   292 1.800
3k2oA01     2    60   120   650     9     1     1     1     1   286 1.750
3kv4A01     2    60   120   650    10     2     1     1     1   346 2.190
2xdvA01     2    60   120   650    14     1     1     2     1   199 2.570
3ideA02     2    60   120   660     2     1     1     1     1   143 3.350
5h4sA01     2    60   120   740     2     2     1     1     1    91 1.800
5c33A00     2    60   120   920     1     1     1     1     1   179 1.210
5jiaJ00     2    60   120   920     8     1     2     1     1   199 1.800
7qs5B01     2    60   120   920    11     1     2     1     1   161 1.650
7ccbA01     2    60   120   920    16     1     1     1     1   145 1.620
7qs4A01     2    60   120   920    17     1     1     1     1   179 2.250
2yyoA00     2    60   120   920    18     1     1     1     1   157 2.000
2fbeA00     2    60   120   920    20     1     1     1     1   185 2.520
2e63A00     2    60   120   920    24     1     1     1     1   170 999.000
3jciA00     2    60   120   950     2     1     2     1     1   190 2.900
3r4dB00     2    60   120   960     1     2     1     1     1   229 3.100
7u6rA01     2    60   120   960     3     1     1     1     1   268 2.500
6accA01     2    60   120   960     5     1     1     1     1   270 3.600
3ziwA02     2    60   120  1050     1     1     1     1     1   115 1.900
3cu7A10     2    60   120  1540     3     1     1     1     1   115 3.110
2xjpA01     2    60   120  1560     1     1     1     1     1   224 0.950
4cp2A00     2    60   120  1560     2     2     1     2     1   219 2.600
5wfiA01     2    60   120  1680     3     1     1     1     1   121 1.850
1ykkB00     2    60   130    10     1     1     1    12     1   237 2.060
1tmxB00     2    60   130    10     6     1     1     1     1   287 1.750
4iltC00     2    60   130    10     7     1     1     3     1   155 2.550
1sva400     2    60   175    10     5     1     1     1     1   331 3.100
1dzlA00     2    60   175    20     1     1     3     3     1   455 3.500
4r9pA00     2    60   200    10     1     1     1     1     1   210 1.590
1zoqA00     2    60   200    10     7     1     1     2     1   191 2.370
1dd1A00     2    60   200    10     8     1     1     1     1   221 2.620
2pieA01     2    60   200    20     1     1     1     1     1   126 1.350
3uotA00     2    60   200    20     2     1     2     1     1   116 1.800
5w7wT01     2    60   200    20     4     1     1     1     1   101 1.350
3kt9A00     2    60   200    20     7     2     1     1     1   102 1.650
2eh0A01     2    60   200    20     8     1     3     1     1   111 999.000
3po8A00     2    60   200    20     9     1     1     1     1    98 1.500
1wv3A02     2    60   200    20    10     1     1     1     1   106 1.750
4jonC00     2    60   200    20    15     1     1     1     1   118 2.150
4a0eA00     2    60   200    20    16     1     1     1     1   108 2.040
3elsA00     2    60   200    20    23     1     1     1     1   145 1.800
3i6uA01     2    60   200    20    24     1     1     2     1   120 3.000
5xzwA01     2    60   200    20    28     1     1     1     1   128 2.800
2jpeA00     2    60   200    20    35     1     1     1     1   132 999.000
1dmzA00     2    60   200    20    36     1     1     1     1   158 999.000
2q5fA02     2    60   200    30     1     1     1     2     1   134 1.900
2an1D02     2    60   200    30     3     1     1     1     1   135 2.000
1yt5A02     2    60   200    30     5     1     1     1     1   126 2.300
2p1rA02     2    60   200    40     1     1     2     1     1   145 2.500
3vzbB02     2    60   200    40     4     1     1     1     1   196 2.000
2f1zB01     2    60   210    10     1     1     3     1     1   152 3.200
3hqiA01     2    60   210    10     3     1     1     6     1   137 2.620
4gwmB03     2    60   210    10     4     1     1     1     1   164 1.850
4ca1B02     2    60   210    10     5     1     1     1     1   132 1.580
5e1tC00     2    60   210    10     6     3     1     1     1   186 2.800
1cb8A03     2    60   220    10     3     1     1     1     1   110 1.900
2wmfA03     2    60   220    10     4     1     1     1     1   126 1.500
1hn0A04     2    60   220    10     8     1     1     1     1   122 1.900
1f1sA03     2    60   220    10     9     1     1     1     1    82 2.100
3f59D00     2    60   220    30     1     1     1     1     1   154 2.000
3ud1A02     2    60   220    30     2     1     2     1     1   168 2.000
2kxsA00     2    60   220    30     5     1     1     1     1   146 999.000
3tj8A01     2    60   260    20     1     1     1     1     1    75 1.590
1gmuA02     2    60   260    20     2     1     1     1     1    71 1.500
2q2gB02     2    60   260    20     3     1     1     1     1    77 1.900
1nltA01     2    60   260    20     8     1     1     1     1    80 2.700
3lz8B02     2    60   260    20    13     1     1     1     1    89 2.900
6pqmA01     2    60   260    20    15     1     1     1     1    63 999.000
2jvmA01     2    60   260    40     2     1     2     1     1    53 999.000
2jz8A00     2    60   260    40     4     1     1     1     1    87 999.000
1gwyA00     2    60   270    20     1     1     2     1     1   175 1.710
4yldA00     2    60   270    20     2     1     1     6     1   141 1.700
3a3jA02     2    60   410    10     1     4     1     1     1    92 2.150
6gszA05     2    60   420    10     1     1     1     1     1    82 1.380
1h54A03     2    60   420    10     6     1     1     1     1    74 2.150
2qtsA02     2    60   470    10     1     1     1     1     1   178 1.900
3i5dA02     2    60   490    10     1     2     1     2     1   274 3.460
1zruC01     2    60   520    10     1     1     1     1     1   130 1.730
5tipA01     2    70     9    10     2     1     1     1     1   188 2.000
2gaiA03     2    70    20    10     2     1     1     1     1   123 1.700
1i7dA03     2    70    20    10     3     1     1     1     1   141 2.050
5uj1A03     2    70    20    10     4     1     1     1     1   171 2.150
4ao5B01     2    70    40    10     2     1     2     1     1   117 1.600
6mjkA00     2    70    40    10     3     1     1     1     1   144 1.450
2we2A01     2    70    40    10     8     1     1     2     1   147 1.500
2yzjA01     2    70    40    10    10     1     1     1     1   138 1.660
2hxdA00     2    70    40    10    14     1     1     2     1   199 2.300
2we1A02     2    70    40    10    17     1     1     3     1    98 1.800
1doaB00     2    70    50    30     2     1     2     2     1   200 2.600
1kshB00     2    70    50    40     1     1     1     3     1   141 1.800
5l7kG00     2    70    50    40     2     1     1     6     1   160 2.100
6if7A00     2    70    50    50     4     2     1     1     1   183 2.200
4eirA00     2    70    50    70     1     1     1     1     1   222 1.100
5o2wA00     2    70    50    70     3     2     1     2     1   247 2.000
4maiA00     2    70    50    70     8     1     1     1     1   187 1.400
3kysA00     2    70    50    80     2     1     3     4     1   207 2.800
4qp5A00     2    70    70    10     1     1     1     1     1   134 1.260
1gprA00     2    70    70    10     3     1     1     1     1   158 1.900
3csqA02     2    70    70    10     6     1     1     1     1   164 1.800
3it5G00     2    70    70    10    10     2     1     1     1   180 2.000
3tufB00     2    70    70    10    12     1     1     1     1   158 2.260
1f49A05     2    70    98    10     2     1     1     7     1   288 1000.000
2zxqA01     2    70    98    10     3     2     1     1     1   283 2.000
3nreA00     2    70    98    10     6     1     1     1     1   287 1.590
1jovA00     2    70    98    10    10     1     1     1     1   269 1.570
1f1sA01     2    70    98    10    11     2     1     1     1   275 2.100
3dcdA00     2    70    98    10    12     1     1     1     1   292 1.900
6f91A01     2    70    98    10    15     1     1     1     1   278 1.800
1nkgA01     2    70    98    10    16     1     1     1     1   251 1.500
1hn0A03     2    70    98    10    19     1     1     1     1   281 1.900
5e1qB01     2    70    98    10    21     1     1     1     1   275 1.940
1mmuA00     2    70    98    10    27     1     1     2     1   339 1.800
1ulvA01     2    70    98    10    28     2     1     1     1   272 2.420
1ygaA00     2    70    98    10    32     2     1     1     1   336 2.000
3k25A00     2    70    98    10    33     1     1     1     1   287 2.550
5swiD01     2    70    98    10    34     1     1     1     1   244 2.150
3obaA05     2    70    98    10    35     1     1     1     1   293 2.750
1k1yB02     2    70    98    10    36     1     1     1     1   252 2.400
3ty1A00     2    70    98    10    37     1     1     1     1   379 1.900
1txkA01     2    70    98    10    39     1     1     1     1   364 2.500
7wffb01     2    70    98    10    40     1     1     1     1   302 3.590
1a2vA03     2    70    98    20     2     1     1    53     1   438 2.400
6fopA01     2    70    98    30     2     1     1     1     1   226 1.400
3lvtA04     2    70    98    30     4     2     1     1     1   273 2.550
7dd9A02     2    70    98    30     5     2     1     1     1   257 2.400
1o7dD01     2    70    98    30     7     1     1     1     1   261 2.700
4k35A02     2    70    98    30     8     1     1     1     1   201 2.000
1v7wA01     2    70    98    40     1     2     1     1     1   302 1.600
1h54B01     2    70    98    40     3     1     1     1     1   269 2.150
6gh3A01     2    70    98    40     5     1     1     1     1   324 1.820
3wirA01     2    70    98    40     6     1     1     1     1   255 2.050
5nz7A01     2    70    98    40     7     1     1     1     1   333 2.300
6xuxA01     2    70    98    50     2     1     2     1     1   249 1.900
4ufcA01     2    70    98    50     3     2     1     1     1   334 2.810
2xn1A01     2    70    98    60     1     2     1     2     1   310 2.300
4ok4A02     2    70    98    70     3     1     1     1     1   361 1.700
3e7jA02     2    70    98    70     4     1     1     1     1   320 2.100
4mmhA02     2    70    98    70     5     2     1     1     1   277 2.200
1a39A00     2    70   100    10     2     1     1     7     1   401 2.200
3k41A00     2    70   130    10     4     1     1     2     1   145 1.900
1q25A02     2    70   130    10     7     1     1     1     1   156 1.800
2n1hA00     2    70   130    10    10     1     1     2     1    94 999.000
2v5oA05     2    70   130    10    14     1     1     1     1   140 2.910
1wpeA01     2    70   150    10     2     1     1    10     1   175 1000.000
2hc8A00     2    70   150    10     4     1     1     1     1   113 1.650
6xmpA01     2    70   150    10     5     1     1     2     1   133 3.500
4c4aA02     2    70   160    11     3     1     1     1     1   186 1.700
4m37A02     2    70   160    11     6     1     1     1     1   170 1.700
4c4aA04     2    70   160    11     7     1     1     1     1   161 1.700
1f3lA02     2    70   160    11     9     1     2     1     1   170 2.030
4gqbA03     2    70   160    11    11     1     1     1     1   171 2.060
1uw6B00     2    70   170    10     2     1     1     4     1   206 2.200
3igqC00     2    70   170    10     5     1     2     1     1   184 2.300
6dw1D00     2    70   170    10    12     1     1     1     1   208 3.100
1lkfA00     2    70   240    10     3     1     3     1     1   292 1.900
5f8sA00     2    80    10    50     2     1     2     1     1   149 1.080
4i4oA00     2    80    10    50     3     1     1     1     1   146 1.120
4izxA00     2    80    10    50     5     1     1     1     1   139 1.100
5bowA00     2    80    10    50     7     1     1     1     1   151 1.310
5mu9A01     2    80    10    50     8     1     1     1     1   153 1.300
3vwcA00     2    80    10    50     9     1     1     1     1   146 1.500
2y9wC00     2    80    10    50    10     1     1     2     1   136 2.300
1qxmA02     2    80    10    50    11     1     1     2     1   145 1.700
1ybiA01     2    80    10    50    12     1     2     1     1   143 1.500
2p39A00     2    80    10    50    14     1     1     1     1   142 1.500
3pubA02     2    80    10    50    17     1     1     3     1   161 1.910
1ijtA00     2    80    10    50    18     3     1     1     1   128 1.800
2vxtI00     2    80    10    50    21     1     1     1     1   156 1.490
5bxrA03     2    80    10    50    22     1     1     1     1   141 1.600
1vclA01     2    80    10    50    26     1     1     1     1   149 1.700
4x37A00     2    80    10    50    27     1     1     5     1   159 1.630
6sxtA02     2    80    10    50    30     1     1     1     1   162 1.470
4qkrA00     2    80    10    50    35     1     1     3     1   125 1.750
4jp0A01     2    80    10    50    37     1     1     1     1   142 1.800
7zoiA01     2    80    10    50    40     1     1     1     1   122 1.400
4gp3A03     2    80    10    50    41     1     1     2     1   122 2.250
1dqgA00     2    80    10    50    42     1     1     1     1   134 1.700
6i18A02     2    80    10    50    44     1     1     1     1   123 1.490
3wa1A01     2    80    10    50    47     1     1     1     1   160 1.750
1onkB01     2    80    10    50    48     1     2     1     1   139 2.100
3h6sE00     2    80    10    50    50     1     2     1     1   150 2.220
3bx1C00     2    80    10    50    51     1     2     1     1   181 1.850
6lf2B01     2    80    10    50    52     1     1     1     1   124 1.600
3h6qA00     2    80    10    50    54     1     1     1     1   168 1.640
2zqoA00     2    80    10    50    55     1     1     2     1   130 1.800
7kcgA01     2    80    10    50    56     1     1     1     1   133 1.870
1sr4C00     2    80    10    50    57     1     1     1     1   154 2.000
5uc6A00     2    80    10    50    59     1     1     1     1   151 2.100
3brdA02     2    80    10    50    62     1     3     1     1   158 2.210
4a7kA03     2    80    10    50    63     1     1     1     1   158 2.000
7t3uA02     2    80    10    50    66     1     2     1     1   147 3.700
3qr5A00     2    80    10    50    69     1     2     1     1   151 2.300
1oqlB02     2    80    10    50    72     1     7     1     1   124 3.000
3rmxA02     2    80    10    50    73     1     1     3     1   184 2.750
6f0oA02     2    80    10    50    75     1     1     1     1   183 1.600
1sr4A00     2    80    10    50    77     1     1     1     1   167 2.000
4l4hA02     2    80    10    50    78     1     1     1     1   167 2.000
1jlxA01     2    80    10    50    79     1     1     1     1   159 2.200
3s8kB00     2    80    10    50    80     1     1     1     1   182 1.700
2d7iA02     2    80    10    50    83     1     1     1     1   150 2.500
4zktB04     2    80    10    50    94     1     2     1     1   142 3.050
3n7lA02     2    80    10    50    95     1     1     1     1   188 2.000
3zx7A02     2    80    10    50    96     1     1     1     1   134 2.840
5g56A03     2    80    10    50    97     1     1     1     1   124 2.640
3e8lC00     2    80    10    50    99     1     1     1     1   176 2.480
3uj4A01     2    80    10    50   101     1     3     1     1   218 3.000
6p25A01     2    80    10    50   102     1     1     1     1   227 3.200
2yugA00     2    80    10    50   104     1     1     1     1   155 999.000
3mezD00     2    90    10    10     4     2     1     1     1   112 1.940
4le7A02     2    90    10    10     8     1     1     1     1    82 2.090
3ll2A00     2   100    10    30     1     1     1     1     1   123 0.970
3llzA00     2   100    10    30     2     1     2     1     1   133 1.550
5v6fA00     2   100    10    30     3     1     1     1     1   137 1.500
4ddnA00     2   100    10    30     5     2     1     1     1   154 1.900
5gvyA00     2   100    10    30     7     1     1     1     1   145 1.660
3aqgB00     2   100    10    30    11     2     1     1     1   138 2.750
1uliA02     2   102    10    10     1     2     4     1     1   127 2.200
1g8jB00     2   102    10    10     6     1     1     2     1   128 2.030
1vf5D02     2   102    10    10     8     1     4     2     1   130 3.000
4p1bH00     2   102    10    10     9     1     1     2     1   111 2.050
3d89A00     2   102    10    10    16     1     1     1     1   136 2.070
5cxmA00     2   102    10    10    18     1     1     1     1    99 1.700
7rh5M01     2   102    10    10    24     1     1     1     1   168 3.000
2jo6A00     2   102    10    10    26     2     1     1     1   110 999.000
3n99I01     2   102    30    10     1     1     1     4     1   151 2.380
3lp9A00     2   110    10    10     1     2     2     1     1   227 2.200
1hxnA00     2   110    10    10     3     1     1     1     1   210 1.800
1su3A02     2   110    10    10     5     1     1     1     1   197 2.200
4n1iA00     2   115    10    20     1     1     1     1     1   312 1.000
3cu9A00     2   115    10    20     2     1     1     1     1   314 1.060
3qc2B00     2   115    10    20     7     1     2     1     1   352 2.300
3sc7X01     2   115    10    20     8     1     1     1     1   336 1.500
3vsfC01     2   115    10    20     9     3     1     1     1   342 2.760
3zxjA01     2   115    10    20    14     1     1     3     1   309 1.850
2b4wA00     2   115    10    20    17     2     2     1     1   288 1.980
3ugfA01     2   115    10    20    18     1     1     1     1   332 1.700
4mlgG00     2   115    10    20    21     1     2     1     1   324 2.700
5aycA00     2   115    10    20    23     1     2     1     1   386 1.900
3k1uA00     2   115    10    20    24     1     1     1     1   307 1.550
4u6dA00     2   115    10    20    27     1     1     1     1   382 1.700
1oygA01     2   115    10    20    34     1     1     1     1   434 1.500
4kcaA02     2   115    10    20    35     1     1     1     1   393 1.900
3lf7A01     2   115    10    20    39     1     1     2     1   422 2.000
6nobA01     2   115    10    20    41     1     1     1     1   382 2.440
8aa0E01     2   115    10    20    43     1     1     2     1   306 3.200
1sil000     2   120    10    10     2     1     1     2     1   381 1000.000
1v0fA02     2   120    10    10     4     1     1     4     1   361 2.550
2w5nA00     2   120    10    10     5     2     1     2     1   365 1.850
4m4nA00     2   120    10    10     6     1     1     2     1   386 1.840
8axiA01     2   120    10    10     7     1     1     1     1   361 1.250
2jkbA02     2   120    10    10    10     1     1     2     1   371 1.540
1so7A00     2   120    10    10    13     1     1     1     1   361 1.490
1b9vA00     2   120    10    10    14     1     3     1     1   390 2.350
2vsmA00     2   120    10    10    16     1     1     1     1   413 1.800
5hx0A00     2   120    10    10    20     1     1     1     1   360 1.850
2w38A01     2   120    10    10    23     1     1     2     1   315 1.900
5mqrA01     2   120    10    10    24     1     1     1     1   389 2.200
1z4vA00     2   120    10    10    27     2     1     1     1   444 2.300
2rkcA00     2   120    10    10    28     1     1     1     1   399 2.700
1pjxA00     2   120    10    30     1     1     1     1     1   314 0.850
5gtqA00     2   120    10    30     2     1     1     1     1   307 1.130
2qe8A00     2   120    10    30     4     1     1     1     1   333 1.350
3amrA00     2   120    10    30     6     1     1     1     1   352 1.250
3dr2A00     2   120    10    30     8     1     1     1     1   299 1.670
3hrpA02     2   120    10    30     9     1     1     1     1   300 1.700
4hw6A02     2   120    10    30    11     1     1     1     1   319 1.700
2ismA00     2   120    10    30    12     2     1     1     1   327 1.900
1c5kA02     2   120    10    30    15     1     1     4     1   266 2.000
8djfA01     2   120    10    30    16     1     1     1     1   278 1.550
2fp8B00     2   120    10    30    17     2     1     1     1   303 2.300
1ijqA01     2   120    10    30    19     1     1     1     1   254 1.500
7x36A01     2   120    10    30    20     1     1     1     1   325 1.920
6jwfA01     2   120    10    30    23     1     1     1     1   388 1.300
3sreA00     2   120    10    30    24     1     1     1     1   329 1.990
1q7fB00     2   120    10    30    25     1     1     1     1   282 1.950
3fvzA00     2   120    10    30    29     1     1     1     1   329 2.350
1cruA00     2   120    10    30    31     1     1     1     1   448 1.500
3q6kA00     2   120    10    30    32     1     1     1     1   380 2.520
1iucA00     2   120    10    70     1     1     1     3     1   312 2.240
6htnA01     2   120    10    70     5     1     1     1     1   137 1.550
6gy5A00     2   120    10    80     1     1     1     1     1   285 1.090
2zwaA02     2   120    10    80     5     1     1     1     1   323 1.700
8gq6A01     2   120    10    80     9     1     1     1     1   297 3.960
2i0rA01     2   130    10    10     1     1     1     2     1   344 1.400
1u4cB00     2   130    10    10     2     1     1     3     1   328 2.350
4h5jB00     2   130    10    10     3     1     1     2     1   342 2.600
2cn3A01     2   130    10    10     7     6     1     1     1   317 1.950
3ijcA00     2   130    10    10     8     1     1     3     1   357 1.950
5hqgA00     2   130    10    10     9     2     1     1     1   324 2.000
3scyA00     2   130    10    10    12     1     1     1     1   352 1.500
1r5mA00     2   130    10    10    14     1     1     1     1   351 1.550
5h3uA01     2   130    10    10    15     1     2     2     1   328 2.500
4ozuA01     2   130    10    10    19     1     1     1     1   347 1.650
5cxbB00     2   130    10    10    23     2     1     1     1   352 2.100
3vgzC00     2   130    10    10    31     1     1     1     1   320 1.700
1jmxB00     2   130    10    10    33     1     1     1     1   339 1.900
6mgjA02     2   130    10    10    35     1     2     2     1   397 2.000
4i79A00     2   130    10    10    42     1     1     1     1   316 1.750
4hdjA00     2   130    10    10    43     1     1     1     1   355 1.850
3i2nA00     2   130    10    10    44     1     1     1     1   345 1.950
3c5mA00     2   130    10    10    45     1     2     1     1   369 2.600
4d0kA01     2   130    10    10    46     2     1     1     1   309 1.890
8eg0B01     2   130    10    10    47     1     1     2     1   350 3.530
1k32A02     2   130    10    10    50     1     1     1     1   350 2.000
3dsmA00     2   130    10    10    51     1     1     1     1   320 1.900
1nr0A01     2   130    10    10    53     1     1     1     1   298 1.700
3dwlH00     2   130    10    10    55     2     1     1     1   337 3.780
4zn4A00     2   130    10    10    57     1     1     2     1   409 1.940
2qc5A00     2   130    10    10    58     1     2     1     1   298 1.800
4cc9A00     2   130    10    10    59     1     1     2     1   307 2.470
6n8rA01     2   130    10    10    63     1     1     1     1   371 1.910
4nsxA01     2   130    10    10    64     1     1     1     1   328 2.100
2w18A00     2   130    10    10    66     1     1     1     1   306 1.900
1s4uX00     2   130    10    10    67     1     1     1     1   356 2.100
3nvnA00     2   130    10    10    71     1     2     1     1   383 2.260
8cukB01     2   130    10    10    72     1     1     1     1   332 2.220
5ic7A00     2   130    10    10    73     1     1     1     1   340 2.330
4pswB00     2   130    10    10    74     1     1     1     1   365 2.100
3ei3A02     2   130    10    10    75     1     1     1     1   336 2.300
5m8cB01     2   130    10    10    76     1     1     1     1   335 2.300
3b7fA00     2   130    10    10    77     1     1     1     1   358 2.200
4nsxA02     2   130    10    10    85     1     1     1     1   306 2.100
5cxbA02     2   130    10    10    86     1     1     1     1   375 2.100
6x05A01     2   130    10    10    87     1     1     1     1   377 2.100
4gq1A00     2   130    10    10    89     1     1     1     1   347 2.400
1fwxA01     2   130    10    10    91     2     1     1     1   467 1.600
7sulB01     2   130    10    10    92     1     1     1     1   331 2.400
4o9dA00     2   130    10    10    94     1     1     1     1   391 2.000
2b5nB00     2   130    10    10    96     1     1     2     1   321 2.800
3ei3B02     2   130    10    10    97     1     1     1     1   316 2.300
2b5lB01     2   130    10    10   100     1     1     8     1   382 2.850
1jofA00     2   130    10    10   101     1     1     1     1   355 2.500
1xksA00     2   130    10    10   104     1     1     1     1   374 2.350
3ottA01     2   130    10    10   106     1     1     1     1   299 2.300
4ci8A01     2   130    10    10   107     1     1     1     1   327 2.600
1xipA00     2   130    10    10   108     1     1     1     1   364 2.500
4j0xA00     2   130    10    10   109     1     1     1     1   365 2.500
1mdaH00     2   130    10    10   112     1     1     1     1   368 2.500
6jlqC00     2   130    10    10   113     1     1     3     1   401 3.100
5ov3B01     2   130    10    10   116     1     1     1     1   303 2.450
4ci8A02     2   130    10    10   119     1     1     1     1   313 2.600
6bm0A01     2   130    10    10   120     1     1     3     1   373 3.800
6fcvB00     2   130    10    10   127     1     1     1     1   365 2.920
8adlB01     2   130    10    10   128     1     1     1     1   318 2.950
3u4yA00     2   130    10    10   130     1     1     1     1   316 2.990
8hpoK01     2   130    10    10   132     1     1     1     1   406 2.600
1q47A00     2   130    10    10   137     2     1     1     1   484 2.800
6qk7A01     2   130    10    10   138     1     1     1     1   336 3.300
7apkF01     2   130    10    10   141     1     1     1     1   328 3.300
6vp6A03     2   130    10    10   148     1     1     1     1   326 3.470
1shyB01     2   130    10    10   149     1     1     4     1   450 3.220
6yleA01     2   130    10    10   155     1     1     1     1   392 3.300
8f5pE01     2   130    10    10   156     1     1     1     1   385 3.400
8hmcA01     2   130    10    10   157     1     1     1     1   316 3.600
1i2mB00     2   130    10    30     4     1     1     1     1   388 1.760
7a0kA01     2   130    10    30     8     1     1     1     1   266 2.700
2xzhA00     2   130    10   110     1     1     1     3     1   358 1000.000
1e5tA02     2   130    10   120     1     1     1     5     1   353 1.700
4bp8A02     2   130    10   120     4     2     1     1     1   339 2.400
1tyeA00     2   130    10   130     1     3     1     2     1   452 2.900
5e6sC01     2   130    10   130     2     1     1     1     1   400 2.150
3o4hA01     2   130    10   150     1     1     1     1     1   300 1.820
1flgA00     2   140    10    10     2     5     1     1     1   582 2.600
1e2rA02     2   140    10    20     1     1     1     3     1   432 1.590
1orvA01     2   140    10    30     1     1     2     1     1   470 1.800
7svlA02     2   140    10    30     3     1     1     2     1   537 2.460
4q1vA01     2   140    10    30     5     1     1     1     1   439 2.480
1kapP01     2   150    10    10     1     3     1     1     1   237 1.640
4usxA00     2   150    10    10     2     1     1     1     1   208 1.800
3s6lD00     2   150    10    10     6     1     1     1     1   158 2.300
3kwdA00     2   160    10    10     1     1     1     1     1   166 1.100
3srtA00     2   160    10    10     4     3     1     1     1   183 2.500
3vbiA01     2   160    10    10     7     1     1     1     1   171 1.800
3r5dA03     2   160    10    10    10     2     2     1     1   150 1.800
4ea9A02     2   160    10    10    11     1     1     1     1   110 0.900
2ggoA02     2   160    10    10    15     1     1     1     1   191 1.800
6mfkA00     2   160    10    10    16     1     2     1     1   210 1.650
5w5rA02     2   160    10    10    22     1     1     1     1   127 1.750
2wlgB00     2   160    10    10    27     1     1     1     1   209 1.900
2icyB02     2   160    10    10    31     1     1     1     1   110 1.640
7d73C02     2   160    10    10    35     1     1     1     1   168 3.000
3gvdA02     2   160    10    10    36     1     3     1     1   129 2.400
3c8vA02     2   160    10    10    40     1     1     1     1   229 2.280
4e79A02     2   160    10    10    41     1     1     1     1   210 2.660
5lw3A00     2   160    20    10     1     1     1     1     1   381 1.190
3eqnA02     2   160    20    10     2     2     1     1     1   362 1.700
3eqnA01     2   160    20    10     5     2     1     1     1   342 1.700
2vjiA02     2   160    20    10     6     1     1     4     1   433 1.380
1ogoX02     2   160    20    10     7     2     1     1     1   367 1.650
1ru4A00     2   160    20    10    11     1     1     1     1   400 1.600
6kqsA01     2   160    20    10    12     1     1     1     1   423 1.400
1qcxA00     2   160    20    10    13     1     1     1     1   359 1.700
3grhA00     2   160    20    10    14     2     1     1     1   397 1.700
4oj6C03     2   160    20    10    15     1     1     1     1   387 1.800
1bheA00     2   160    20    10    16     1     1     1     1   376 1.900
1ia5A00     2   160    20    10    18     3     2     1     1   339 2.000
2odlA00     2   160    20    10    19     1     1     1     1   368 1.920
2inuA00     2   160    20    10    20     1     1     1     1   395 1.800
1h80B00     2   160    20    10    23     1     1     1     1   430 1.600
7o79A01     2   160    20    10    24     1     1     1     1   395 1.930
7chuA01     2   160    20    10    25     1     1     1     1   360 2.010
1gq8A00     2   160    20    10    28     1     1     1     1   318 1.750
1o88A00     2   160    20    10    29     2     1     1     1   353 2.200
3zscA00     2   160    20    10    31     1     1     1     1   329 1.940
4nk6A00     2   160    20    10    33     1     1     1     1   407 2.100
1rwrA00     2   160    20    10    34     1     1     1     1   297 1.720
1rmgA00     2   160    20    10    36     1     1     1     1   422 2.000
2vbkA00     2   160    20    10    39     1     1     1     1   511 1.250
3zppA00     2   160    20    10    41     1     1     2     1   421 2.280
3vsvA01     2   160    20    10    44     1     1     1     1   510 1.480
2x3hA00     2   160    20    10    45     1     1     1     1   498 1.600
4z06A00     2   160    20    10    46     1     1     8     1   198 1.550
4u49B02     2   160    20    10    47     1     2     1     1   228 1.800
3gq8A01     2   160    20    10    49     1     1     1     1   464 2.000
5z9tA01     2   160    20    10    50     1     1     1     1   493 1.800
5gkdA02     2   160    20    10    52     1     1     1     1   285 2.190
4mxnB00     2   160    20    10    54     1     1     1     1   222 1.950
1clwA00     2   160    20    20     1     1     1     9     1   543 2.000
3h09B02     2   160    20    20     2     1     1     1     1   490 1.750
1dabA00     2   160    20    20     5     1     1     1     1   539 2.500
3ak5D02     2   160    20    20     6     1     1     1     1   691 2.200
4kh3A00     2   160    20    20     7     1     1     1     1   492 2.500
2w7zA00     2   160    20    80     2     1     1     1     1   200 1.600
2qyuA01     2   160    20    80     7     1     1     1     1   157 2.100
3du1X00     2   160    20    80     9     1     1     1     1   237 2.000
5jlvC00     2   160    20    80    10     1     1     1     1    97 2.000
2j8iA01     2   160    20    80    11     1     1     1     1   102 2.100
4wptA02     2   170     8    10     1     2     1     1     1   109 1.600
1j3bA02     2   170     8    10     2     3     1     1     1    77 2.000
3winD00     2   170    15    20     2     1     1     2     1   167 3.500
1zdeA00     2   170    16    10     2     1     2     1     1   160 1.950
2in8A00     2   170    16    10     5     1     1     3     1   139 1.700
1ef0B01     2   170    16    10    11     1     2     2     1   206 2.100
1am2A00     2   170    16    10    12     1     1     1     1   181 2.200
2cw8A01     2   170    16    10    13     1     1     1     1   167 2.500
2lcjA00     2   170    16    10    17     1     1     1     1   185 999.000
1c8dA00     2   170    30    10     2     2     1     3     1   548 3.000
1s58A00     2   170    30    10     4     1     1     2     1   523 3.500
1g9mG00     2   170    40    20     4     1     1     8     1   305 2.200
5xogC02     2   170   120    12     4     1     2     1     1   127 3.000
1i6vA02     2   170   120    12     5     1     2     2     1   122 3.300
6spbV02     2   170   120    20     2     1     1     1     1    94 2.820
4cu4A01     2   170   130    10     5     1     1     1     1   141 2.300
4rdrA01     2   170   130    10     6     1     1     1     1   122 2.470
3cslA01     2   170   130    10     8     1     1     1     1   128 2.700
2kznA00     2   170   150    20     4     4     1     2     1   147 999.000
5fqdB01     2   170   150    20     7     1     1     1     1   132 2.450
2rqaA00     2   170   150    30     3     2     1     3     1   137 999.000
1g9gA02     2   170   160    10     1     4     2     1     1   136 1.900
8bveA02     2   170   190    11     3     1     1     1     1    82 2.140
1fu1A01     2   170   210    10     1     1     1     3     1   117 2.700
2qm4A01     2   170   210    10     2     1     1     4     1   139 2.300
2y3wB00     2   170   210    20     1     1     1     2     1   166 1.980
4ckmB00     2   170   210    20     4     1     1     1     1   144 2.150
4gfcB00     2   170   210    20     5     1     1     1     1   151 2.850
2x1lB02     2   170   220    10     2     1     1     2     1    76 2.300
1rqgA02     2   170   220    10     3     1     1     1     1   154 2.900
1li1C00     2   170   240    10     1     1     1     2     1   224 1.900
1r6zA03     2   170   260    10     3     1     1     2     1   126 2.800
3o7xA00     2   170   260    10     4     2     1     2     1   116 2.920
3f9zB00     2   170   270    10     1     1     1     3     1   161 1.600
3dalA00     2   170   270    10     2     1     1     1     1   179 1.650
2f69A02     2   170   270    10     3     1     1     1     1   143 1.300
5ex0A01     2   170   270    10     5     1     1     5     1   139 2.700
4mi5A00     2   170   270    10     8     1     1     2     1   208 2.000
3rq4A02     2   170   270    10    10     1     1     1     1   142 1.800
2qpwA01     2   170   270    10    13     1     1     1     1   126 1.790
4ldgA00     2   170   270    10    15     1     1     1     1   216 2.310
5ecjB01     2   170   270    10    18     1     1     1     1   181 3.050
6p0rB00     2   170   270    10    21     1     1     1     1   230 2.400
1ml9A00     2   170   270    10    24     1     1     1     1   260 1.980
1lwfB01     3    10    10    10     2     1     3     2     1   126 2.800
6mihA02     3    10    10    10     3     1     1     1     1    85 1.600
1mhxA00     3    10    20    10     1     1     4     1     1    65 1.800
1zxhA00     3    10    20    10     2     2     1     1     1    56 999.000
1hezE00     3    10    20    10     5     1     1     3     1    61 2.700
2pw9D02     3    10    20    10     8     1     1     1     1    66 2.100
3u4eG00     3    10    20    10    15     1     2     1     1   108 2.190
1vwxS01     3    10    20    10    16     2     1     1     1    71 1000.000
1vx7U02     3    10    20    10    17     3     1     1     1    76 1000.000
1ibxB00     3    10    20    10    20     1     1     1     1    89 999.000
4i4m600     3    10    20    10    21     1     1     1     1    55 1000.000
1pfdA00     3    10    20    30     1     4     5     1     1    96 999.000
3zyvA01     3    10    20    30     8     1     4     1     1    88 2.550
1dgjA01     3    10    20    30    10     1     2     1     1    74 2.800
1ayfA00     3    10    20    30    11     1     1     2     1   103 1.850
5xmjB01     3    10    20    30    20     2     1     1     1   105 3.600
1l5pA00     3    10    20    30    21     1     1     1     1    93 2.200
5ffiE00     3    10    20    30    23     1     1     1     1   102 2.170
1tkeA01     3    10    20    30    24     1     1     1     1    64 1.460
4idiB00     3    10    20    30    26     1     1     1     1   115 1.900
2lekA00     3    10    20    30    29     2     1     1     1    73 999.000
1doiA00     3    10    20    30    34     1     1     1     1   128 1.900
2ekiA00     3    10    20    30    35     1     2     1     1    93 999.000
3hvzA00     3    10    20    30    38     1     1     1     1    63 2.200
1tygB00     3    10    20    30    42     1     1     1     1    65 3.150
2g1eA00     3    10    20    30    44     1     1     1     1    90 999.000
4s17A01     3    10    20    70     1     2     1     1     1    97 2.300
4is4A01     3    10    20    70     3     1     1     1     1   103 2.350
4hppA01     3    10    20    70     4     1     1     1     1   101 2.500
5ctrD02     3    10    20    90     5     1     3     2     1    82 3.010
5o2cA03     3    10    20    90     6     1     2     1     1    90 2.400
4icvA00     3    10    20    90    11     1     1     1     1    84 1.450
6d21A01     3    10    20    90    12     2     1     1     1    81 2.000
1h4rA01     3    10    20    90    13     2     1     1     1    78 1.800
4gn1A01     3    10    20    90    14     2     1     1     1    90 2.400
4mjsA00     3    10    20    90    16     2     1     1     1    88 2.500
4efoA00     3    10    20    90    21     1     1     1     1    89 1.770
3ixsI00     3    10    20    90    32     1     1     1     1    95 1.700
2v3sA00     3    10    20    90    36     1     1     1     1    96 1.700
2c5lC01     3    10    20    90    37     1     1     1     1    91 1.900
1l7yA00     3    10    20    90    42     1     4     2     1    94 999.000
2cu1A01     3    10    20    90    43     1     1     2     1    68 999.000
7ct1A01     3    10    20    90    47     1     1     1     1    85 1.950
5jh5C00     3    10    20    90    51     1     1     2     1    85 2.550
4gocA00     3    10    20    90    52     1     1     3     1    76 2.400
6oq3A01     3    10    20    90    53     1     1     2     1    99 1.850
2kc1A00     3    10    20    90    56     1     1     2     1    91 999.000
2aehA01     3    10    20    90    58     1     1     2     1    96 2.530
1lfdA00     3    10    20    90    59     1     1     1     1    87 2.100
1oeyL00     3    10    20    90    63     1     1     1     1    96 2.000
6hohD00     3    10    20    90    64     1     2     2     1   124 2.250
4chkG00     3    10    20    90    71     1     2     1     1    88 2.850
2v1yA00     3    10    20    90    74     1     1     1     1    88 2.400
5x0wF00     3    10    20    90    75     1     2     1     1    86 3.000
5aekB00     3    10    20    90    81     1     1     2     1    78 3.000
6jm4D00     3    10    20    90    84     1     2     1     1    84 3.200
4b6wA00     3    10    20    90    87     1     1     1     1    83 2.350
6ptsD01     3    10    20    90    90     1     1     2     1    73 999.000
1se9A00     3    10    20    90   104     2     1     1     1   101 999.000
4kikB02     3    10    20    90   105     1     1     1     1    86 2.830
5c6dA01     3    10    20    90   109     1     1     1     1   107 2.290
2bpsA00     3    10    20    90   111     1     1     1     1    81 2.700
2wxfA02     3    10    20    90   114     1     1     1     1   119 1.900
3kuzB00     3    10    20    90   118     1     1     1     1   109 2.300
3pvlA02     3    10    20    90   119     1     1     1     1    96 2.800
2ns5A00     3    10    20    90   121     1     1     2     1    85 999.000
4ic7E00     3    10    20    90   130     1     1     1     1   111 2.600
4m8mA02     3    10    20    90   144     1     1     1     1   119 3.310
3ec8A00     3    10    20    90   145     1     1     1     1   139 2.600
5dxtA01     3    10    20    90   149     1     1     1     1   190 2.250
2dzkA01     3    10    20    90   154     1     2     1     1    77 999.000
2c7hA00     3    10    20    90   158     1     1     1     1    86 999.000
2kzrA00     3    10    20    90   160     1     1     1     1    86 999.000
2mrpA00     3    10    20    90   161     1     2     1     1    79 999.000
2uwqA00     3    10    20    90   162     1     1     1     1    86 999.000
2kfkA00     3    10    20    90   163     1     1     2     1    78 999.000
1wgyA01     3    10    20    90   165     2     1     1     1    76 999.000
2kdbA00     3    10    20    90   166     2     1     1     1    77 999.000
2kmcA00     3    10    20    90   167     2     1     1     1   102 999.000
1j8cA00     3    10    20    90   174     2     1     1     1   103 999.000
2lwpA00     3    10    20    90   178     1     1     1     1    97 999.000
1pqsA00     3    10    20    90   180     1     1     2     1    77 999.000
2pjhA00     3    10    20    90   190     1     1     1     1    76 999.000
2kanA01     3    10    20    90   195     1     1     1     1    73 999.000
2dzmA01     3    10    20    90   199     1     1     1     1    72 999.000
2m4nA00     3    10    20    90   206     1     1     1     1   108 999.000
2kdiA00     3    10    20    90   208     1     1     1     1   114 999.000
1gjzA00     3    10    20    90   210     1     1     1     1    53 999.000
6klwF03     3    10    20   110     2     1     1     1     1   109 2.900
1ts5A01     3    10    20   120     2     1     1     7     1   123 3.100
1bxtA02     3    10    20   120     3     1     2     1     1   144 1.850
1ty0B01     3    10    20   120     5     1     1     1     1   132 1.750
2incC00     3    10    20   270     1     2     1     1     1    83 1.850
5efrA01     3    10    20   310     6     1     1     1     1    81 2.000
3mc8A03     3    10    20   310     8     2     1     1     1    95 2.590
4bzaA01     3    10    20   310    11     1     1     1     1    68 1.840
6izsA00     3    10    20   310    13     1     1     1     1    87 2.030
4ql0A01     3    10    20   310    15     1     1     1     1    77 2.500
6wilA02     3    10    20   310    17     1     1     1     1    84 2.400
5uayA01     3    10    20   310    18     1     1     1     1    82 2.500
5z2wA01     3    10    20   310    21     1     1     2     1    74 3.000
7nriA03     3    10    20   310    29     1     1     1     1    86 3.030
1vz8A02     3    10    20   340     2     2     1     2     1   111 2.750
4rf1A01     3    10    20   540     3     1     1     2     1    55 2.150
6tg9B02     3    10    20   600     2     4     1     1     1    84 3.240
6q9jB01     3    10    20   600     3     1     1     1     1    77 1.830
8b9zF01     3    10    20   600     5     1     2     1     1    86 3.280
7q5yG01     3    10    20   740     2     2     1     1     1   101 2.700
6vt2A02     3    10    20   890     3     1     1     1     1    62 1.520
2bw0A02     3    10    25    10     2     1     1     1     1   102 1.700
3eh8A01     3    10    28    10     3     2     1     2     1   119 2.700
1af5A00     3    10    28    10     4     1     1     6     1   126 3.000
3oorA01     3    10    28    10     5     1     1     2     1   120 2.500
1dq3A04     3    10    28    10     6     1     1     1     1   114 2.100
4un8G01     3    10    28    10    11     1     2     6     1    97 2.600
3c0wA02     3    10    28    10    12     1     1     1     1   103 2.200
7qssA01     3    10    28    10    19     1     1     1     1   188 1.560
5a0wG02     3    10    28    10    21     1     1     2     1    78 2.200
1ef0B02     3    10    28    10    25     1     1     1     1   188 2.100
3hyiA01     3    10    28    10    26     1     1     1     1   191 2.340
8dy9I01     3    10    28    10    28     1     1     1     1   206 3.120
3g4nA01     3    10    40    10     2     1     1     1     1    89 2.100
4uriA02     3    10    50    10     3     3     1     1     1    59 1.850
1edqA03     3    10    50    10     5     1     1     1     1    76 1.550
1w9pA02     3    10    50    10     7     2     1     1     1    63 1.700
1goiA02     3    10    50    10     8     1     1     1     1    90 1.450
3cz8A02     3    10    50    10    10     2     2     1     1    57 2.200
4w5uA02     3    10    50    10    11     2     1     1     1    61 2.770
4nzcA02     3    10    50    10    12     1     1     1     1    97 1.450
3bxwA03     3    10    50    10    14     1     1     1     1    55 2.700
3oa5A01     3    10    50    10    16     1     1     1     1   132 1.740
4tw8A02     3    10    50    40    10     1     1     2     1   116 3.000
2jzvA00     3    10    50    40    18     4     1     1     1   111 999.000
4nnrA00     3    10    50    40    22     1     1     2     1   102 1.980
4odkA00     3    10    50    40    26     1     1     1     1   153 1.400
7l75A01     3    10    50    40    29     2     1     1     1   101 3.150
3nrkA02     3    10    50    40    32     1     1     1     1   109 3.100
7zubC01     3    10    50    40    33     1     1     1     1   131 2.850
2kr7A01     3    10    50    40    40     1     1     1     1    94 999.000
2mf9A00     3    10    50    40    42     1     1     1     1   157 999.000
2ls8A00     3    10   100    10    10     3     2     1     1   142 999.000
5b1rA00     3    10   100    10    11     1     1     1     1   116 1.200
5ffsA00     3    10   100    10    22     1     2     1     1   141 1.800
3rs1A00     3    10   100    10    26     2     1     1     1   122 1.940
1h8uB00     3    10   100    10    31     1     1     1     1   116 1.800
1byfA00     3    10   100    10    32     1     1     1     1   123 2.000
1dy2A00     3    10   100    10    40     2     1     1     1   168 2.000
3fd4A00     3    10   100    10    41     1     1     1     1   140 2.400
3ncxA02     3    10   100    10    45     2     1     1     1    93 2.600
2pf5D00     3    10   100    10    47     1     1     1     1    96 1.900
4m1gA00     3    10   100    10    48     1     1     1     1    83 1.600
7jptA04     3    10   100    10    57     1     1     1     1   136 3.200
6wm6A01     3    10   105    10     3     1     1     1     1   228 1.420
2nooA02     3    10   105    10     8     1     1     2     1   226 1.650
7vevA01     3    10   105    10    13     1     1     1     1   248 1.500
5kztA03     3    10   105    10    17     1     1     1     1   219 1.850
4ze8A03     3    10   105    10    18     1     1     1     1   210 1.720
5icqA02     3    10   105    10    21     2     1     1     1   255 1.900
6epzA01     3    10   105    10    24     1     1     1     1   257 1.800
2b4lA02     3    10   105    10    31     1     1     1     1   157 2.000
4onlA00     3    10   110    10     5     1     1     1     1   140 1.350
3obqA00     3    10   110    10     6     1     1     1     1   141 1.400
2z6oA00     3    10   110    10    11     1     1     1     1   166 1.600
1zuoB00     3    10   110    10    14     1     1     1     1   140 1.800
1yf9A00     3    10   110    10    17     2     1     1     1   158 2.000
2nvuC01     3    10   110    10    20     2     1     2     1   155 2.800
2fo3A00     3    10   110    10    25     1     1     1     1   109 1.860
3zqsA01     3    10   110    10    29     1     1     1     1    88 2.000
4y1lC00     3    10   110    10    30     1     1     1     1   109 2.700
3cegA00     3    10   110    10    31     1     1     1     1   285 2.010
2yz0A00     3    10   110    10    33     1     1     1     1   138 999.000
6u1oA01     3    10   110    10    38     1     1     1     1   109 999.000
1cxyA00     3    10   120    10     6     1     1     1     1    81 1.650
4b8nB00     3    10   120    10     7     1     1     1     1    90 1.950
4qd8A00     3    10   129    10     4     2     1     1     1   139 1.620
1lo7A00     3    10   129    10     8     1     1     1     1   140 1.500
4b0iE00     3    10   129    10     9     1     4     2     1   167 2.030
5egjA00     3    10   129    10    11     2     1     4     1   167 2.400
1yocA00     3    10   129    10    12     1     1     1     1   145 1.700
2w3xB00     3    10   129    10    13     1     1     1     1   145 1.750
4rv2B00     3    10   129    10    14     1     2     1     1   141 2.700
5zy8C00     3    10   129    10    16     2     1     1     1   137 2.900
5cpgA00     3    10   129    10    17     2     1     1     1   155 1.690
3p3iA00     3    10   129    10    18     1     1     4     1   135 2.000
2c2iA00     3    10   129    10    21     1     1     1     1   147 1.800
4i83A00     3    10   129    10    23     5     1     1     1   144 2.600
3f5oA00     3    10   129    10    24     1     1     1     1   138 1.700
2bi0A02     3    10   129    10    28     1     1     1     1   147 1.900
4wnbA00     3    10   129    10    29     1     1     2     1   169 1.760
2pzhA00     3    10   129    10    32     1     1     1     1   134 1.700
4ae7A00     3    10   129    10    38     2     1     1     1   186 1.450
1c8uA01     3    10   129    10    45     1     1     1     1   156 1.900
3kh8B01     3    10   129    10    50     1     1     1     1   154 2.000
3lmbA01     3    10   129    10    54     1     1     1     1   152 2.100
2gf6A00     3    10   129    10    55     1     1     1     1   131 1.910
1njkA00     3    10   129    10    58     1     1     1     1   130 1.900
2hljA01     3    10   129    10    60     1     1     1     1   134 2.000
3kh8A02     3    10   129    10    63     1     1     1     1   133 2.000
3exzB00     3    10   129    10    64     1     1     1     1   146 2.300
3hduA00     3    10   129    10    79     1     1     1     1   143 2.500
2pimA00     3    10   129    10    85     1     1     1     1   127 2.200
3kg8A01     3    10   129    10    87     1     1     2     1   130 2.450
2gvhC01     3    10   129    10    89     2     1     1     1   133 2.500
2essA02     3    10   129    10    94     1     1     1     1    98 1.900
4a12A02     3    10   129    10    99     2     1     1     1   109 3.150
3wewA00     3    10   129    10   103     1     1     1     1   233 2.400
2ownA00     3    10   129    10   104     1     1     1     1   252 2.000
3omlA03     3    10   129    10   105     1     1     1     1   259 2.150
4hzoA00     3    10   129    10   106     1     1     3     1   301 1.760
2uvaG08     3    10   129    10   107     1     3     1     1   293 1000.000
4e3eA00     3    10   129    10   108     1     1     1     1   347 1.900
3kg9B00     3    10   129   110     2     1     1     3     1   279 1.700
5e1vB00     3    10   129   110     5     1     1     1     1   274 1.870
4u3vA00     3    10   129   110     6     1     1     1     1   242 1.730
5kbzB00     3    10   129   110     7     1     1     1     1   315 1.800
6fn6A01     3    10   129   110     9     2     1     1     1   242 2.700
4kc5C03     3    10   129   110    10     1     1     1     1   298 2.140
7wvzA03     3    10   129   110    12     1     1     1     1   270 3.380
4owzA00     3    10   130    10     4     2     2     2     1   134 1.470
2vq8A00     3    10   130    10     5     1     1     2     1   128 1.350
1oj1A00     3    10   130    10     6     3     1     2     1   104 2.100
3f1vA02     3    10   150    10     1     1     2     1     1   124 1.770
3pweA03     3    10   150    10     2     1     1     3     1   119 2.200
6ap4B01     3    10   150    10     3     3     1     1     1   125 2.950
5fveA02     3    10   150    10    14     1     1     1     1   123 2.070
6dlyA03     3    10   150    10    18     1     1     1     1   125 2.100
1sxjH01     3    10   150    10    22     1     1     1     1   122 2.850
3t0pA01     3    10   150    10    24     2     1     1     1   168 2.260
3l0xB01     3    10   150    10    29     1     1     1     1    74 3.000
4k89A01     3    10   170    10     3     1     1     2     1   152 1.390
2vqxA01     3    10   170    10     4     1     1     1     1   155 1.820
4k90A01     3    10   170    10     5     1     1     1     1   201 1.800
5vb0C00     3    10   180    10     1     2     3     1     1   143 2.690
6wfiA00     3    10   180    10     3     1     1     1     1   144 1.370
1f1xA01     3    10   180    10     5     1     3     1     1   135 1.600
4ghcA02     3    10   180    10     6     1     1     6     1   139 1.550
1u69D00     3    10   180    10    12     1     1     1     1   143 1.600
4gymB00     3    10   180    10    14     1     1     1     1   137 1.560
1kw3B01     3    10   180    10    15     1     1     1     1   132 1.450
2ei0A02     3    10   180    10    18     1     1     1     1   152 1.600
1zswA02     3    10   180    10    19     1     1     1     1   150 1.650
1ss4A00     3    10   180    10    22     1     1     1     1   143 1.840
3oajA01     3    10   180    10    25     1     1     1     1   166 1.400
2r5vA01     3    10   180    10    27     2     1     1     1   150 2.300
5cj3A00     3    10   180    10    28     3     1     1     1   126 1.650
4g6xA00     3    10   180    10    38     1     1     1     1   126 1.730
1bh5A00     3    10   180    10    39     1     1     2     1   177 2.200
1ecsA00     3    10   180    10    47     1     1     1     1   120 1.700
5c68A00     3    10   180    10    49     1     1     1     1   109 1.460
3l20A00     3    10   180    10    51     1     1     2     1   148 2.450
3p8aA01     3    10   180    10    52     1     1     1     1   156 1.950
5hmqD02     3    10   180    10    59     1     1     1     1   142 2.370
3vb0A01     3    10   180    10    60     1     1     1     1   129 2.100
1k4nA00     3    10   180    10    63     1     1     1     1   180 1.600
1tfzA01     3    10   180    10    69     1     1     1     1   176 1.800
2rk0A01     3    10   180    10    70     1     1     1     1   119 2.040
3r4qA01     3    10   180    10    75     1     1     1     1   132 2.510
3rheA00     3    10   180    10    77     1     1     1     1   109 2.050
3e0rB01     3    10   180    10    82     1     1     1     1   116 2.300
1cjxB02     3    10   180    10    94     1     1     1     1   202 2.400
1dmxA00     3    10   200    10     1     7     1     2     1   237 2.450
3b1bA01     3    10   200    10    11     1     1     1     1   306 1.880
5ce1A01     3    10   250    10     2     1     1     2     1   104 2.500
6k0oA00     3    10   250    10     3     1     3     1     1   104 1.990
2ja4A00     3    10   250    10     4     1     1     1     1   101 2.210
2xrcB03     3    10   250    10     6     1     1     1     1   106 2.690
1r4sA00     3    10   270    10     1     1     1    57     1   295 1.800
3d2oA00     3    10   270    10     4     1     1     3     1   244 2.040
1dm9A00     3    10   290    10     2     1     1     1     1   104 2.000
1h3eA03     3    10   290    10     6     1     2     1     1    76 2.900
3hp7A01     3    10   290    10     7     1     1     1     1    63 1.530
1vioA01     3    10   290    10    10     1     1     1     1    58 1.590
6g5iE01     3    10   290    10    13     2     1     2     1   116 3.500
5o5jD02     3    10   290    10    14     1     1     1     1    94 3.450
7bl5701     3    10   290    10    15     1     1     1     1    67 3.300
1p9kA00     3    10   290    10    17     1     1     1     1    79 999.000
6nyaA06     3    10   290    60     2     1     1     1     1    95 2.070
4jciB01     3    10   310    10     1     1     3     1     1   155 1.700
4jciB02     3    10   310    10     2     1     3     1     1   153 1.700
3ednA02     3    10   310    10     5     1     1     1     1   160 1.500
6d1vA02     3    10   310    10     6     1     2     1     1   137 1.810
1u0kA01     3    10   310    10     7     2     1     1     1   131 1.500
2pw0B02     3    10   310    10    10     1     1     1     1   137 1.570
2h9fA01     3    10   310    10    18     1     2     1     1   197 1.950
5h2gB01     3    10   310    10    19     1     1     1     1   145 2.000
6l4lA02     3    10   310    10    24     1     1     1     1   136 2.000
1ym5A01     3    10   310    10    26     1     1     1     1   136 2.050
6l4lA01     3    10   310    10    28     1     1     1     1   116 2.000
1i74A02     3    10   310    20     2     1     2     1     1   118 2.200
2qb7B02     3    10   310    20     3     1     1     1     1   140 1.600
3devA02     3    10   310    30     1     2     1     1     1   115 3.100
4ls9B02     3    10   310    30     2     1     2     1     1   120 2.200
6mtzA01     3    10   310    30     5     1     1     1     1   107 2.150
7e15A02     3    10   310    30     7     1     1     2     1   122 2.450
2nnaA01     3    10   320    10     1     4     3     2     1    80 2.100
1fv1B01     3    10   320    10     2     1     7     1     1    92 1.900
1k8iB01     3    10   320    10     4     1     2     1     1    91 3.100
4ko8A02     3    10   330    10     1     1     1     3     1    93 1.980
1wlfA02     3    10   330    10     3     1     1     1     1    80 2.050
1qcsA02     3    10   330    10     5     1     1     1     1   102 1.900
2m3xA01     3    10   330    10     7     1     1     1     1    82 999.000
1cz4A02     3    10   330    10     8     1     1     1     1    81 999.000
2yujA02     3    10   330    10     9     2     1     1     1    75 999.000
2mkxA00     3    10   350    10     2     3     1     1     1    51 999.000
4b8vA03     3    10   350    10     3     1     1     1     1    49 1.590
5c8qB02     3    10   350    10     5     1     1     1     1    46 1.900
1i2dA02     3    10   400    10     1     2     1     2     1   188 2.810
3s9xA00     3    10   400    10     2     1     1     1     1   156 1.350
5a5gA03     3    10   410    10     2     2     2     1     1    90 2.300
2hngA00     3    10   420    10     1     1     1     1     1   122 1.630
1qynD00     3    10   420    10     3     1     1     1     1   136 2.350
5gaeH01     3    10   430   100     5     1     1     1     1    78 3.330
7oodf01     3    10   430   100     6     1     1     1     1    76 3.400
1vq8X00     3    10   440    10     1     1     1     1     1    82 2.200
7nafd01     3    10   440    10     2     1     1     1     1    42 3.130
1vx7700     3    10   440    10     3     1     1     1     1    96 1000.000
1iv9A00     3    10   450    10     1     1     1     4     1    96 1.900
1stfI00     3    10   450    10     2     1     1     3     1    98 2.370
2bo9B01     3    10   450    10     3     1     1     1     1    97 1.600
4eycB00     3    10   450    10     4     1     1     1     1    99 1.900
3lh4A00     3    10   450    10     5     1     1     2     1   115 1.800
3gaxA00     3    10   450    10     7     1     1     1     1   107 1.700
2bk7D02     3    10   450    10    11     1     1     2     1   120 1000.000
3ul5D00     3    10   450    10    14     2     3     1     1    84 2.300
4ccvA00     3    10   450    10    16     1     1     1     1   115 1.930
6hpvA01     3    10   450    10    19     1     1     1     1    84 2.300
1ugiD00     3    10   450    20     1     1     1     1     1    82 1.550
4haaA00     3    10   450    30     2     1     3     1     1   109 1.900
1ch0A00     3    10   450    30     3     1     2     3     1   104 2.300
1mgrA00     3    10   450    30     4     1     3     1     1    97 1.700
1aqzA00     3    10   450    30     6     1     1     1     1   142 1.700
3sxxC01     3    10   450    40     2     1     1     1     1   102 1.270
3wa2X01     3    10   450    40     4     1     1     1     1    87 1.080
2ia7A00     3    10   450    40     6     1     1     1     1   109 1.440
6grrA03     3    10   450    40     9     1     1     1     1   106 1.700
2c10A01     3    10   450    40    11     2     1     1     1   109 2.500
1ksiA01     3    10   450    40    12     1     1     1     1    96 2.200
3loyA02     3    10   450    40    14     1     1     1     1   114 2.000
3nqzA02     3    10   450    40    17     1     1     1     1    84 2.050
3hi7B02     3    10   450    40    18     1     1     1     1   128 1.800
3pgbA03     3    10   450    40    19     1     1     1     1   116 2.450
2gu3A01     3    10   450    40    21     1     1     1     1    65 1.740
2gu3A02     3    10   450    40    22     1     1     1     1    63 1.740
1tu5A02     3    10   450    40    23     1     1     2     1   127 2.370
4hrzB00     3    10   450    40    24     1     1     3     1   123 1000.000
2k0mA00     3    10   450    40    25     1     1     1     1   104 999.000
1gs3A00     3    10   450    50     1     1     1    32     1   123 2.100
2f99C00     3    10   450    50     5     1     2     1     1   140 1.900
3ff0A01     3    10   450    50    11     1     2     1     1   139 1.900
2imjD01     3    10   450    50    13     1     1     1     1   140 1.500
3ef8A00     3    10   450    50    16     1     1     1     1   143 1.500
3gzbA00     3    10   450    50    17     1     1     1     1   146 1.440
3g0kA00     3    10   450    50    19     1     1     1     1   124 1.300
3stdA00     3    10   450    50    20     1     2     1     1   162 1.650
3g16B00     3    10   450    50    23     1     1     1     1   149 1.450
3rgaA02     3    10   450    50    26     2     1     1     1   148 1.590
3ejvA00     3    10   450    50    27     1     1     1     1   152 1.400
3hzpA00     3    10   450    50    34     1     1     1     1   123 1.400
5drvA00     3    10   450    50    43     1     2     1     1   131 2.750
3dm8A00     3    10   450    50    44     1     1     1     1   135 1.800
1gy7B00     3    10   450    50    50     3     1     1     1   122 1.600
2owpA00     3    10   450    50    53     2     1     1     1   125 2.000
3er7B00     3    10   450    50    54     1     1     1     1   119 1.500
3ebyA00     3    10   450    50    58     1     1     1     1   151 1.750
3e99A00     3    10   450    50    62     1     1     1     1   146 1.900
3k0zA00     3    10   450    50    63     1     1     1     1   146 1.910
3fljA00     3    10   450    50    65     1     1     1     1   134 2.000
3blzA00     3    10   450    50    68     1     1     1     1   123 1.750
4l8oA00     3    10   450    50    73     1     2     1     1   165 2.200
3f7sA00     3    10   450    50    75     1     1     1     1   134 2.110
3ecfA00     3    10   450    50    78     1     1     1     1   124 1.900
3b7cA00     3    10   450    50    79     1     1     1     1   115 1.700
5bkaE01     3    10   450    50    80     1     1     1     1   132 2.110
5ig5B00     3    10   450    50    83     2     2     1     1   138 3.000
7f13A01     3    10   450    50    84     1     1     1     1   144 2.150
5evhA00     3    10   450    50    86     1     1     1     1   118 1.850
3cu3A00     3    10   450    50    94     1     1     1     1   160 2.000
7c5yA02     3    10   450    50    95     1     2     1     1   153 2.200
5xbpC00     3    10   450    50    96     1     3     1     1   192 2.900
3hk4A00     3    10   450    50    97     1     1     1     1   114 1.960
3en8A01     3    10   450    50    98     1     1     1     1   109 1.850
3d9rB00     3    10   450    50    99     1     1     1     1   131 2.400
5xe7A02     3    10   450    50   101     1     1     1     1   118 2.160
4r1kB00     3    10   450    50   105     1     1     1     1   132 2.560
4hz9B00     3    10   450    50   108     1     1     1     1   123 2.400
1of5B00     3    10   450    50   114     1     1     1     1   128 2.800
1of5A00     3    10   450    50   116     1     1     1     1   154 2.800
3nv0A00     3    10   450    50   117     1     1     1     1   196 1.840
2gxfA00     3    10   450    50   119     1     1     1     1   114 3.100
2k54A00     3    10   450    50   121     1     1     1     1   123 999.000
4wfoA04     3    10   450    60     1     1     1     1     1   134 1.140
3v98A03     3    10   450    60     3     1     1     1     1   116 2.070
1t3bA01     3    10   450    70     3     1     1     1     1    48 2.500
4a18C00     3    10   450    80     2     2     1     1     1   103 1000.000
1vqqA01     3    10   450   100     1     1     1     1     1   109 1.800
4meiA00     3    10   450   230     2     1     2     2     1   136 2.850
4o3vA00     3    10   450   230     3     1     1     1     1   138 1.950
3q1cA01     3    10   450   460     1     1     1     1     1   102 1.600
3eb8B01     3    10   450   460     2     1     1     1     1    61 2.400
2o18A00     3    10   520    10     2     2     1     5     1   297 2.200
2o34A00     3    10   520    10     3     1     1     1     1   241 1.950
1vrmA01     3    10   520    10     4     1     1     1     1   205 1.580
7xffF01     3    10   560    10     3     1     1     2     1    87 2.300
8dfkB01     3    10   560    10     5     1     1     1     1    57 3.200
3pc3A03     3    10   580    10     4     1     1     1     1   144 1.550
1yavB00     3    10   580    10     7     2     1     1     1   135 2.100
2nycA00     3    10   580    10    18     1     1     1     1   130 1.900
3fv6A00     3    10   580    10    21     1     1     1     1   145 1.950
3k2vA00     3    10   580    10    22     2     1     1     1   123 1.950
2rihA00     3    10   580    10    25     1     1     1     1   131 2.100
4nocD00     3    10   580    10    27     1     1     1     1   138 2.300
3lhhA01     3    10   580    10    42     1     1     1     1   101 2.100
6xwlE02     3    10   580    10    48     1     1     1     1   137 3.200
2qrdE01     3    10   580    10    49     2     1     1     1   180 2.410
6n7eD01     3    10   580    10    50     1     1     2     1   168 3.500
3orgA02     3    10   580    10    52     1     1     1     1   126 3.500
2d4zB00     3    10   580    10    54     1     2     1     1   171 3.100
7ahhC02     3    10   580    10    55     1     1     1     1   105 3.500
5zuuC01     3    10   590    10     1     2     1     1     1   158 1.950
1zceA00     3    10   590    10     3     2     1     1     1   139 1.300
5dnoA00     3    10   590    10     7     1     1     1     1   165 1.800
3tw6C02     3    10   600    10     1     1     1     2     1    84 2.400
5b66B02     3    10   680    10     1     1     1     1     1   173 1.850
4ce5A02     3    20    10    10     2     1     4     1     1   179 1.630
2hg8A02     3    20    10    10     5     1     1     2     1   173 1.800
3lulA02     3    20    10    10    10     1     1     2     1   153 1.780
2zgiD02     3    20    10    10    16     1     1     1     1   146 1.930
3qqmA02     3    20    10    10    21     1     1     1     1   132 2.300
1fuiA03     3    20    14    10     1     1     3     1     1   251 2.500
1at3A00     3    20    16    10     3     1     2     1     1   217 2.500
3h5jA00     3    20    19    10     1     1     1     1     1   168 1.200
2b3yA05     3    20    19    10     4     1     1     1     1   235 1.850
1v7lA01     3    20    19    10     5     2     1     1     1   157 1.980
3wqcA02     3    20    20    10     2     1     1     1     1   223 1.500
1w8gA00     3    20    20    10     5     1     1     2     1   226 2.000
3co8A02     3    20    20    10    14     1     1     1     1   208 1.700
3mt1B02     3    20    20    10    17     2     1     1     1   205 2.500
3kw3A02     3    20    20    10    26     1     1     1     1   211 2.040
2o0tA02     3    20    20    10    28     2     1     1     1   260 2.330
3nzpB02     3    20    20    10    34     2     1     1     1   260 3.000
4g9pA01     3    20    20    20     2     1     1     5     1   287 1.550
1ad1A00     3    20    20    20     7     5     1     3     1   264 2.200
2yclA01     3    20    20    20    11     1     1     2     1   314 1.950
3k13A00     3    20    20    20    12     1     1     1     1   278 2.000
4djdD01     3    20    20    20    13     2     1     1     1   309 2.380
1f07A00     3    20    20    30     2     2     1     1     1   321 2.000
1lucB00     3    20    20    30     5     1     1     1     1   320 1.500
4us5D00     3    20    20    30    10     1     1     2     1   325 1.800
7olfA01     3    20    20    30    11     1     2     1     1   338 3.400
1tvlA00     3    20    20    30    13     2     1     2     1   390 2.100
1nfpA00     3    20    20    30    19     1     1     1     1   228 1.600
2b81C00     3    20    20    30    20     1     1     1     1   310 2.500
1gz1A00     3    20    20    40     1     1     1     4     1   362 1.900
3rptA00     3    20    20    40     3     1     2     1     1   253 1.300
2vwsA00     3    20    20    60     2     1     1     1     1   256 1.390
3bjfA02     3    20    20    60     4     1     1     3     1   240 2.030
1s2uB00     3    20    20    60     6     2     1     2     1   289 2.000
1o66A00     3    20    20    60     7     3     1     1     1   234 1.750
3oyzA01     3    20    20    60    10     1     1     1     1   268 1.950
2hroA03     3    20    20    60    16     3     2     1     1   340 2.500
1u5vA00     3    20    20    60    18     1     1     5     1   223 1.850
2qiwA01     3    20    20    60    19     1     1     1     1   231 1.800
3r4iA01     3    20    20    60    22     1     1     1     1   255 2.240
2olsA04     3    20    20    60    27     1     1     1     1   312 2.400
1dquA01     3    20    20    60    32     1     3     1     1   404 2.800
1o5xA00     3    20    20    70     1     4     1     1     1   246 1.100
1a5aA00     3    20    20    70     5     1     1     4     1   255 1.900
1gqnA00     3    20    20    70     7     1     2     2     1   252 1.780
1jqxA01     3    20    20    70     9     2     1     2     1   267 1.700
3rf9B02     3    20    20    70    11     2     1     2     1   286 2.200
4u28A00     3    20    20    70    14     1     3     1     1   233 1.330
1sznA01     3    20    20    70    21     3     1     1     1   315 1.540
4ah7A00     3    20    20    70    23     2     1    16     1   292 2.300
2lleA00     3    20    20    70    25     1     3     2     1   234 999.000
3lm7A00     3    20    20    70    28     1     2     1     1   243 1.900
4eivA00     3    20    20    70    29     1     1     1     1   256 1.370
2nv1A00     3    20    20    70    33     1     4     2     1   259 2.080
1rqbA01     3    20    20    70    35     2     1     3     1   268 1.900
4ur7A00     3    20    20    70    36     1     1     3     1   303 1.500
6gvdA02     3    20    20    70    37     1     1     1     1   325 1.220
2xn1A02     3    20    20    70    38     2     1     2     1   323 2.300
3c6cA00     3    20    20    70    39     1     1     1     1   285 1.720
1g7vA00     3    20    20    70    40     2     5     1     1   284 2.400
1i2nA00     3    20    20    70    43     1     1     6     1   316 2.050
2g95B02     3    20    20    70    44     1     2     1     1   253 1.900
3lhuA00     3    20    20    70    45     1     1    52     1   218 1.600
2yx0A00     3    20    20    70    47     2     1     1     1   324 2.210
1z41A00     3    20    20    70    50     1     1     1     1   327 1.300
1aw5A00     3    20    20    70    51     4     1     2     1   321 2.300
6xigA01     3    20    20    70    52     1     1     1     1   303 1.590
3r89A00     3    20    20    70    54     1     1     1     1   280 1.840
1vliA01     3    20    20    70    56     2     1     1     1   285 2.380
2agkA00     3    20    20    70    57     1     1     1     1   233 1.300
1dosA00     3    20    20    70    61     2     1     2     1   358 1.670
3r5eA00     3    20    20    70    64     2     1     1     1   360 2.100
1gteB05     3    20    20    70    70     1     1     1     1   306 1.650
1u83A00     3    20    20    70    75     2     1     1     1   223 2.200
4m7tA00     3    20    20    70    78     1     1     1     1   246 1.560
2hmcA00     3    20    20    70    79     1     2     1     1   304 1.900
3dz1A00     3    20    20    70    80     1     1     1     1   291 1.870
1fcqA00     3    20    20    70    82     1     1     1     1   314 1.600
1xbzB00     3    20    20    70    83     1     1     4     1   216 1.800
4ml9A00     3    20    20    70    84     1     1     1     1   269 1.840
5z9yB00     3    20    20    70    93     1     1     1     1   234 1.480
2d73A02     3    20    20    70    95     1     1     1     1   320 1.600
6aj5A00     3    20    20    70    98     4     1     1     1   359 3.500
3dxiA00     3    20    20    70   102     1     1     1     1   286 2.040
2cw6D00     3    20    20    70   103     1     1     1     1   282 2.100
2nliB00     3    20    20    70   105     1     1     1     1   326 1.590
2a5hA02     3    20    20    70   106     1     1     1     1   279 2.100
3q58A00     3    20    20    70   110     1     2     1     1   224 1.800
2qezE03     3    20    20    70   112     1     1     1     1   282 2.150
3f4nC00     3    20    20    70   115     2     2     1     1   244 2.400
3tqkA00     3    20    20    70   117     4     1     1     1   335 2.300
1p0kA00     3    20    20    70   120     1     1     1     1   306 1.900
6bfgA00     3    20    20    70   121     1     2     1     1   373 2.200
3bw2A00     3    20    20    70   123     2     1     1     1   347 2.100
2aamC00     3    20    20    70   124     1     1     1     1   281 2.200
3hpxA01     3    20    20    70   128     1     1     1     1   298 2.030
2qr6A02     3    20    20    70   129     1     1     1     1   343 1.500
1jcmP00     3    20    20    70   131     1     1     2     1   259 2.100
2fiqA01     3    20    20    70   133     1     1     1     1   281 2.250
3bleA00     3    20    20    70   145     1     1     1     1   307 2.000
3s6dA00     3    20    20    70   148     1     1     1     1   270 2.200
1euaA00     3    20    20    70   150     1     1     2     1   213 1.950
1dbtA00     3    20    20    70   153     5     1     1     1   237 2.400
1fbaA00     3    20    20    70   154     1     2     1     1   360 1.900
7exfA01     3    20    20    70   155     1     1     2     1   313 2.170
6y1xB01     3    20    20    70   156     1     1     1     1   245 1.950
4mozD00     3    20    20    70   163     1     1     1     1   307 2.150
2iqtA00     3    20    20    70   167     1     1     1     1   281 2.460
5zolA00     3    20    20    70   169     1     1     3     1   222 2.170
3cu2A00     3    20    20    70   171     1     1     1     1   232 1.910
3fokA00     3    20    20    70   176     1     1     1     1   282 2.500
5v1qB01     3    20    20    70   178     1     1     1     1   286 2.500
1bwkA00     3    20    20    70   180     1     1     8     1   399 2.300
4k36B00     3    20    20    70   185     1     1     1     1   364 1.620
5ikyA01     3    20    20    70   191     2     1     1     1   337 2.500
1vcvA00     3    20    20    70   194     1     1     1     1   226 2.000
3c8fA00     3    20    20    70   197     1     1     1     1   245 2.250
2p10C01     3    20    20    70   199     1     1     1     1   235 2.150
1ea0A02     3    20    20    70   200     2     1     1     1   358 3.000
2qjgA00     3    20    20    70   201     1     1     1     1   272 2.600
1to3A00     3    20    20    70   202     1     1     1     1   280 2.700
2fb2B00     3    20    20    70   204     1     1     2     1   326 2.250
4njhA00     3    20    20    70   207     1     1     1     1   209 1.900
1ak5A00     3    20    20    70   208     1     1     4     1   329 2.300
7tbvB02     3    20    20    70   209     1     1     1     1   240 2.300
2b7oA01     3    20    20    70   217     1     1     1     1   330 2.300
6u5uG04     3    20    20    70   220     1     1     1     1   289 2.800
6ia6A01     3    20    20    70   221     1     1     1     1   265 2.700
1dl3B00     3    20    20    70   224     1     1     2     1   194 2.700
1x7fA01     3    20    20    70   225     1     1     1     1   228 2.300
4r33A00     3    20    20    70   228     1     1     1     1   384 1.780
7fevA01     3    20    20    70   233     1     1     1     1   409 1.590
1hg3A00     3    20    20    70   236     2     2     1     1   224 2.700
4ccdA02     3    20    20    70   238     1     1     1     1   176 1.970
3nl6B01     3    20    20    70   243     1     1     1     1   223 2.610
3ceuA00     3    20    20    70   246     1     1     1     1   193 2.300
4wfsA01     3    20    20    70   247     1     1     1     1   222 2.680
2i1oA02     3    20    20    70   250     1     1     1     1   190 2.400
3pajA02     3    20    20    70   251     3     1     1     1   147 2.000
4dnhA01     3    20    20    70   253     1     1     1     1   372 2.500
1r30A00     3    20    20    70   259     1     1     1     1   312 3.400
1b3oB00     3    20    20    70   260     1     2     4     1   414 2.900
1ea0B03     3    20    20    70   262     2     1     1     1   405 3.000
3tw6B03     3    20    20    70   269     1     1     1     1   526 2.400
5m17A00     3    20    20    80     2     1     1     1     1   349 1.030
2c0hA00     3    20    20    80     3     2     1     1     1   353 1.600
2osxA02     3    20    20    80     5     1     1     1     1   350 1.100
2ddxA00     3    20    20    80     6     1     1     1     1   324 0.860
3og2A01     3    20    20    80     9     1     1     1     1   357 1.200
3vm7A01     3    20    20    80    10     4     1     1     1   372 2.250
3m07A02     3    20    20    80    11     2     1     1     1   380 1.400
2e4tA02     3    20    20    80    12     1     1     1     1   388 0.960
1qw9A02     3    20    20    80    13     1     1     1     1   364 1.200
2wmfA01     3    20    20    80    15     2     1     1     1   339 1.500
1bvnP01     3    20    20    80    18     1     2    14     1   403 2.500
1b30A00     3    20    20    80    20     1     4     4     1   301 2.250
3n12A00     3    20    20    80    23     1     1     1     1   332 1.200
5i78A00     3    20    20    80    27     2     2     1     1   305 1.580
2whlA00     3    20    20    80    28     2     1     1     1   294 1.400
1edgA00     3    20    20    80    30     2     1     1     1   380 1.600
5ihsA00     3    20    20    80    34     2     1     1     1   306 1.100
4aweA00     3    20    20    80    36     2     1     1     1   381 1.400
3vnyA02     3    20    20    80    40     1     1     2     1   325 1.500
2gduA01     3    20    20    80    43     1     1     6     1   350 2.100
7pulA01     3    20    20    80    44     1     1     1     1   340 1.400
3wdqA00     3    20    20    80    45     1     1     1     1   329 1.300
4p7oB00     3    20    20    80    48     1     1     1     1   346 1.480
3lppA03     3    20    20    80    49     2     2     1     1   350 2.150
1ghsA00     3    20    20    80    50     5     1     1     1   306 2.300
3wn6A01     3    20    20    80    51     1     3     1     1   346 2.160
1odzA00     3    20    20    80    52     1     1     1     1   379 1.400
6tr4A01     3    20    20    80    53     1     1     1     1   339 1.450
4aw7A02     3    20    20    80    54     1     1     1     1   325 1.330
2wvsA01     3    20    20    80    61     1     1     6     1   333 2.190
3ucqA02     3    20    20    80    66     3     1     1     1   400 1.970
4jkmA03     3    20    20    80    70     4     1     1     1   324 2.260
1gqiA02     3    20    20    80    74     2     1     1     1   320 1.480
5jawA01     3    20    20    80    76     1     1     1     1   372 1.600
8d89A01     3    20    20    80    78     1     1     1     1   373 1.600
1jndA01     3    20    20    80    79     1     1     1     1   306 1.300
3ke0A01     3    20    20    80    84     1     1     2     1   381 2.700
6mp7A01     3    20    20    80    87     2     1     1     1   334 1.750
2w61A01     3    20    20    80    88     1     1     2     1   318 1.620
3vmnA02     3    20    20    80    91     1     1     1     1   380 1.600
7o0eA01     3    20    20    80    92     2     1     1     1   356 1.850
4lyqA00     3    20    20    80    94     1     1     2     1   414 2.000
5ac4A02     3    20    20    80    95     1     2     2     1   321 2.080
4tufA00     3    20    20    80    96     3     1     1     1   346 2.700
7dfqA02     3    20    20    80   101     1     1     1     1   319 1.510
2vtfA01     3    20    20    80   102     1     1     1     1   348 1.790
5ylhA00     3    20    20    80   103     2     1     2     1   309 2.290
5la2B01     3    20    20    80   106     1     1     2     1   304 1.650
5e6zA02     3    20    20    80   107     1     1     1     1   358 1.880
5cgmA03     3    20    20    80   108     1     2     1     1   367 1.950
1uokA01     3    20    20    80   110     5     2     1     1   410 2.000
6jqfA01     3    20    20    80   112     1     1     1     1   356 1.900
8dgeA01     3    20    20    80   115     1     1     1     1   360 1.890
1ud2A01     3    20    20    80   119     2     6     1     1   291 2.130
1h4pA00     3    20    20    80   120     2     1     1     1   408 1.750
7wdtA03     3    20    20    80   123     1     1     1     1   388 1.650
2citA00     3    20    20    80   129     1     1     2     1   274 1.400
4dwsA02     3    20    20    80   130     2     1     1     1   407 1.800
3gycA00     3    20    20    80   131     1     1     1     1   371 1.850
1fobA00     3    20    20    80   134     1     1     1     1   334 1.800
2vztA03     3    20    20    80   135     1     1     3     1   339 2.200
2dskA00     3    20    20    80   136     1     1     1     1   300 1.500
5z3kB01     3    20    20    80   138     1     1     1     1   331 1.800
7lnpA01     3    20    20    80   139     1     1     2     1   352 2.700
2zxqA02     3    20    20    80   140     1     2     1     1   296 2.000
3dhuA01     3    20    20    80   147     1     1     1     1   347 2.000
1yq2A03     3    20    20    80   148     2     2     1     1   297 1.900
1cecA00     3    20    20    80   150     1     1     2     1   331 2.150
4a4aA03     3    20    20    80   151     1     1     1     1   331 1.900
6i9qA01     3    20    20    80   153     1     2     1     1   318 2.100
4ac1X01     3    20    20    80   157     1     1     1     1   264 1.300
7wj9A01     3    20    20    80   158     1     1     1     1   312 1.750
2zuvA01     3    20    20    80   164     1     1     1     1   320 1.850
5ndxA02     3    20    20    80   165     2     1     1     1   343 2.200
1b1yA00     3    20    20    80   166     1     1     3     1   500 2.500
1w91A02     3    20    20    80   168     1     2     1     1   345 2.200
4cvuA03     3    20    20    80   171     1     1     1     1   390 1.900
4h41B00     3    20    20    80   175     1     1     1     1   309 1.800
8j53A01     3    20    20    80   177     2     1     1     1   314 3.500
6jowA01     3    20    20    80   181     1     1     1     1   412 1.750
4n0rA02     3    20    20    80   183     1     1     1     1   303 1.800
1bagA01     3    20    20    80   188     1     1     2     1   347 2.500
4b15A00     3    20    20    80   189     1     1     1     1   266 1.490
4s3jB02     3    20    20    80   195     1     1     1     1   272 1.600
1sfsA00     3    20    20    80   197     1     1     1     1   213 1.070
1narA00     3    20    20    80   199     1     1     1     1   289 1.800
3hjeA01     3    20    20    80   202     1     2     1     1   295 1.900
2wzhA02     3    20    20    80   204     1     1     3     1   282 2.200
8balC01     3    20    20    80   205     1     1     2     1   319 2.270
6ierA00     3    20    20    80   213     2     1     1     1   402 2.250
3clwA02     3    20    20    80   216     1     1     1     1   391 2.200
3thdA01     3    20    20    80   218     1     1     1     1   277 1.790
8b73B01     3    20    20    80   220     1     1     1     1   324 2.240
3zr5A02     3    20    20    80   227     1     1     1     1   304 2.100
5e9aA01     3    20    20    80   229     3     1     1     1   398 2.560
6en3A01     3    20    20    80   231     2     1     1     1   333 2.900
4pmoA00     3    20    20    80   233     1     1     1     1   211 1.330
4bzyA01     3    20    20    80   237     1     2     1     1   422 2.750
3gm8A03     3    20    20    80   239     1     1     1     1   320 2.400
6b6lA03     3    20    20    80   240     2     1     1     1   250 2.000
1c3fA00     3    20    20    80   243     1     1     4     1   265 2.100
3fndA01     3    20    20    80   248     1     1     1     1   261 1.900
4ccdA01     3    20    20    80   252     1     1     1     1   264 1.970
4ttuA03     3    20    20    80   253     1     1     3     1   247 2.180
2x8rB00     3    20    20    80   255     2     1     1     1   210 1.700
5f7cA02     3    20    20    80   257     1     1     1     1   315 2.600
1c7sA03     3    20    20    80   258     1     1     1     1   484 1.800
5euvA02     3    20    20    80   259     1     1     1     1   292 2.400
4qfuE01     3    20    20    80   267     1     1     1     1   232 1.900
1eswA00     3    20    20    80   268     1     1     2     1   500 1.900
4ff5A00     3    20    20    80   269     1     1     1     1   227 1.860
5navA00     3    20    20    80   270     2     1     1     1   461 2.300
1bf2A02     3    20    20    80   273     1     1     1     1   474 2.000
1h09A01     3    20    20    80   278     1     1     2     1   187 2.100
6m4fG01     3    20    20    80   279     1     1     3     1   536 2.200
7sf2A03     3    20    20    80   280     1     1     1     1   293 2.750
2fhfA04     3    20    20    80   281     1     1     2     1   580 1.650
3bxwA02     3    20    20    80   284     1     1     1     1   272 2.700
4bq2D02     3    20    20    80   285     1     1     1     1   533 1.900
1gjwA01     3    20    20    80   287     1     1     1     1   568 2.100
1az1A00     3    20    20   100     1     1     1    18     1   314 1.800
2clpI00     3    20    20   100     5     1     4     1     1   322 3.000
6gtmA01     3    20    20   100    13     1     2     2     1   267 3.300
6ovqA00     3    20    20   100    14     1     1     1     1   302 1.800
1efzA00     3    20    20   105     1     1     1    20     1   372 2.000
7ui4A01     3    20    20   105     4     1     1     1     1   272 2.510
1rbaA02     3    20    20   110     4     1     1     2     1   295 2.600
3qfwB02     3    20    20   110     8     1     1     1     1   250 1.790
1kczA02     3    20    20   120     8     2     2     2     1   233 1.900
3nxlA02     3    20    20   120    18     1     3     1     1   253 1.890
2pmqA02     3    20    20   120    22     1     2     2     1   228 1.720
2oz3A02     3    20    20   120    25     1     4     1     1   229 2.000
2oktA02     3    20    20   120    27     1     1     1     1   206 1.300
3s5sA02     3    20    20   120    35     3     1     1     1   247 2.400
1oepA02     3    20    20   120    42     3     1     2     1   295 2.300
2oztA02     3    20    20   120    44     1     1     1     1   202 1.420
2nqlA02     3    20    20   120    49     1     1     1     1   220 1.800
3cawA02     3    20    20   120    50     1     1     1     1   225 1.870
4a35A02     3    20    20   120    56     2     1     1     1   307 1.740
4jhmA02     3    20    20   120    65     1     1     1     1   248 2.800
6sj3B01     3    20    20   140     2     1     1     1     1   322 1.170
4l6dA00     3    20    20   140     3     2     1     1     1   335 1.450
1r9zA02     3    20    20   140     4     1     1     2     1   308 1.320
1j79A00     3    20    20   140     7     1     1     5     1   342 1.700
3ls9A02     3    20    20   140     8     1     1     1     1   324 1.400
5nnlA00     3    20    20   140     9     2     1     1     1   337 2.130
3mduA02     3    20    20   140    13     1     1     1     1   342 1.400
1kcxA02     3    20    20   140    21     1     4     1     1   373 2.120
1rjqA02     3    20    20   140    22     1     1     3     1   297 1.800
2qpxA00     3    20    20   140    25     1     1     1     1   367 1.400
3lu2A00     3    20    20   140    26     1     1     2     1   302 2.200
1a5kC02     3    20    20   140    27     1     2    24     1   381 2.200
3e2vB00     3    20    20   140    30     1     1     1     1   362 1.500
2gwnA02     3    20    20   140    32     1     1     1     1   330 1.850
1p1mA02     3    20    20   140    39     1     1     1     1   281 1.500
4gc3A00     3    20    20   140    40     1     1     1     1   263 1.320
1bf6A00     3    20    20   140    43     1     1     1     1   291 1.700
2puzA02     3    20    20   140    45     1     1     1     1   299 1.830
2pgfA00     3    20    20   140    46     1     1     1     1   350 1.890
4do7A00     3    20    20   140    47     1     1     1     1   284 1.700
3b0xA05     3    20    20   140    48     1     1     1     1   249 1.360
4dziB00     3    20    20   140    50     1     1     1     1   382 1.600
1onwA02     3    20    20   140    56     1     1     2     1   265 1.650
4i6vA01     3    20    20   140    57     1     1     1     1   336 2.140
3ighX02     3    20    20   140    60     1     1     1     1   294 1.950
3iv8A02     3    20    20   140    65     2     2     1     1   287 2.530
3qy7A00     3    20    20   140    67     1     1     1     1   247 1.620
2ragA00     3    20    20   140    68     1     1     1     1   369 2.000
4ub9A02     3    20    20   140    69     1     1     1     1   345 2.270
1j6oA00     3    20    20   140    70     1     1     1     1   259 1.800
3cjpA00     3    20    20   140    73     1     1     1     1   262 1.850
3ooqA02     3    20    20   140    75     1     1     1     1   281 2.060
2oodA02     3    20    20   140    77     2     1     1     1   318 2.620
2vunA02     3    20    20   140    80     1     1     1     1   258 1.890
3rysB00     3    20    20   140    81     1     1     1     1   327 2.600
3feqC02     3    20    20   140    82     1     2     1     1   301 2.630
3dcpA00     3    20    20   140    84     1     1     1     1   269 2.100
2f6kA00     3    20    20   140    89     1     1     1     1   300 2.500
7rtyA01     3    20    20   140    90     1     1     1     1   241 1.960
2q01A01     3    20    20   140    91     1     1     1     1   377 2.340
2ffiA00     3    20    20   140    92     2     1     1     1   268 2.610
2ogjA02     3    20    20   140    93     2     1     1     1   256 2.620
1v77A00     3    20    20   140    95     1     1     1     1   202 1.800
2yb1A01     3    20    20   140    96     1     1     1     1   211 1.900
3nqbA02     3    20    20   140    97     1     1     1     1   239 2.210
3f2bA02     3    20    20   140   101     1     1     1     1   251 2.390
7c79I01     3    20    20   140   106     1     1     1     1   239 2.500
5zb8A01     3    20    20   140   107     1     1     1     1   238 2.500
2anuA00     3    20    20   140   109     1     1     1     1   220 2.400
3lgdA00     3    20    20   140   110     1     1     1     1   482 2.000
3guwA00     3    20    20   140   111     1     1     1     1   227 3.200
2a3lA01     3    20    20   140   114     1     1     1     1   525 3.340
1ximA00     3    20    20   150     1     1     6     1     1   392 2.200
1qtwA00     3    20    20   150     5     1     1     1     1   285 1.020
1d8wC00     3    20    20   150     7     1     1     1     1   393 1.600
2qw5A00     3    20    20   150     8     1     1     1     1   324 1.780
3itlD00     3    20    20   150     9     1     1     3     1   419 1.700
2j6vA00     3    20    20   150    10     2     1     1     1   277 1.550
2qulA00     3    20    20   150    13     1     1     2     1   290 1.790
4k3zA00     3    20    20   150    15     1     1     1     1   310 1.950
3obeB00     3    20    20   150    18     1     1     1     1   280 1.700
3cnyA00     3    20    20   150    19     1     1     1     1   294 1.850
2g0wB00     3    20    20   150    20     1     1     1     1   278 1.700
1a0cA00     3    20    20   150    21     2     2     1     1   437 2.500
1tz9A00     3    20    20   150    26     2     1     1     1   334 2.900
1k77A00     3    20    20   150    27     1     1     1     1   256 1.630
2zdsB00     3    20    20   150    29     1     1     1     1   318 2.300
4kw2A00     3    20    20   150    31     2     1     1     1   235 2.320
3tvaA00     3    20    20   150    34     1     1     1     1   279 2.150
3ayvD00     3    20    20   150    35     1     1     1     1   244 1.850
6ki3A01     3    20    20   150    36     1     1     1     1   295 2.350
3dx5A00     3    20    20   150    37     1     1     1     1   267 2.120
7dz9A01     3    20    20   150    39     1     1     1     1   258 2.200
7exbA01     3    20    20   150    40     1     1     1     1   279 2.400
4ovxA00     3    20    20   150    42     1     1     1     1   262 2.250
4eacC01     3    20    20   150    43     1     1     1     1   263 2.300
3bwwA01     3    20    20   150    44     1     1     1     1   246 2.200
2q02A00     3    20    20   150    45     1     1     1     1   267 2.400
1yx1B01     3    20    20   150    47     1     1     1     1   161 1.800
3ua3B01     3    20    20   150    48     1     1     2     1   277 3.000
3i10A00     3    20    20   190     1     1     1     1     1   273 1.350
3mz2A00     3    20    20   190     2     1     1     1     1   274 1.550
1xx1A00     3    20    20   190     3     1     2     1     1   285 1.750
3h4xA00     3    20    20   190     4     1     1     1     1   315 1.230
2or2A00     3    20    20   190     8     2     1     3     1   296 1.840
2fjuB03     3    20    20   190    10     1     1     2     1   305 2.200
1vd6A00     3    20    20   190    11     1     1     1     1   218 1.300
2plcA00     3    20    20   190    12     1     1     1     1   274 2.000
3ks6A00     3    20    20   190    14     1     1     1     1   241 1.800
1ydyA00     3    20    20   190    15     1     1     1     1   328 1.700
1zccA00     3    20    20   190    19     1     1     1     1   240 2.500
4zr8B00     3    20    20   210     1     1     1     1     1   354 1.500
1u1jA02     3    20    20   210     3     4     1     1     1   333 2.400
4ay7A00     3    20    20   210     4     1     1     1     1   336 1.800
1t7lB01     3    20    20   210     6     1     1     2     1   378 2.000
1ypxA00     3    20    20   210     9     1     1     1     1   315 2.600
2ekgA02     3    20    20   220     1     2     1     1     1   242 1.900
7xg9A01     3    20    20   220     3     1     1     1     1   284 1.500
6peyB00     3    20    20   220     4     1     1     7     1   290 2.880
7wmzC01     3    20    20   220     5     1     2     1     1   283 1.920
3ijdA00     3    20    20   220     8     1     1     1     1   286 2.000
4jnyA00     3    20    20   220    11     1     1     3     1   491 1.900
1ccwB01     3    20    20   240     1     1     1     1     1   417 1.600
1e1cA01     3    20    20   240     2     1     3     3     1   522 2.620
1reqB01     3    20    20   240     3     1     1     1     1   437 2.000
5g1mA00     3    20    20   300     1     4     1     1     1   333 1.800
6r5iB01     3    20    20   300     4     2     1     2     1   348 1.800
5wugA02     3    20    20   300     7     2     1     1     1   341 2.220
5wabA01     3    20    20   300    11     3     1     1     1   273 2.450
5dmmA00     3    20    20   330     2     1     1     1     1   288 1.780
4m3pC00     3    20    20   330     3     1     1     2     1   355 1.900
1iwpA00     3    20    20   350     1     1     2     1     1   555 2.100
3cuxA01     3    20    20   360     1     2     1     1     1   380 1.700
6axeB01     3    20    20   360     2     1     3     1     1   457 1.600
2w3zA00     3    20    20   370     2     1     1     1     1   238 1.450
2i5iA00     3    20    20   370     4     1     1     1     1   254 1.700
1xw8A00     3    20    20   370     5     3     1     1     1   224 2.000
4hd5A02     3    20    20   370     8     1     2     1     1   218 1.900
4nz1A01     3    20    20   370     9     1     2     2     1   308 2.050
4wcjA00     3    20    20   370    10     1     1     1     1   233 1.700
1z7aC00     3    20    20   370    12     1     1     1     1   289 1.710
3hftA00     3    20    20   370    13     1     1     1     1   239 1.900
2qv5A01     3    20    20   370    16     1     1     1     1   234 1.900
2y8uB00     3    20    20   370    18     2     1     1     1   212 1.990
2e67A00     3    20    20   370    24     1     1     1     1   263 2.900
4nafA00     3    20    20   390     1     3     2     1     1   223 1.900
3vk5B00     3    20    20   390     3     1     1     1     1   252 1.390
3tlqA00     3    20    20   450     6     1     1     1     1   236 1.910
3kzpA00     3    20    20   450     9     1     1     1     1   228 2.000
4hu4A00     3    20    20   450    11     1     1     1     1   247 2.400
6pwkA02     3    20    20   450    14     1     1     1     1   231 2.610
2basB01     3    20    20   450    15     1     1     1     1   222 2.610
3aieA03     3    20    20   470     1     3     1     1     1   417 2.100
5lfcA04     3    20    20   470     2     2     1     1     1   415 3.200
3hncA00     3    20    70    20     2     1     2     2     1   714 2.410
1h16A00     3    20    70    20     3     1     1     1     1   759 1.530
1l1lA01     3    20    70    20     4     1     1     1     1   511 1.750
5a0zD00     3    20    70    20     5     1     2     2     1   710 3.000
1r1rA02     3    20    70    20     7     1     1    27     1   507 2.900
1b8bA00     3    20    70    20     8     1     1     3     1   534 1000.000
2y8nA00     3    20    70    20    10     1     1     1     1   869 1.750
2ha9B00     3    20    70    20    13     1     1     1     1   398 2.700
6wl5A01     3    20    80    10     1     1     1     1     1   149 1.400
5kawA00     3    20    80    10     3     1     1     1     1   165 1.860
4ayzB00     3    20    80    10     4     1     1     2     1   176 3.500
3gk6A00     3    20    80    10     6     1     1     1     1   149 1.800
2kcuA00     3    20    80    10     7     1     1     2     1   166 999.000
3b49A00     3    20    80    10     8     1     1     2     1   195 1.600
2b5dX01     3    20   110    10     4     1     1     1     1   404 2.200
7dd9A01     3    20   110    10     5     1     2     1     1   278 2.400
5kbpA01     3    20   110    10     6     1     1     1     1   278 2.400
1o7dA01     3    20   110    10     7     1     1     1     1   280 2.700
5itqA01     3    20   190    10     2     1     1     1     1   132 1.480
4cisA01     3    20   190    10     3     2     1     3     1   132 2.050
4mb7A01     3    20   190    10     6     1     1     1     1   126 2.040
3w0fA01     3    20   190    10     8     1     1     1     1   119 2.000
3lkmA02     3    20   200    10     1     1     1     1     1    90 1.600
3nycA02     3    30     9    10     1     1     1     1     1   150 1.060
1c0pA02     3    30     9    10     2     1     1     1     1   163 1.200
2olnA02     3    30     9    10     3     1     1     1     1   166 1.150
3aljA02     3    30     9    10     4     1     1     1     1   152 1.480
3dmeA02     3    30     9    10     6     1     1     1     1   153 1.700
6dllA02     3    30     9    10     7     1     2     1     1   149 2.200
2qcuA02     3    30     9    10     8     1     1     1     1   161 1.750
1x31B02     3    30     9    10     9     1     2     1     1   154 2.150
2x3nA02     3    30     9    10    10     1     1     1     1   145 1.750
1b3mA02     3    30     9    10    12     1     1     5     1   195 1000.000
1pn0A02     3    30     9    10    13     1     1     1     1   177 1.700
5l46A02     3    30     9    10    14     1     2     1     1   170 3.090
4yshA02     3    30     9    10    15     2     1     1     1   146 2.200
4eipB02     3    30     9    10    16     1     1     2     1   138 2.330
5wx2A02     3    30     9    10    17     1     1     3     1   141 3.000
3axbA02     3    30     9    10    18     1     1     1     1   176 1.920
3djdB02     3    30     9    10    21     1     1     1     1   190 1.750
3pvcA03     3    30     9    10    22     1     1     1     1   148 2.310
3ihgA02     3    30     9    10    24     1     1     1     1   145 2.490
5xaoA02     3    30     9    10    25     1     2     1     1   205 1.800
4k22A02     3    30     9    10    27     1     1     1     1   108 2.000
1cseI00     3    30    10    10     2     1     1     1     1    63 1.200
1hymA00     3    30    10    10     6     1     1     1     1    44 999.000
2z39A02     3    30    20    10     1     4     1     2     1    59 1.700
2cjlA02     3    30    20    10     1     5     1     1     1    61 1.500
2kbkA00     3    30    30    10     2     2    10     1     1    64 999.000
1n4nA00     3    30    30    10     5     2     1     1     1    47 999.000
2kyqA00     3    30    30    10     6     1     2     1     1    53 999.000
6vxwA00     3    30    30    10     7     2     3     1     1    66 999.000
1wt7A00     3    30    30    10    11     2     1     1     1    41 999.000
1bk8A00     3    30    30    10    15     2     1     1     1    50 999.000
1i2uA00     3    30    30    10    18     1     1     1     1    44 999.000
2ny9X00     3    30    30    10    20     2     1     1     1    41 999.000
1ne5A00     3    30    30    10    21     1     1     1     1    42 999.000
2b68A01     3    30    30    10    25     1     1     1     1    37 999.000
6p2uA02     3    30    30    30     4     1     1     1     1    52 2.000
3d2fA02     3    30    30    30     5     1     1     1     1    76 2.300
2lv9A00     3    30    40    10     4     2     2     1     1    80 999.000
1dvpA02     3    30    40    10     8     2     1     1     1    66 2.000
5d1mB01     3    30    40    10    15     1     1     1     1    77 1.580
2vpgC00     3    30    40    10    16     1     2     1     1    63 1.600
6hprA00     3    30    40    10    18     2     1     1     1    63 1.700
4up0A00     3    30    40    10    21     1     1     1     1    85 1.280
5m88A01     3    30    40    10    26     2     1     1     1    55 2.800
2ldrA00     3    30    40    10    30     1     3     1     1    81 999.000
5h9mA01     3    30    40    10    31     1     2     1     1    57 1.760
3purA01     3    30    40    10    35     1     1     1     1    74 2.100
6y2xA01     3    30    40    10    37     1     1     1     1    83 1.770
4n4fA02     3    30    40    10    43     1     3     1     1    40 1.830
4ccgY00     3    30    40    10    48     1     1     1     1    67 2.400
3lrqB00     3    30    40    10    53     1     1     1     1    78 2.290
2g6qA00     3    30    40    10    54     1     2     1     1    52 2.000
7v8fB01     3    30    40    10    57     1     1     1     1    92 1.660
4wz3B02     3    30    40    10    58     1     1     1     1    71 2.700
4gnfA00     3    30    40    10    59     1     1     1     1    96 1.550
2f42A02     3    30    40    10    63     1     1     1     1    78 2.500
4msxA01     3    30    40    10    64     1     1     1     1    93 1.870
6nftB01     3    30    40    10    65     1     1     1     1    98 1.650
4lk9A00     3    30    40    10    75     2     1     4     1   126 1.600
2lgvA00     3    30    40    10    77     1     2     1     1   100 999.000
3l11A00     3    30    40    10    80     1     2     1     1   104 2.120
7o4j301     3    30    40    10    81     1     1     1     1    56 2.900
4wz3B01     3    30    40    10    82     1     1     2     1   111 2.700
3hctA00     3    30    40    10    83     1     1     1     1   104 2.100
2ma5A00     3    30    40    10    84     1     2     1     1    61 999.000
4nn2B00     3    30    40    10    85     1     1     1     1   118 1.470
3fl2A00     3    30    40    10    88     1     1     1     1   116 1.750
5dinA00     3    30    40    10    90     1     1     1     1   120 1.860
1e53A00     3    30    40    10    92     1     1     2     1    59 1000.000
4b7yD00     3    30    40    10    94     1     1     1     1    97 3.250
5aiuA00     3    30    40    10    97     1     1     1     1   123 2.210
6u75B02     3    30    40    10   100     1     1     1     1   118 2.630
1zbdB00     3    30    40    10   101     1     1     1     1   119 2.600
3ihpA01     3    30    40    10   102     1     1     1     1   116 2.800
5dahA01     3    30    40    10   105     1     1     1     1   154 2.610
2lriC00     3    30    40    10   113     1     1     1     1    66 999.000
2yucA01     3    30    40    10   115     1     1     1     1    66 999.000
2ma6A00     3    30    40    10   131     1     1     1     1    61 999.000
1vyxA00     3    30    40    10   132     1     1     1     1    60 999.000
2idaA01     3    30    40    10   142     1     1     1     1    88 999.000
2l0bA00     3    30    40    10   145     1     1     1     1    91 999.000
2i50A00     3    30    40    10   160     1     1     1     1   122 999.000
1zr6A01     3    30    43    10     1     1     1     1     1    91 1.550
4pvkA01     3    30    43    10     4     1     1     1     1   101 1.300
4o95A01     3    30    43    10     5     1     1     1     1    91 1.750
3js8A01     3    30    43    10     9     1     1     1     1    76 1.540
4zohB01     3    30    43    10    14     3     1     1     1    53 2.200
1dznA01     3    30    43    10    15     2     1     3     1   118 2.800
2e3tB03     3    30    43    10    16     1     2     2     1    61 2.280
7qh2C01     3    30    43    10    17     1     1     1     1    91 2.430
1uxyA02     3    30    43    10    19     1     1     1     1    66 1.800
2exrA01     3    30    43    10    22     1     1     1     1   119 1.700
4bbyB01     3    30    43    10    24     1     1     1     1   128 1.900
1r74B01     3    30    46    10     1     1     2     1     1    73 2.550
1citA00     3    30    50    10     9     2     2     1     1    89 2.700
2m9wA00     3    30    50    10    11     1     3     1     1    63 999.000
4tmaJ00     3    30    50    10    14     1     1     1     1    57 3.300
2cxiA01     3    30    56    10     1     1     1     1     1    79 1.940
2rhqB01     3    30    56    10     4     1     1     1     1    69 2.200
7k98E03     3    30    56    10     5     1     1     1     1    68 2.190
7dpiB01     3    30    56    10     8     1     2     1     1    68 3.600
1p9gA00     3    30    60    10     1     1     1     1     1    40 0.840
1k7tA01     3    30    60    10     2     5     1    25     1    41 2.400
2wvjB02     3    30    60    20     5     1     1     2     1    43 2.200
3bjiA03     3    30    60    20     7     1     1     2     1    54 2.600
6xi7B02     3    30    60    20     8     1     1     1     1    39 1.950
2b8tB02     3    30    60    20     9     1     1     1     1    65 2.000
2gviA03     3    30    60    20    10     1     1     1     1    34 1.870
1tbnA00     3    30    60    20    18     1     1     1     1    66 999.000
2n71A00     3    30    60    30     1     3     1     1     1    50 999.000
5daeA00     3    30    60    30     2     1     1     1     1    57 1.400
1n13E00     3    30    60    30     4     1     1     1     1    50 1.400
4gi3C00     3    30    60    30     6     1     1     1     1    57 1.750
1ldtL00     3    30    60    30     7     2     1     1     1    46 1.900
1ytpA00     3    30    60    30    10     1     2     2     1    53 999.000
1ce3A00     3    30    60    30    12     2     1     1     1    54 999.000
2arpF02     3    30    60    30    16     1     1     1     1    72 2.000
2xrcA02     3    30    60    30    20     1     1     1     1    48 2.690
1uucA00     3    30    60    30    24     1     1     2     1    55 999.000
2wcyA01     3    30    60    30    28     1     1     1     1    75 999.000
2m25A00     3    30    60    30    29     1     1     1     1    60 1000.000
3fsyA02     3    30    60    70     1     2     2     1     1    40 1.970
3u5eI02     3    30    60   300     2     1     1     1     1    47 1000.000
1vwxI02     3    30    60   300     3     1     1     1     1    40 1000.000
2xi1B00     3    30    62    10     1     1     7     2     1   100 3.500
1z8fA02     3    30    63    10     4     3     1     2     1    63 2.500
7ykiA01     3    30    63    10     6     1     1     1     1    47 2.000
1ok8A02     3    30    67    10     1     3     3     1     1    84 2.000
6n59A02     3    30    70    20     1     1     1     1     1    84 1.020
2zvsA00     3    30    70    20     3     2     1     1     1    81 1.650
3or1A04     3    30    70    20     5     1     1     1     1    84 1.760
1ff2A00     3    30    70    20     6     1     1    17     1   106 2.300
1fxdA00     3    30    70    20    10     2     1     1     1    58 1.700
1gteA01     3    30    70    20    12     1     1     1     1   109 1.650
2v4jB03     3    30    70    20    15     1     2     1     1    65 2.100
8amqA01     3    30    70    20    16     1     1     1     1    60 1.600
2pa8D03     3    30    70    20    21     1     1     1     1    57 1.760
2c42A05     3    30    70    20    22     1     1     1     1   117 1.780
5c4iB02     3    30    70    20    28     1     1     1     1    61 2.270
1h0hB01     3    30    70    20    34     1     1     1     1   150 1.800
1q16B01     3    30    70    20    37     1     1     1     1   162 1.900
1ti6B02     3    30    70    20    38     1     1     1     1    58 1000.000
1cqmA00     3    30    70    60     1     1     1     1     1    98 1.650
2rjzA02     3    30    70    60     2     1     1     2     1    99 2.200
2b7cB00     3    30    70    60     4     1     1     2     1    90 1.800
7b8vA01     3    30    70    60     7     1     1     1     1    80 1.860
8d8lF01     3    30    70    60    13     1     1     1     1   123 2.600
3cnqP00     3    30    70    80     2     1     1     1     1    71 1.710
1r6vA02     3    30    70    80     3     1     1     1     1    78 1.700
2z58B00     3    30    70    80     4     1     1     3     1    66 1.880
6u26A01     3    30    70    80     5     1     1     1     1    88 1.530
3qfhA01     3    30    70    80     6     1     1     2     1    65 2.050
3afgB01     3    30    70    80     8     1     1     1     1    87 2.000
2vh7A00     3    30    70   100     1     1     2     1     1    94 1.450
2rilA00     3    30    70   100     2     1     1     1     1    91 1.260
3fgvA00     3    30    70   100     3     1     1     1     1    91 1.300
2ftrA00     3    30    70   100     5     1     1     1     1    93 1.400
1x8dA01     3    30    70   100     7     3     1     1     1    97 1.800
3e8oB00     3    30    70   100    10     1     1     1     1    98 1.400
6fu9A00     3    30    70   100    14     1     1     1     1    79 1.200
3qmqA00     3    30    70   100    17     1     2     1     1    97 1.800
6vq6G03     3    30    70   100    20     2     1     1     1    90 3.900
3bn7A00     3    30    70   100    21     1     1     1     1    99 1.640
2pd1A01     3    30    70   100    22     1     1     1     1    93 1.860
3mziA01     3    30    70   100    25     1     1     2     1    96 2.300
2od4B01     3    30    70   100    30     1     1     1     1    86 1.700
2qycA00     3    30    70   100    32     1     1     1     1    95 1.900
4hl9A00     3    30    70   100    34     1     1     1     1    91 1.930
3bf4A01     3    30    70   100    45     1     1     1     1    94 2.100
4f67A01     3    30    70   100    47     1     1     1     1   103 1.790
5xztJ00     3    30    70   100    48     1     1     1     1   103 1.800
2od6C00     3    30    70   100    50     1     1     1     1   102 1.850
2jdjA00     3    30    70   100    55     1     1     1     1   102 2.000
2n7yA00     3    30    70   100    58     2     1     1     1    76 999.000
3lo3A00     3    30    70   100    61     1     1     1     1    93 2.380
2pgcC01     3    30    70   100    67     1     1     1     1    94 2.530
1qupA01     3    30    70   100    69     1     1     1     1    68 1.800
2okqB00     3    30    70   100    71     1     1     1     1   118 1.800
1osdA00     3    30    70   100    72     1     1     1     1    72 2.000
2bycB00     3    30    70   100    82     1     1     1     1   132 1.900
6urtA02     3    30    70   100    83     1     1     1     1    88 3.270
7razA01     3    30    70   100    87     1     1     1     1    85 3.400
3fj2A00     3    30    70   100    88     1     2     1     1   165 1.850
6fp6H01     3    30    70   100    89     1     1     1     1    69 3.000
3dcaA00     3    30    70   100    90     1     1     5     1   127 3.350
4ae5C00     3    30    70   100    91     1     1     1     1   158 1.850
3mcsA00     3    30    70   100    93     1     1     1     1   214 2.550
3dfeA00     3    30    70   120     1     2     2     1     1    81 2.350
3bzqA00     3    30    70   120     2     3     1     1     1    99 1.400
1kr4A00     3    30    70   120     5     2     2     1     1   107 1.400
2dclA00     3    30    70   120    16     1     1     1     1    99 2.280
3ce8A00     3    30    70   120    18     1     1     1     1    87 2.400
1h3dA03     3    30    70   120    19     1     2     1     1    67 2.700
3hluA00     3    30    70   120    23     1     1     1     1    67 2.650
4rwxC01     3    30    70   120    24     1     1     1     1    66 2.900
1be4A00     3    30    70   141     1     1     6     1     1   151 2.400
1bwvA01     3    30    70   150     1     2     2     2     1   128 2.400
1ykwA01     3    30    70   150     7     1     1     1     1   131 2.000
3qfwA01     3    30    70   150     8     1     1     1     1   102 1.790
1zpwX00     3    30    70   240     3     1     1     1     1    82 1.640
2i8eA01     3    30    70   240     4     1     1     2     1    72 1.590
4zckA02     3    30    70   240     5     1     2     1     1    94 2.480
2cveA02     3    30    70   240     7     1     1     1     1    66 1.600
2wbmA03     3    30    70   240     8     1     1     1     1    70 1.750
3cb4A04     3    30    70   240    13     2     1     1     1   111 2.800
1vi7A02     3    30    70   240    16     1     2     1     1    71 2.800
2kdoA03     3    30    70   240    18     1     1     1     1    80 999.000
5dz6A02     3    30    70   250     1     2     1     1     1    69 1.440
4qbuA03     3    30    70   250     4     1     1     1     1    66 1.700
2c2nA02     3    30    70   250     6     1     1     1     1    77 1.550
3cj8B02     3    30    70   250     8     1     1     1     1    66 1.950
2jfkA03     3    30    70   250    10     1     2     1     1    65 2.400
7ahbB01     3    30    70   250    11     1     1     1     1    59 1.900
2dtjA02     3    30    70   260     4     1     1     1     1    80 1.580
2qswA00     3    30    70   260     5     1     1     1     1    89 1.500
6u9hF01     3    30    70   260     6     3     1     1     1    75 3.800
3nrbB01     3    30    70   260    13     2     1     1     1    82 2.050
3offA00     3    30    70   260    14     1     1     1     1    82 2.000
3hheA02     3    30    70   260    18     2     1     1     1    78 2.300
3k5pA03     3    30    70   260    21     2     1     1     1    83 2.150
5is2A01     3    30    70   260    27     1     1     1     1    91 1.880
3w7bA01     3    30    70   260    29     2     1     1     1    88 2.710
1u8sA02     3    30    70   260    35     1     1     1     1    84 2.450
2qmwA03     3    30    70   260    38     1     1     1     1    73 2.300
3mahA02     3    30    70   260    43     1     1     1     1    67 2.310
2cdqA03     3    30    70   260    44     1     1     1     1    84 2.850
3ghfA00     3    30    70   260    45     1     2     1     1   100 2.200
2lqjA00     3    30    70   260    49     1     1     1     1    94 999.000
1mu2B04     3    30    70   270     1     2     1     1     1   106 2.350
1xr6A02     3    30    70   270     2     2     2     1     1   108 2.500
4f4wB01     3    30    70   270     3     1     2     1     1   100 1.900
1c9rB03     3    30    70   270     5     3     2     1     1    79 1000.000
1jkhA02     3    30    70   270     9     1     1     3     1    94 2.500
1lwfB03     3    30    70   270    12     1     1     2     1   111 2.800
2qv6B02     3    30    70   270    14     1     1     1     1   122 2.000
2xhwA03     3    30    70   270    15     1     2     1     1    81 2.660
2uutA03     3    30    70   270    16     1     1     2     1   119 2.400
1s48A04     3    30    70   270    20     1     1     2     1   109 3.000
5llwA02     3    30    70   270    31     2     2     1     1   137 3.000
3ungC03     3    30    70   270    33     1     1     1     1   133 2.310
3hvwA00     3    30    70   270    38     1     1     1     1   158 1.700
3gqcC01     3    30    70   270    43     1     1     1     1   137 2.500
6mq8A01     3    30    70   270    47     1     1     2     1   175 1.970
4ol8B03     3    30    70   270    48     1     1     1     1    89 3.100
4ol8A01     3    30    70   270    52     1     2     1     1   134 3.100
1jlbB02     3    30    70   270    56     1     1     5     1    49 3.000
1jlcB04     3    30    70   270    59     1     1     1     1    64 3.000
6xn3A01     3    30    70   270    61     1     1     1     1   158 3.000
3s6eB00     3    30    70   330    15     1     1     1     1   108 0.950
2xnrA00     3    30    70   330    16     1     1     2     1    75 1.600
3tytA02     3    30    70   330    19     1     1     1     1    94 1.600
6cmnA00     3    30    70   330    26     1     2     1     1    91 1.800
4qptA01     3    30    70   330    31     1     1     1     1   104 1.350
3p3dA00     3    30    70   330    32     2     1     1     1    87 2.350
2e5iA01     3    30    70   330    36     2     1     1     1    95 999.000
2l08A00     3    30    70   330    44     1     2     1     1    97 999.000
1f9fD00     3    30    70   330    45     2     1     1     1    82 1.900
6tznA01     3    30    70   330    49     1     1     1     1   108 1.350
2go9A01     3    30    70   330    54     1     1     4     1    77 999.000
4n0tA04     3    30    70   330    81     1     1     1     1   111 1.700
2g0cA00     3    30    70   330    85     1     1     1     1    68 1.700
1wexA01     3    30    70   330    98     1     2     1     1    73 999.000
5xymT00     3    30    70   330    99     2     1     1     1    91 3.080
4qu7A00     3    30    70   330   105     1     1     1     1    81 2.500
3vajB01     3    30    70   330   109     1     1     1     1   118 1.900
6le1A01     3    30    70   330   116     1     1     1     1    68 2.300
3vajB02     3    30    70   330   119     1     1     1     1    56 1.900
4erdA00     3    30    70   330   123     1     1     1     1   106 2.590
4pkdB02     3    30    70   330   128     1     1     1     1   113 2.500
1vx7Y01     3    30    70   330   130     2     1     1     1    79 1000.000
1kooA01     3    30    70   330   139     1     1     2     1    97 3.800
3rw7A01     3    30    70   330   141     1     1     1     1    55 3.000
1ft8E00     3    30    70   330   145     1     1     1     1    44 3.150
5oomU00     3    30    70   330   146     1     1     1     1   139 3.030
2wbrA00     3    30    70   330   150     1     1     1     1    89 999.000
1ufwA00     3    30    70   330   152     2     1     1     1    95 999.000
2jvrA00     3    30    70   330   162     1     1     2     1    80 999.000
5zswA01     3    30    70   330   173     1     2     1     1    85 999.000
2mkhA02     3    30    70   330   181     1     1     1     1    97 999.000
2dgxA01     3    30    70   330   198     1     1     1     1    80 999.000
2dnoA00     3    30    70   330   207     1     1     1     1   102 999.000
2khcA00     3    30    70   330   224     1     2     1     1   118 999.000
2ku7A00     3    30    70   330   232     1     1     1     1   140 999.000
1o6xA00     3    30    70   340     2     2     1     1     1    81 999.000
3d68A01     3    30    70   340     3     1     1     2     1    92 2.800
5uejA02     3    30    70   360     1     1     1     1     1   114 1.300
1fnoA02     3    30    70   360     4     2     1     2     1   105 2.400
2f7vA02     3    30    70   360     8     1     1     1     1   108 1.750
1lfwA02     3    30    70   360    11     1     1     1     1   106 1.800
4q7aC02     3    30    70   360    15     1     1     1     1   107 2.050
5k8pA02     3    30    70   360    16     1     1     1     1   131 2.200
1lfwA03     3    30    70   360    18     1     1     1     1    88 1.800
3io1A02     3    30    70   360    20     1     1     1     1   111 2.500
4g1pA02     3    30    70   360    24     3     1     1     1   174 2.550
6dswA03     3    30    70   370     1     1     1     2     1   126 1.590
1x9mA03     3    30    70   370     3     1     1     1     1   178 2.100
3tupA02     3    30    70   380     1     1     1     3     1    96 3.050
7k98B05     3    30    70   380     2     1     1     1     1    88 2.190
5t7xA00     3    30    70   390     1     1     2     1     1   147 2.350
4k2jB00     3    30    70   390     2     1     1     1     1   135 2.050
7m3hB01     3    30    70   420     2     1     1     1     1   101 1.270
5a8rB02     3    30    70   470     1     3     1     2     1   147 2.150
1hbmA02     3    30    70   470     2     1     1    25     1   173 1.800
6s6yD02     3    30    70   520     1     3     1     1     1   151 3.100
1m5hA01     3    30    70   520     2     1     3     1     1   151 2.000
1cbkA00     3    30    70   560     1     2     1     1     1   160 2.020
4x4vA03     3    30    70   590     1     1     1     2     1   140 2.600
2hhpA03     3    30    70   590     2     1     1     1     1   151 1.800
1f5aA01     3    30    70   590     3     1     1     2     1   103 2.500
2mewA00     3    30    70   600     1     3     1     1     1    82 999.000
6wxoB01     3    30    70   600     3     1     1     1     1    72 1.410
6az1M00     3    30    70   600     5     1     1     1     1   102 2.700
2ohdF00     3    30    70   640     1     4     1     1     1   144 2.200
3tj8A02     3    30    70   790     1     1     1     1     1    74 1.590
1gmvA01     3    30    70   790     2     1     1     2     1    67 2.800
2hfvA01     3    30    70   790     5     1     1     1     1    77 999.000
1n0uA04     3    30    70   870     3     1     1     1     1    76 2.120
3cb4A03     3    30    70   870     4     1     2     1     1    82 2.800
3e3xA01     3    30    70   870     8     1     1     1     1   109 1.950
2bv3A03     3    30    70   870     9     1     3     1     1    37 2.500
2hfsA02     3    30    70   890     3     1     1     1     1   144 1.750
3pyfA02     3    30    70   890     5     1     1     1     1   137 1.700
1pieA02     3    30    70   890     8     3     1     1     1   177 2.100
1uekA02     3    30    70   890    11     1     1     1     1   120 1.700
1kvkA02     3    30    70   890    12     1     1     1     1   148 2.400
3ltoA02     3    30    70   890    13     1     1     1     1   132 2.270
6n10A02     3    30    70   890    19     3     1     1     1   197 2.300
3hulA02     3    30    70   890    22     1     1     1     1   115 2.190
2zbcA01     3    30    70   920     1     2     1     1     1    70 1.900
2efpA02     3    30    70   920     2     1     1     4     1    98 2.200
2p5vA02     3    30    70   920     3     1     1     1     1    83 1.990
2cfxA02     3    30    70   920     8     1     1     1     1    90 2.400
1s7hA02     3    30    70   930     2     1     3     1     1    82 2.200
1lxjA00     3    30    70   930     6     1     1     1     1   101 1.800
2iboA00     3    30    70   930     7     1     1     1     1    87 2.800
1m1hA01     3    30    70   940     2     1     1     1     1   100 1.950
3p8bB01     3    30    70   940     3     1     1     1     1    85 1.800
5ondB00     3    30    70   940     6     1     1     1     1   133 2.100
1vdhA01     3    30    70  1030     1     3     1     1     1   121 2.000
1vdhA02     3    30    70  1030     2     2     1     1     1   126 2.000
3zo7B00     3    30    70  1060     2     1     1     3     1    94 2.220
4lbhA00     3    30    70  1060     3     1     1     1     1    94 1.750
1q5yC00     3    30    70  1150     1     1     1     1     1    82 1.400
2fgdD03     3    30    70  1150     3     2     1     2     1    79 1000.000
3ajdA01     3    30    70  1170     1     1     1     1     1    60 1.270
2b9eA01     3    30    70  1170     4     1     1     1     1    78 1.650
1ixkA01     3    30    70  1170     7     1     1     1     1   103 1.900
3uvjB00     3    30    70  1230     3     1     1     3     1   196 2.080
6yiiA02     3    30    70  1230     4     1     1     1     1   209 1.440
4cm2A02     3    30    70  1230     5     1     1     2     1   185 1.800
4wp3C00     3    30    70  1230     6     1     2     1     1   187 1.950
4cllA01     3    30    70  1230     8     1     1     1     1   210 1.700
6yiiA01     3    30    70  1230    10     1     1     1     1   234 1.440
2qv6A01     3    30    70  1230    18     1     1     1     1   128 2.000
2a6mB01     3    30    70  1290     2     1     2     1     1   133 2.400
4er8A00     3    30    70  1290     3     1     1     1     1   165 2.600
4r86A02     3    30    70  1320     2     1     1     1     1   102 3.000
3w60A00     3    30    70  1350     2     1     1     6     1    79 1.820
3h90A02     3    30    70  1350     7     1     1     1     1    84 2.900
1nrkA02     3    30    70  1400     2     1     1     2     1    84 2.800
3girA02     3    30    70  1400     3     1     1     1     1    86 1.600
1pj5A04     3    30    70  1400     7     1     1     1     1   120 1.610
3fuyA00     3    30    70  1420     1     1     1     1     1   153 2.000
3w9iA06     3    30    70  1430     1     2     1     1     1   102 2.710
5t0oA02     3    30    70  1430     2     3     1     1     1   103 3.150
7b8qA01     3    30    70  1430     8     1     1     1     1    91 3.840
3w9iA07     3    30    70  1440     1     2     1     1     1   100 2.710
7wjgA01     3    30    70  1450     1     2     1     1     1    70 2.420
4g65A04     3    30    70  1450     8     1     1     1     1    90 2.090
4gx0B03     3    30    70  1450    11     1     1     1     1    78 2.600
3p4uB00     3    30    70  1470     2     3     1     1     1    92 1.900
1sc3B00     3    30    70  1470     4     1     1     1     1    88 1.800
1r89A04     3    30    70  1550     1     1     1     1     1    44 1.800
2jlgA03     3    30    70  1600     1     1     1     2     1   176 2.800
2b4pA01     3    30    70  1690     1     1     1     2     1    97 1.810
3f56D01     3    30    70  1710     3     5     1     1     1    99 2.300
3f56A02     3    30    70  1710     4     4     1     2     1    98 2.300
3i6pA00     3    30    70  1710     5     2     2     2     1    90 2.100
3i87A02     3    30    70  1710     8     2     1     1     1    98 2.300
3i96A00     3    30    70  1710     9     1     1     1     1   109 1.650
5dihA01     3    30    70  1710    12     1     1     2     1    79 2.440
6i0y501     3    30    70  1730     5     1     1     1     1   130 3.200
4v19J00     3    30    70  1730     7     1     2     1     1   168 3.400
3u5iq00     3    30    70  1730     9     2     2     1     1   143 1000.000
4g1iA03     3    30    70  1770     2     1     1     1     1    69 1.850
3gr0D01     3    30    70  1780     2     1     1     1     1    41 2.300
4l3nA01     3    30    70  1840     1     1     2     1     1   142 2.130
2dd8S01     3    30    70  1840     2     1     1     2     1   141 2.300
4c98A02     3    30    70  1900     2     1     1     1     1   137 2.000
6njyA01     3    30    70  1900     3     1     1     1     1   123 1.760
3i4hX02     3    30    70  1900     4     3     1     1     1   104 2.250
4illA02     3    30    70  1900     5     1     1     1     1   162 2.480
3r5dA01     3    30    70  2010     1     1     1     1     1   129 1.800
5e3qA01     3    30    70  2010     2     2     1     1     1    91 1.800
5iq6A01     3    30    70  2840     2     2     1     1     1    81 3.000
3otdA00     3    30    70  3000     2     1     1     1     1   240 2.280
7nyrI01     3    30    70  3270     3     1     1     1     1   131 3.300
7m7iA02     3    30    70  3290     1     5     1     2     1    74 3.400
8g4uA02     3    30    70  3290     8     1     1     2     1    84 2.900
7uwrA02     3    30    70  3290    10     1     1     1     1    76 2.610
2hg4A02     3    30    70  3290    11     2     1     1     1   132 2.730
2vz8B02     3    30    70  3290    12     1     1     1     1   129 3.220
2v4jB01     3    30    70  3340     1     2     2     1     1   132 2.100
6az1Z00     3    30    70  3370     2     1     1     1     1   127 2.700
7pwfY01     3    30    70  3370     4     1     1     1     1    83 2.850
8gweB01     3    30    70  3540     2     1     1     1     1    89 2.660
4z9eA00     3    30   110    20     1     5     1     1     1    85 2.490
2bkyX00     3    30   110    20     3     1     1     1     1    86 1.700
2ek0A00     3    30   110    20     4     1     1     1     1    90 1.900
7dl8C01     3    30   110    20     5     1     1     1     1    89 2.460
3iabB01     3    30   110    20     6     1     1     1     1    98 2.700
5xiiB03     3    30   110    30     2     1     2     1     1    78 2.170
3ialA03     3    30   110    30     5     1     1     1     1    78 2.200
1nj1A03     3    30   110    30     8     1     1     1     1    70 2.550
7v2qE01     3    30   160    20     9     2     1     1     1    60 3.240
3d5aX03     3    30   160    20    11     1     2     1     1    91 1000.000
3rv0B03     3    30   160    20    12     1     1     1     1    79 2.290
6ei8A00     3    30   160    20    13     1     1     5     1    97 2.250
4wyqB00     3    30   160    20    14     2     1     1     1    75 3.200
1t4lB00     3    30   160    20    15     1     3     1     1    90 999.000
1uhzA00     3    30   160    20    20     1     3     1     1    89 999.000
5optd01     3    30   160    20    29     1     2     1     1   109 4.000
2b7vA00     3    30   160    20    30     2     1     1     1    71 999.000
2n3gA00     3    30   160    20    32     1     1     1     1    72 999.000
1whqA01     3    30   160    20    33     1     1     1     1    71 999.000
1qu6A02     3    30   160    20    35     1     1     1     1    76 999.000
2mdrA00     3    30   160    20    43     1     1     1     1    94 999.000
1vw4502     3    30   160    20    47     1     1     1     1    92 1000.000
4tn3A01     3    30   160    60     3     1     1     2     1    40 3.200
2r1fA03     3    30   160    60     6     1     1     1     1    39 2.210
3ddtC00     3    30   160    60     9     1     1     1     1    44 1.900
5vmzA01     3    30   160    60    10     1     1     1     1    39 2.320
2j7jA03     3    30   160    60    14     1     1     1     1    27 1.650
1llmD02     3    30   160    60    17     1     1     1     1    55 1.500
4ijdA02     3    30   160    60    20     1     1     1     1    31 2.150
1rmdA02     3    30   160    60    21     1     1     1     1    30 2.100
3mhsC02     3    30   160    60    22     1     1     1     1    27 1.890
2gliA01     3    30   160    60    25     1     1     1     1    33 2.600
2a25A01     3    30   160    60    26     1     1     1     1    28 2.200
5y0uA02     3    30   160    60    27     2     1     1     1    34 999.000
2r1fA01     3    30   160    60    30     1     1     1     1    27 2.210
2epaA01     3    30   160    60    36     1     2     1     1    30 999.000
1z1bA01     3    30   160    60    46     1     1     1     1    57 3.800
5kl7A00     3    30   160    60    47     1     2     2     1    87 1.580
2el5A01     3    30   160    60    50    19     1     1     1    34 999.000
2lvhA00     3    30   160    60    54     1     1     1     1    45 999.000
2m9aA03     3    30   160    60    57     1     1     1     1    32 999.000
1ncsA00     3    30   160    60    59     1     1     1     1    47 999.000
1wjpA01     3    30   160    60    61     1     1     1     1    31 999.000
2rsiA02     3    30   160    60    65     1     1     1     1    29 999.000
2rsiA03     3    30   160    60    68     1     1     1     1    27 999.000
1wjpA02     3    30   160    60    70     1     1     1     1    24 999.000
1zu1A02     3    30   160    60    72     1     1     1     1    56 999.000
1zu1A01     3    30   160    60    73     1     1     1     1    57 999.000
1zr9A00     3    30   160    60    76     1     1     1     1    67 999.000
1b69A00     3    30   160    60    77     1     1     1     1    69 999.000
2ghfA01     3    30   160    60    85     1     1     1     1    89 999.000
1wrjA01     3    30   160    70     1     1     2     1     1    67 2.000
1sfeA01     3    30   160    70     4     1     1     1     1    81 2.100
7w4qL01     3    30   160   190     3     1     1     1     1    71 3.300
4bbyA02     3    30   160   650     1     1     1     1     1    44 1.900
5yvdA01     3    30   160   820     1     3     2     1     1    63 2.700
3qy2A00     3    30   170    10     2     1     2     1     1   105 2.590
1bwvS00     3    30   190    10     2     2     2     1     1   138 2.400
4qg3A01     3    30   190    20     1     1     1     6     1   121 2.000
2ygrA03     3    30   190    20     2     3     1     2     1   115 1000.000
3o58A01     3    30   190    20     4     1     1     1     1   117 1000.000
4wweA01     3    30   190    20     5     1     1     1     1   101 1000.000
4wwtA01     3    30   190    20     5     2     1     1     1   101 1000.000
2pvhA02     3    30   200    20     1     2     1    16     1    90 2.200
5iwuA01     3    30   200    20     8     1     1     1     1    93 1.300
3r9rA01     3    30   200    20    39     2     1     1     1    95 1.850
2z02A01     3    30   200    20    40     6     1     1     1   105 2.030
5o2cA01     3    30   200    20    46     1     2     3     1   101 2.400
3oezB01     3    30   200    20    57     3     1     5     1    85 2.400
5ko1A01     3    30   200    20    61     1     2     3     1    96 2.160
6sulA01     3    30   200    20    82     1     1     1     1   108 1.350
2ppqA01     3    30   200    20   103     1     1     1     1    93 2.000
2pywB01     3    30   200    20   109     2     1     1     1   114 1.900
3i1aA01     3    30   200    20   114     1     1     1     1   103 1.700
4ix3A01     3    30   200    20   116     1     1     1     1   113 1.350
7u4vB01     3    30   200    20   126     1     1     3     1    73 1000.000
2in6A01     3    30   200    20   130     1     1     3     1    81 1.900
1zarA02     3    30   200    20   140     1     1     1     1    81 1.750
5iqaA01     3    30   200    20   148     1     1     1     1    90 2.150
4lrkA01     3    30   200    20   159     1     2     1     1    72 2.270
3sv0A01     3    30   200    20   171     1     2     1     1    64 2.000
3atsA01     3    30   200    20   179     1     1     1     1   116 1.670
3gniB01     3    30   200    20   180     1     1     1     1    89 2.350
4ianA01     3    30   200    20   191     1     1     2     1    87 2.440
4azsA02     3    30   200    20   193     1     1     1     1    81 2.150
2jiiA01     3    30   200    20   199     1     1     1     1   110 2.000
4l68A01     3    30   200    20   200     1     1     1     1   110 2.000
2q83B01     3    30   200    20   202     1     1     1     1    97 2.500
4da5A01     3    30   200    20   211     1     1     1     1    83 2.400
3c5iD01     3    30   200    20   212     1     2     1     1    76 2.200
2rioA01     3    30   200    20   214     1     1     1     1    82 2.400
5cemA01     3    30   200    20   215     1     1     1     1    73 2.100
3flnC01     3    30   200    20   217     1     1     8     1   138 1.900
3q5zA02     3    30   200    20   219     1     1     1     1   121 1.900
4df3A01     3    30   200    20   220     1     2     1     1    55 1.730
3dxqA01     3    30   200    20   225     1     1     1     1    81 2.550
3kn6A01     3    30   200    20   226     1     1     1     1    65 2.000
6g38A01     3    30   200    20   227     1     1     2     1   136 1.470
1fotA02     3    30   200    20   236     1     1     1     1   107 2.800
2oo8X01     3    30   200    20   237     1     1     1     1    60 2.200
5f9eA01     3    30   200    20   239     1     1     1     1   132 2.000
7sebA01     3    30   200    20   242     1     1     1     1    44 1.810
1ia9A01     3    30   200    20   248     1     1     1     1   145 2.000
5dyjB01     3    30   200    20   249     1     1     2     1   160 2.500
4kujA01     3    30   200    20   252     1     1     1     1   150 1.990
4xbrA01     3    30   200    20   254     1     1     1     1   124 2.940
1nt2A01     3    30   200    20   261     1     1     1     1    35 2.900
2f2uB01     3    30   200    20   263     1     1     1     1   184 2.400
4tndA01     3    30   200    20   264     1     1     1     1   241 1.800
1xmlA01     3    30   200    40     1     1     1     2     1   102 2.000
4ldtA01     3    30   200    60     3     1     2     1     1   110 1.900
2xanA01     3    30   200   110     1     1     1     1     1   143 2.200
5xu6C01     3    30   200   110     4     1     1     1     1   108 2.350
3c5gB04     3    30   210    10     4     1     2     1     1    65 2.200
1fnmA04     3    30   230    10     2     1     2     2     1   119 2.800
1h7sA02     3    30   230    10     4     1     1     1     1   125 1.950
1mg7A02     3    30   230    10     7     1     1     1     1   157 1.550
1b63A02     3    30   230    10     8     1     1     1     1   114 1.900
2q2eB03     3    30   230    10    10     2     1     1     1   160 4.000
3cwvA02     3    30   230    10    11     1     1     1     1   151 1.950
3lnuA02     3    30   230    10    14     2     1     1     1   161 2.200
4jg4A00     3    30   230    10    16     2     1     1     1   114 2.300
6spci00     3    30   230    10    17     2     1     1     1   126 2.950
1fi4A01     3    30   230    10    20     4     1     1     1   190 2.270
6az1L00     3    30   230    10    21     2     1     1     1   143 2.700
5e7sE01     3    30   230    10    23     2     1     2     1   173 3.030
1n0vC05     3    30   230    10    24     2     1    14     1   154 2.850
8eilD01     3    30   230    10    35     1     1     1     1   170 2.250
4uskA01     3    30   230    10    36     1     1     1     1   191 1.760
4rpfC01     3    30   230    10    39     1     1     1     1   176 2.300
5xxuC02     3    30   230    10    43     1     4     1     1    94 3.350
3v2uD01     3    30   230    10    46     2     1     2     1   244 2.110
3k17A01     3    30   230    10    49     1     1     1     1   209 2.100
7t71A01     3    30   230    10    52     1     1     1     1   214 2.190
6spce02     3    30   230    10    53     2     1     1     1    73 2.950
4fw9A03     3    30   230    10    55     1     1     2     1   241 2.000
2r3vB01     3    30   230    10    56     1     2     1     1   240 2.500
6caxA01     3    30   230    20     1     1     1     2     1   128 1.250
4mu3A02     3    30   230    40     1     1     1     1     1    96 1.120
2ae8B01     3    30   230    40     5     1     1     1     1    77 2.010
1udsA01     3    30   230    70     1     4     1     4     1   243 2.300
1e3hA03     3    30   230    70     4     3     1     2     1   204 2.600
1e3hA01     3    30   230    70     7     4     1     1     1   242 2.600
5k36B00     3    30   230    70     9     1     1     3     1   239 3.100
5jeaD00     3    30   230    70    10     1     1     1     1   224 2.650
4ifdF00     3    30   230    70    12     1     1     2     1   213 2.810
5jeaC00     3    30   230    70    15     1     1     1     1   314 2.650
2nn6A01     3    30   230    70    19     1     1     2     1   300 3.350
1usuA01     3    30   230    80     1     3     1     1     1   163 2.150
4ppfA02     3    30   250    10     1     3     1     1     1    61 2.300
1iokA02     3    30   260    10     1     1     4     1     1    92 3.200
6qb8Z02     3    30   260    10     4     2     1     1     1   103 3.970
6qb8Q02     3    30   260    10     7     2     1     1     1   105 3.970
7x7yh01     3    30   260    10     9     2     1     1     1    74 3.800
8blyB01     3    30   260    10    14     1     1     2     1    53 3.200
4z42A00     3    30   280    10     1     3     2     1     1    99 3.010
5a1iA01     3    30   300    10     2     1     1     1     1   111 1.090
2dplA02     3    30   300    10     3     1     1     1     1   123 1.430
6fcdA02     3    30   300    10     4     1     1     3     1   141 1.700
4l4qA03     3    30   300    10     5     1     2     1     1   125 2.000
3imlC03     3    30   300    10     6     4     2     1     1   121 2.350
6ebcA02     3    30   300    20     1     6     1     1     1    94 1.870
1josA00     3    30   300    20     5     1     1     1     1   100 1.700
2vqeC01     3    30   300    20    12     1     1     1     1    91 2.500
1wf3A02     3    30   300    20    14     1     1     1     1   114 1.880
5flxD01     3    30   300    20    15     3     2     1     1    91 3.900
2cxcA01     3    30   300    20    16     1     1     1     1    69 2.000
2pt7G01     3    30   300    20    18     1     1     1     1    78 2.400
2e8eA00     3    30   300    20    19     1     1     1     1   132 1.700
2ql8A00     3    30   300    20    21     1     1     1     1   138 1.500
1lqlA02     3    30   300    20    23     1     1     1     1   103 2.850
3af5A02     3    30   300    20    25     1     2     1     1    71 2.600
2pn2A00     3    30   300    20    26     1     1     1     1   133 1.950
6xrsB03     3    30   300    20    27     1     1     1     1    74 2.800
3cjeA00     3    30   300    20    28     1     1     1     1   147 1.700
2d7vB00     3    30   300    20    30     1     1     1     1   151 1.970
2oplA01     3    30   300    20    31     1     1     2     1   167 1.500
7x9uA01     3    30   300    20    33     1     1     1     1    97 999.000
2y27A02     3    30   300    30     4     1     1     1     1   101 1.600
7wuaB01     3    30   300    30    12     1     1     1     1   101 2.000
1nnnA02     3    30   300    30    19     2     1     6     1   120 1000.000
1yj7D02     3    30   300    30    20     1     1     1     1    87 1.800
4oxiA02     3    30   300    30    23     1     1     1     1    98 2.260
4d57A02     3    30   300    30    35     1     1     1     1    73 2.000
4g1iA02     3    30   300   170     1     1     1     1     1    71 1.850
4bcaA05     3    30   300   330     1     1     1     2     1   108 2.400
1tbpA01     3    30   310    10     1     1     2     2     1    94 2.600
3eikA02     3    30   310    10     3     1     4     1     1    86 1.900
1pzdA02     3    30   310    10     7     1     1     2     1   115 2.310
4py5A01     3    30   310    10     9     1     1     1     1    72 2.100
2mj7A00     3    30   310    10    10     1     1     1     1   141 999.000
3ogdA01     3    30   310    20     1     1     1     2     1   118 2.800
5o9xA03     3    30   310    50     5     1     1     1     1    86 1.900
1wqaA04     3    30   310    50     6     1     1     1     1    85 2.000
7pjcA02     3    30   310    50     7     1     1     1     1   129 2.110
3pdkA04     3    30   310    50    12     2     1     1     1    77 2.700
5jmvD00     3    30   310    50    13     1     1     2     1    78 3.390
2jpiA00     3    30   310    50    15     1     1     1     1    96 999.000
3oseA00     3    30   310    80     2     1     1     1     1   100 1.700
2y94A03     3    30   310    80     4     1     5     1     1    71 1000.000
2qrdA00     3    30   310    80     5     1     1     1     1   114 2.410
2ehbD00     3    30   310    80     6     1     1     1     1   126 2.100
5omvA01     3    30   342    10     2     1     1     1     1   151 2.000
2p5oB01     3    30   342    10     4     1     1     2     1   208 2.800
3oa2A02     3    30   360    10     1     1     1     1     1   175 1.500
1gadO02     3    30   360    10     2     3     5     1     1   166 1.800
5kvsA02     3    30   360    10     3     1     1     1     1   162 1.280
1lc0A02     3    30   360    10     6     1     1     1     1   147 1.200
1ff9A02     3    30   360    10     9     1     2     1     1   178 2.000
2i3gA02     3    30   360    10    10     1     1     3     1   165 1.850
4mkzA02     3    30   360    10    12     1     1     1     1   186 1.600
4ew6A02     3    30   360    10    13     2     1     1     1   187 2.300
2yyyA02     3    30   360    10    16     1     1     1     1   168 1.850
4dplA02     3    30   360    10    18     1     1     1     1   182 1.900
1nvmB02     3    30   360    10    20     1     2     1     1   154 1.700
3fhlA02     3    30   360    10    22     1     1     1     1   184 1.930
3db2B02     3    30   360    10    23     1     1     1     1   200 1.700
6dzsA02     3    30   360    10    25     3     1     1     1   180 2.620
5loaA02     3    30   360    10    26     2     1     1     1   138 1.840
4hadB02     3    30   360    10    27     1     1     1     1   191 2.000
3c8mA02     3    30   360    10    28     1     1     1     1   154 1.900
1ebfA02     3    30   360    10    29     1     1     1     1   175 2.300
1t4bA02     3    30   360    10    32     1     1     1     1   216 1.600
3mz0A02     3    30   360    10    33     2     1     1     1   121 1.540
6o15A02     3    30   360    10    36     1     1     1     1   233 1.350
3evnA02     3    30   360    10    38     1     1     1     1   200 2.000
3abiA02     3    30   360    10    39     1     1     1     1   177 2.440
3c1aA02     3    30   360    10    40     1     1     1     1   140 1.850
6norA02     3    30   360    10    43     2     1     1     1   188 2.400
3euwA02     3    30   360    10    46     3     1     1     1   210 2.300
3btuB02     3    30   360    10    50     1     1     3     1   209 2.850
3m2tA02     3    30   360    10    51     1     1     1     1   149 2.300
4inaA02     3    30   360    10    52     1     1     1     1   192 2.490
7xr9E01     3    30   360    10    55     1     1     1     1   197 2.420
4gqaB02     3    30   360    10    57     3     1     1     1   239 2.420
1tltA02     3    30   360    10    60     1     1     1     1   186 2.700
3ijpA02     3    30   360    10    63     3     1     1     1   108 2.300
3moiA02     3    30   360    10    64     1     1     1     1   206 2.500
1ydwA02     3    30   360    10    68     1     1     1     1   213 2.490
2dc1A02     3    30   360    10    69     2     1     1     1   101 1.900
3oqbH02     3    30   360    10    71     1     1     1     1   232 2.600
1gr0A02     3    30   360    10    72     1     1     1     1    84 1.950
2ixaA02     3    30   360    10    73     1     1     1     1   257 2.300
1dpgA02     3    30   360    10    76     1     1     1     1   309 2.000
1ffvB03     3    30   365    10     2     1     2     1     1   166 2.250
1ffvB02     3    30   365    10     3     1     2     1     1   145 2.250
2e1qC08     3    30   365    10     4     1     3     1     1   170 2.600
3zyvA10     3    30   365    10     7     3     1     1     1   128 2.550
4zohA04     3    30   365    10    15     1     1     1     1   171 2.200
2w55B03     3    30   365    10    23     3     1     2     1    94 3.400
5g5gC03     3    30   365    10    25     1     1     1     1    93 1.700
1rm6D04     3    30   365    10    27     1     1     1     1   236 1.600
1v97A06     3    30   365    10    30     1     2     2     1   292 1.940
2hxxA00     3    30   370    10     1     1     3     1     1    86 2.000
2cx6A00     3    30   370    10     2     1     2     1     1    88 2.430
8bdpA01     3    30   379    10     2     1     1     1     1   125 1.470
7wdtA02     3    30   379    10     3     1     1     1     1   131 1.650
1c7sA02     3    30   379    10     8     1     1     1     1   127 1.800
4a4aA02     3    30   379    10     9     1     1     1     1   130 1.900
7cboA01     3    30   379    10    12     1     1     1     1   109 1.500
2v5dA01     3    30   379    10    14     1     1     2     1   137 3.300
1nowA01     3    30   379    10    15     1     1     1     1   129 2.200
4c91A01     3    30   379    10    18     2     1     1     1   165 2.140
6jebA01     3    30   379    10    19     1     1     1     1    75 1.500
1dwnA00     3    30   380    10     2     1     1     2     1   127 3.500
1aq3A00     3    30   380    10     3     1     1     7     1   129 2.800
7tjgC01     3    30   380    10     5     1     1     3     1   122 3.900
2hg0A03     3    30   387    10     1     4     3     1     1    85 3.000
2akzA01     3    30   390    10     6     1     1     1     1   126 1.360
2pgeA01     3    30   390    10    11     1     1     1     1   127 1.600
3n4fA01     3    30   390    10    15     1     1     2     1   126 1.880
3toyA01     3    30   390    10    17     2     1     1     1   127 1.800
1bqgA01     3    30   390    10    22     4     3     1     1   138 2.300
1sjdB01     3    30   390    10    24     1     1     1     1   131 1.870
2rdxA01     3    30   390    10    26     3     1     1     1   132 2.000
1rvkA01     3    30   390    10    30     1     1     3     1   115 1.700
2zadA01     3    30   390    10    35     1     1     1     1   113 1.600
3sqsA01     3    30   390    10    39     1     1     1     1   138 1.900
2p0iA01     3    30   390    10    42     3     1     3     1   150 2.100
1kczA01     3    30   390    10    44     2     1     3     1   163 1.900
2hzgB01     3    30   390    10    51     1     1     1     1   143 2.020
3cyjA01     3    30   390    10    56     1     1     1     1   122 2.300
4gfiC01     3    30   390    10    58     1     1     1     1   105 1.900
3cawA01     3    30   390    10    64     1     1     1     1    91 1.870
4j57A03     3    30   390    30     6     4     1     1     1   113 2.500
2cduA03     3    30   390    30     8     1     1     1     1   113 1.800
4burC03     3    30   390    30    13     1     4     2     1    94 2.880
3ic9A04     3    30   390    30    14     1     1     1     1   121 2.150
4jq9A03     3    30   390    30    15     1     1     1     1   122 2.170
4emiA03     3    30   390    30    20     1     1     1     1    91 1.810
3oc4B03     3    30   390    30    23     1     1     1     1   119 2.600
1mo9A03     3    30   390    30    24     1     1     1     1   153 1.650
3kljA03     3    30   390    30    27     1     1     1     1    83 2.100
3fg2P03     3    30   390    30    28     1     1     1     1    86 2.200
1xhcA03     3    30   390    30    29     1     1     1     1    48 2.350
1zxiC03     3    30   390    50     1     1     1     2     1   105 1.700
1rm6B02     3    30   390    50     2     1     1     1     1   107 1.600
6ac4A05     3    30   390    50     3     1     2     4     1   118 2.190
5g5gB02     3    30   390    50     5     1     1     1     1    94 1.700
3hrdC02     3    30   390    50     6     1     1     1     1   113 2.200
2e5aA02     3    30   390    50     7     1     1     1     1    93 2.100
1vqzA02     3    30   390    50     8     1     1     1     1    88 1.990
1h2iA01     3    30   390    80     1     1     1     2     1   148 2.700
4udqA02     3    30   410    40     2     1     1     1     1   180 1.600
2jbvA04     3    30   410    40     3     1     1     1     1   174 1.860
3b0gA02     3    30   413    10     2     1     1     1     1   186 1.250
6c3zA03     3    30   413    10     3     1     1     4     1   143 1.680
3b0nA03     3    30   413    10     4     1     1     2     1   125 2.000
3mm5A03     3    30   413    10     6     1     1     1     1   186 1.800
3mm5B02     3    30   413    10     7     2     1     1     1   191 1.800
5h8yD02     3    30   413    10    10     1     1     1     1   203 2.200
3noyB02     3    30   413    10    12     1     1     1     1    95 2.700
4ep4A00     3    30   420    10     1     1     1     1     1   166 1.280
1cz9A00     3    30   420    10     3     1     1     2     1   139 1.200
6a4dB00     3    30   420    10     4     5     1     1     1   182 2.190
1rilA00     3    30   420    10     5     3     2     1     1   147 2.800
1b92A00     3    30   420    10     8     1     4    12     1   144 2.020
4dleA01     3    30   420    10     9     1     2     1     1   140 2.440
2py5A01     3    30   420    10    11     1     1     1     1   184 1.600
2qxfA01     3    30   420    10    16     1     1     1     1   192 1.500
1bdp001     3    30   420    10    17     1     1    19     1   194 1000.000
1wljA00     3    30   420    10    19     1     1     1     1   168 1.900
3oyjB00     3    30   420    10    22     1     1     6     1   180 2.680
2ehgA00     3    30   420    10    23     1     1     1     1   149 1.600
1zbhA02     3    30   420    10    25     1     1     5     1   224 3.000
3k9jA00     3    30   420    10    26     1     1     2     1   201 1.900
7jw6A01     3    30   420    10    30     2     1     1     1   215 1.500
1q8iA03     3    30   420    10    32     1     1     1     1   185 2.000
3v9wB00     3    30   420    10    33     1     1     1     1   201 1.700
2fbyA00     3    30   420    10    34     1     2     1     1   196 2.000
5ovnA05     3    30   420    10    35     2     1     1     1   124 2.940
7wrnA01     3    30   420    10    36     1     1     1     1   198 1.850
2etjA00     3    30   420    10    37     1     1     1     1   206 1.740
5cr4A00     3    30   420    10    38     1     1     1     1   224 1.400
2o4iA01     3    30   420    10    39     1     1     6     1   211 3.500
4fzxC00     3    30   420    10    41     1     1     1     1   157 2.300
4ogcA01     3    30   420    10    42     1     2     1     1   188 2.800
5v5fA00     3    30   420    10    44     1     2     1     1   200 2.950
3dlbA04     3    30   420    10    49     1     1     1     1   175 2.700
3cymA01     3    30   420    10    51     1     1     1     1   207 2.100
2p5oB02     3    30   420    10    56     1     1     5     1   226 2.800
1kfdA01     3    30   420    10    57     1     1     4     1   219 3.900
2yhaA02     3    30   420    10    59     1     1     1     1   229 1.850
2d0bA02     3    30   420    10    61     1     1     1     1   219 2.100
1uocB00     3    30   420    10    62     2     1     1     1   254 2.300
2w42B02     3    30   420    10    63     1     1     1     1   231 1.900
1x9mA01     3    30   420    10    66     1     1     1     1   226 2.100
7kseA02     3    30   420    10    67     1     1     2     1   146 3.000
7r8iA01     3    30   420    10    70     1     1     1     1   217 2.400
7pikC01     3    30   420    10    71     1     1     1     1   207 2.680
1bcoA01     3    30   420    10    72     1     1     1     1   222 2.400
1kcfB00     3    30   420    10    74     1     1     1     1   228 2.300
5g5tA02     3    30   420    10    77     1     1     1     1   204 2.850
8b4hA01     3    30   420    10    78     1     1     1     1   162 3.350
4fvmA03     3    30   420    10    79     1     1     1     1   234 2.300
7lufB01     3    30   420    10    81     1     1     2     1   287 3.500
3sahA01     3    30   420    10    84     3     1     2     1   278 2.650
7sxqA01     3    30   420    10    85     1     1     1     1   248 2.500
7kx7A03     3    30   420    10    87     1     1     2     1   215 3.800
7r0kB01     3    30   420    10    88     1     1     1     1   252 2.970
8in8C01     3    30   420    10    89     1     1     1     1   262 3.000
3d45B01     3    30   420    10    90     1     2     1     1   299 3.000
2p9iA01     3    30   420    40     1     2     1     1     1   164 2.460
2i7nA02     3    30   420    40     6     1     2     1     1   155 1.900
7b7zB01     3    30   420    40     8     2     1     1     1   181 1.700
2nztB04     3    30   420    40    10     3     2     1     1   158 2.450
3zx3A01     3    30   420    40    11     2     1     1     1   141 1.700
4gniB01     3    30   420    40    14     1     1     1     1   153 1.800
1huxA02     3    30   420    40    16     2     1     1     1   140 3.000
6gwjK01     3    30   420    40    27     2     1     1     1   171 1.950
2pbdA01     3    30   420    40    29     1     2     1     1   130 1.500
2q2rA01     3    30   420    40    30     1     2     1     1   167 2.100
5jicA02     3    30   420    40    33     1     1     1     1   182 1.400
1okjB01     3    30   420    40    38     1     2     2     1   128 2.280
3djcJ02     3    30   420    40    40     2     1     1     1   163 2.400
5b8hA02     3    30   420    40    43     1     2     1     1   121 2.200
4a2bA01     3    30   420    40    46     1     1     1     1   138 1.800
3wt0A02     3    30   420    40    47     1     1     1     1   160 2.000
2e2oA01     3    30   420    40    48     1     1     1     1   131 1.650
2ch5A01     3    30   420    40    50     1     1     1     1   142 1.900
5ljvA02     3    30   420    40    51     1     1     2     1   170 3.640
4ijaB02     3    30   420    40    53     1     1     1     1   157 2.100
4dq8B01     3    30   420    40    55     1     3     1     1   171 2.250
6jdbA01     3    30   420    40    58     1     2     2     1   137 2.650
4mo4A01     3    30   420    40    59     1     1     1     1   178 1.670
2ychA01     3    30   420    40    62     1     1     1     1   153 2.200
4zxzA01     3    30   420    40    64     1     2     1     1   188 2.200
2fsjA02     3    30   420    40    65     1     1     1     1   138 1.900
3ohrA02     3    30   420    40    66     1     1     1     1   182 1.660
8gtyA01     3    30   420    40    71     1     1     2     1   114 1.800
3lm2A02     3    30   420    40    72     1     1     1     1   122 1.700
2f9wA01     3    30   420    40    74     1     1     1     1   130 1.900
1nbwA04     3    30   420    40    77     1     2     1     1   132 2.400
2zgyA01     3    30   420    40    79     1     1     1     1   180 1.900
1zc6B01     3    30   420    40    84     1     1     1     1   135 2.200
1hkgA02     3    30   420    40    85     1     2     1     1   130 3.500
3khyA02     3    30   420    40    89     2     1     1     1   186 1.980
5ly3A01     3    30   420    40    90     1     1     1     1   203 1.600
7vyjB01     3    30   420    40    91     1     1     1     1   186 1.980
1woqA01     3    30   420    40    93     1     1     1     1   112 1.800
4bc3A02     3    30   420    40    94     1     1     1     1   201 1.680
2gupA02     3    30   420    40    96     1     1     1     1   187 2.010
4htlA01     3    30   420    40   105     1     1     1     1    97 1.640
2ch5B02     3    30   420    40   110     1     1     1     1   200 1.900
5br9A02     3    30   420    40   113     2     1     1     1    91 2.350
1x9jB01     3    30   420    40   114     1     1     2     1   174 3.000
6p2uA03     3    30   420    40   119     3     1     1     1    86 2.000
3ohrA01     3    30   420    40   122     1     1     1     1    93 1.660
8oqkA01     3    30   420    40   124     2     1     1     1   103 2.000
1k8kB01     3    30   420    40   131     1     1     1     1   102 2.000
2d4wA02     3    30   420    40   135     8     1     1     1   250 2.300
3wuhA02     3    30   420    40   137     1     1     1     1   168 2.940
2h3gX01     3    30   420    40   145     1     1     1     1    88 2.000
6ixwB01     3    30   420    40   146     1     1     1     1   162 3.250
2uytA02     3    30   420    40   149     1     1     1     1   244 1.550
4xhpA01     3    30   420    40   151     1     1     1     1   169 3.200
1zxoA02     3    30   420    40   153     1     2     1     1    94 3.200
4i6mA02     3    30   420    40   160     1     1     1     1   113 2.800
3weeA01     3    30   420    40   164     1     1     1     1   183 3.100
2itmB02     3    30   420    40   167     1     1     1     1   234 2.100
1r59O01     3    30   420    40   169     1     1     4     1   243 2.500
4am6A01     3    30   420    40   172     1     1     1     1   210 2.700
3ttcA04     3    30   420    40   173     1     1     1     1   250 1.860
3h6eA03     3    30   420    40   179     1     1     1     1   231 2.500
3qdkA02     3    30   420    40   184     1     1     1     1   271 2.310
4bc3A01     3    30   420    40   186     1     1     1     1   312 1.680
3l0qA01     3    30   420    40   187     1     1     1     1   349 1.610
6az1O00     3    30   420    80     1     2     1     1     1   137 2.700
5oomP00     3    30   420    80     4     1     1     1     1   141 3.030
5o60P01     3    30   420   100     1     2     1     1     1   100 3.180
3o58E00     3    30   420   100     4     1     2     1     1   287 1000.000
1ewrA01     3    30   420   110     2     1     1     2     1   110 3.190
7ou4A02     3    30   420   110     6     1     1     1     1   137 3.300
2o8bB02     3    30   420   110     7     1     1     1     1   186 2.750
3mdqA02     3    30   420   150     2     1     1     1     1   180 1.500
3cj1A02     3    30   420   150     4     2     1     1     1   263 1.700
1u6zA02     3    30   420   150     6     1     1     1     1   179 1.900
4iljA01     3    30   420   230     1     1     2     3     1   161 2.000
3f5tA02     3    30   420   330     1     1     7     1     1   114 2.700
3i4sA00     3    30   428    10     1     3     1     1     1   134 1.750
3n1sJ00     3    30   428    10     2     3     1     1     1   119 1.450
6gqdA01     3    30   428    10     3     1     1     1     1   137 1.520
3l7xA00     3    30   428    10     7     2     1     1     1   157 1.700
2h39B02     3    30   428    10    11     1     1     2     1   126 2.230
1st0B03     3    30   428    10    14     1     1     2     1   119 1.900
3wo5A00     3    30   428    10    16     1     1     2     1   158 2.790
3spdA00     3    30   428    10    19     1     1     2     1   200 1.910
1vkvA01     3    30   428    10    20     1     3     1     1   180 1000.000
6gbsA02     3    30   428    10    25     1     1     1     1   212 1.950
1fimA00     3    30   429    10     3     1     2     2     1   102 2.200
3mb2C00     3    30   429    10    16     3     1     1     1    62 2.410
4nwpH00     3    30   429    10    17     1     2     1     1   117 2.100
3ej3C00     3    30   429    10    19     1     1     2     1    64 1.700
2aajA00     3    30   429    10    20     1     1     2     1   129 2.740
4lkbE00     3    30   429    10    21     2     1     1     1   118 2.160
4u5pA00     3    30   429    10    29     1     1     1     1   140 1.780
4jj9C00     3    30   429    10    30     1     1     1     1   141 1.760
3m20A00     3    30   429    10    33     1     1     1     1    59 2.370
3mb2F00     3    30   429    10    36     1     1     1     1    54 2.410
6mktA00     3    30   450    20     1     1     1    12     1   124 1.600
5aveA02     3    30   450    20    18     1     1     2     1   114 1.800
3libH01     3    30   450    20    21     1     2     1     1   129 2.990
4cqhA01     3    30   450    20    24     1     1     2     1   151 1.140
3mqqB00     3    30   450    20    25     1     1     1     1   116 1.650
7dwmB01     3    30   450    20    29     2     1     1     1   130 2.650
4hh3A01     3    30   450    20    32     1     1     1     1   114 1.750
3by9B01     3    30   450    20    34     1     1     1     1   130 1.700
4e04B01     3    30   450    20    38     1     1     1     1   112 1.790
2qkpD00     3    30   450    20    46     1     1     1     1   134 1.750
3a0sA00     3    30   450    20    50     1     1     1     1    96 1.470
5ereA02     3    30   450    20    53     1     1     1     1   128 2.000
3b33A00     3    30   450    20    58     1     1     1     1   105 1.830
2ea9A01     3    30   450    20    60     1     2     1     1    94 2.100
3h9wA00     3    30   450    20    62     1     1     1     1   106 1.900
2pd8B00     3    30   450    20    63     1     1     1     1   140 1.800
3volA00     3    30   450    20    64     1     1     2     1   138 2.400
4ywzB00     3    30   450    20    67     1     1     1     1   145 1.700
3lidA03     3    30   450    20    73     1     1     1     1    96 1.760
4exoA00     3    30   450    20    76     1     1     1     1   142 1.900
4f3lB02     3    30   450    20    77     1     1     1     1   129 2.270
3cwfA00     3    30   450    20    79     1     1     1     1   108 2.200
6zj8D01     3    30   450    20    81     1     1     1     1   114 2.400
8dikA01     3    30   450    20    82     1     1     1     1   114 2.400
3e4pA03     3    30   450    20    85     1     1     1     1   109 2.300
4mn5A00     3    30   450    20    86     1     1     1     1    98 2.000
4jgpA02     3    30   450    20    88     1     1     1     1    98 2.030
3gdiA01     3    30   450    20    89     1     1     1     1   111 2.400
4m4xA00     3    30   450    20    90     1     1     1     1   126 2.550
3mfxB00     3    30   450    20    92     1     1     1     1   110 2.400
4ehoA04     3    30   450    20   100     1     1     2     1   121 1000.000
3lifB01     3    30   450    20   114     1     1     1     1   142 2.700
7xlqD01     3    30   450    20   116     1     1     1     1   129 3.100
2zbbA02     3    30   450    20   118     1     1     2     1    81 2.500
4r3aA01     3    30   450    20   121     1     1     2     1   176 2.920
3lifA02     3    30   450    20   122     1     1     1     1    88 2.700
6fu4A01     3    30   450    20   123     1     1     1     1   163 2.450
3licA01     3    30   450    20   127     1     1     1     1   177 2.300
8oskM01     3    30   450    20   130     1     1     1     1   135 3.600
1wa9A02     3    30   450    20   133     1     1     1     1   168 3.150
1ll8A00     3    30   450    20   135     1     1     1     1   114 999.000
1vetA00     3    30   450    30     2     1     1     2     1   122 1.900
1skoB00     3    30   450    30     3     1     2     2     1   116 2.000
4qwoB00     3    30   450    30     5     1     1     1     1   129 1.520
3d9yA00     3    30   450    30     6     1     1     1     1   126 1.650
4ftxB01     3    30   450    30     9     1     1     1     1   128 2.100
5y3aE00     3    30   450    30    10     1     1     4     1    90 2.900
3kyeB00     3    30   450    30    11     1     1     1     1   117 2.150
6h5bB01     3    30   450    30    12     1     1     2     1   119 2.800
3necA00     3    30   450    30    13     1     1     1     1   161 1.700
1f5mA00     3    30   450    40     1     3     1     1     1   176 1.900
5dfyA00     3    30   450    40     3     2     1     1     1   158 1.600
3trcA00     3    30   450    40     5     1     1     1     1   165 1.650
5ey1B00     3    30   450    40    11     2     1     1     1   168 2.000
4y2fA00     3    30   450    40    13     1     1     1     1   143 1.400
4dn0A01     3    30   450    40    20     1     1     4     1   142 2.300
3obfA00     3    30   450    40    21     1     1     1     1   172 2.160
3eeaA00     3    30   450    40    22     1     1     1     1   153 1.800
3citA00     3    30   450    40    27     1     1     1     1   153 1.900
4lrzE01     3    30   450    40    31     1     1     1     1   178 2.320
3e98B00     3    30   450    40    33     1     1     1     1   172 2.430
3k2nA00     3    30   450    40    36     1     1     1     1   174 2.500
5tjjB02     3    30   450    40    38     1     1     1     1   176 2.500
3g6oA01     3    30   450    40    40     4     1     2     1   207 2.850
3d3oA00     3    30   450    40    41     1     1     1     1   167 2.460
1stzA02     3    30   450    40    45     1     1     1     1   149 2.200
2vjwA00     3    30   450    40    46     1     1     1     1   135 2.000
4bwiB02     3    30   450    40    49     1     1     1     1   185 2.600
3mf0A01     3    30   450    40    50     1     2     2     1   180 3.100
2qybA00     3    30   450    40    51     1     1     1     1   147 2.400
2xrnA02     3    30   450    40    52     1     1     1     1   177 2.900
3ibjA01     3    30   450    40    55     1     1     1     1   168 3.020
7jsnB02     3    30   450    40    61     1     2     1     1   206 3.200
2nutC00     3    30   450    50     2     1     1     1     1   135 2.300
1h8mA00     3    30   450    50     4     1     1     2     1   140 999.000
1nrjA00     3    30   450    60     2     1     1     1     1   147 1.700
6oxlM01     3    30   450    60     4     1     1     2     1   138 3.500
6cm9S00     3    30   450    60     5     2     2     1     1   142 3.730
5ck3C00     3    30   450    60     8     1     1     1     1   105 3.200
1l3lA01     3    30   450    80     2     1     1     1     1   167 1.660
3qp6A01     3    30   450    80     3     1     2     2     1   180 2.000
6d6nC00     3    30   450    80     4     1     1     1     1   160 1.810
2avxA00     3    30   450    80     7     1     1     3     1   171 999.000
5tshB01     3    30   450    90     2     1     1     2     1   100 2.300
6ojyB01     3    30   450    90     7     1     1     1     1   106 3.300
4nkpC00     3    30   450   150     1     1     1     1     1   142 1.240
5cx7E00     3    30   450   150     3     1     1     1     1   139 1.970
4clcA00     3    30   450   150     5     1     1     1     1   169 2.800
3r7wB02     3    30   450   190     2     2     1     1     1   114 2.770
8fw5D02     3    30   450   190     3     2     1     1     1   122 3.080
3nhqC03     3    30   450   270     2     1     1     1     1   143 2.550
7l5aA02     3    30   450   270     5     1     1     1     1   137 2.950
4ehoB03     3    30   450   270     6     1     1     2     1   176 1000.000
3eqvA02     3    30   450   330     1     3     1     2     1   133 2.400
5c0uA00     3    30   450   410     2     1     1     3     1   208 1.870
3rh6A03     3    30   460    10     2     1     1     7     1   123 2.050
1knyA01     3    30   460    10     3     1     1     3     1   125 2.500
4ebkA01     3    30   460    10     5     1     1     2     1   124 2.150
6go4A03     3    30   460    10    13     2     2     1     1   133 1.960
5hrgA01     3    30   460    10    14     1     1     2     1   108 2.000
1px5A01     3    30   460    10    17     1     1     1     1   141 1.740
1no5B00     3    30   460    10    23     1     1     1     1   102 1.800
4x4wB01     3    30   460    10    25     1     1     1     1   144 1.900
6sj5A01     3    30   460    10    26     2     1     1     1   108 2.270
4zrlA01     3    30   460    10    27     1     1     1     1   117 2.280
7x4pA01     3    30   460    10    29     1     1     1     1   157 1.600
2pbeA01     3    30   460    10    30     1     1     1     1   124 2.650
2hhpA02     3    30   460    10    32     1     1     1     1   156 1.800
7qprA02     3    30   460    10    34     1     1     1     1   135 2.510
7ohgA02     3    30   460    10    40     2     1     1     1   154 2.510
7ztbB01     3    30   460    10    41     1     1     1     1   163 2.310
2w9mB03     3    30   460    10    44     1     1     1     1    81 2.460
4at7B02     3    30   460    10    45     1     1     1     1   191 1.900
3wfoA01     3    30   460    10    46     1    11     1     1   157 3.400
3k7dA02     3    30   460    10    47     1     1     1     1   250 2.400
5jrwA01     3    30   460    20     1     1     1     4     1   139 3.300
3ck6A01     3    30   460    20     2     1     2     1     1   117 1.900
7z7vC01     3    30   460    80     2     1     1     1     1   127 2.290
7z0sE01     3    30   460    80     3     1     1     1     1   119 2.600
6u8yK01     3    30   460    80     7     1     1     1     1   154 4.000
5xzgA02     3    30   460    90     1     1     2     1     1   180 1.830
4woyA02     3    30   460    90     2     2     1     1     1   193 2.400
7lt2A01     3    30   460    90     3     1     1     1     1   245 1.580
6fyeA02     3    30   465    10     2     1     1     5     1   140 2.300
1wvfA02     3    30   465    10     4     1     1     1     1   128 1.300
1ffvC03     3    30   465    10     5     2     1     1     1   114 2.250
2i0kA02     3    30   465    10     7     2     1     1     1   126 1.600
4jb1A02     3    30   465    10     8     3     1     1     1   154 2.100
2w3sA04     3    30   465    10     9     2     1     1     1   114 2.600
2exrA02     3    30   465    10    10     1     2     1     1   128 1.700
1hskA01     3    30   465    10    12     2     1     1     1   127 2.300
1f0xA03     3    30   465    10    14     1     1     1     1   163 1.900
2rk5A00     3    30   465    10    18     2     1     1     1    86 1.500
3vteA02     3    30   465    10    22     6     1     1     1   213 2.750
2p13A00     3    30   465    10    24     1     1     1     1    84 1.650
2pliA00     3    30   465    10    25     1     1     1     1    83 1.700
2ipiA01     3    30   465    10    28     3     1     1     1   231 1.650
2uuuA02     3    30   465    10    29     1     1     1     1   224 1.950
4tm5A01     3    30   470    10     5     1     1     1     1   132 1.600
4dqnA01     3    30   470    10     7     2     1     1     1   158 1.970
3snoA01     3    30   470    10     8     1     1     1     1   119 1.600
2zgiA01     3    30   470    10    18     1     1     1     1    99 1.930
3cswC01     3    30   470    10    19     1     1     1     1   106 2.150
3cebA01     3    30   470    10    22     1     1     1     1    83 2.400
2r85A02     3    30   470    20     4     1     1     1     1   185 1.700
3t7aA02     3    30   470    20     7     1     1     1     1   202 1.700
3ax6A03     3    30   470    20     8     2     1     1     1   182 2.200
1a9xA06     3    30   470    20     9     1     1     1     1   203 1.800
5s5bF02     3    30   470    20    10     1     1     3     1   182 2.300
2gqsA02     3    30   470    20    15     5     1     1     1   136 2.050
7pupA01     3    30   470    20    16     1     1     1     1   215 1.910
5caeB01     3    30   470    20    17     3     1     3     1   154 2.200
3i12A02     3    30   470    20    19     3     1     1     1   163 2.200
2yrxA03     3    30   470    20    20     3     1     1     1   136 1.900
4xymB01     3    30   470    20    22     2     1     1     1   151 1.900
3wnzA03     3    30   470    20    26     1     1     1     1   144 1.900
4fflA02     3    30   470    20    27     1     1     1     1   259 1.500
3n6rA02     3    30   470    20    29     3     1     2     1   245 3.200
1auvA03     3    30   470    20    36     1     3     2     1   101 2.150
2pvpA02     3    30   470    20    38     1     1     1     1   146 2.400
4egjD02     3    30   470    20    39     1     1     1     1   140 2.300
1glvA02     3    30   470    20    41     1     1     2     1   108 2.700
2olsA02     3    30   470    20    42     1     1     1     1   143 2.400
1m0wA02     3    30   470    20    43     1     1     1     1   108 1.800
2pn1A03     3    30   470    20    44     1     1     1     1   118 2.000
1uc8A03     3    30   470    20    46     1     3     1     1    94 2.000
1vbgA03     3    30   470    20    49     2     1     1     1    98 2.300
3votB02     3    30   470    20    50     1     1     1     1   293 1.800
1bxrC02     3    30   470    20    51     1     1     1     1   285 2.100
5i47B03     3    30   470    20    52     1     1     1     1    94 2.350
4hnvB01     3    30   470    20    55     1     1     1     1   346 2.800
3tw6C01     3    30   470    20    56     2     1     1     1   450 2.400
6p0cA03     3    30   470    30     5     1     1     1     1   126 1.550
6imjA01     3    30   470    30     6     1     1     3     1   188 2.550
4glxA02     3    30   470    30     7     1     2     1     1   143 1.900
2hivA02     3    30   470    30     8     1     1     1     1   206 2.050
3bacA01     3    30   470    30    10     2     2     1     1   232 3.000
1ckmA01     3    30   470    30    12     1     1     1     1   155 2.500
1s68A02     3    30   470    30    16     1     1     1     1   113 1.900
3kyhC01     3    30   470    30    17     3     1     1     1   240 3.000
4d05A02     3    30   470    30    18     1     1     1     1    97 1.650
2vugA03     3    30   470    30    21     2     1     1     1   102 2.900
3gb8B00     3    30   470    30    25     1     1     2     1   268 2.900
3ty5A01     3    30   470    30    26     1     1     2     1   321 2.400
3d7jA00     3    30   479    10     1     1     1     1     1   132 1.450
3i2bG00     3    30   479    10     3     2     2     1     1   136 2.300
1y13A00     3    30   479    10     4     1     2     1     1   162 2.200
3jygA00     3    30   479    10     6     1     1     1     1   178 1.950
1xb2B03     3    30   479    20     3     1     1     1     1    95 2.200
1xb2B02     3    30   479    20     4     1     1     1     1   121 2.200
1winA01     3    30   479    30     3     1     1     1     1   117 999.000
2rpbA00     3    30   479    30     4     1     1     1     1   113 999.000
2zv4O01     3    30   479    30     5     1     2     1     1   139 1000.000
5c98A01     3    30   497    10     2     1     1     1     1   220 1.450
1attB02     3    30   497    10    16     1     2     1     1   258 3.200
2wxyC02     3    30   497    10    18     1     1     1     1   202 2.100
3stoA01     3    30   497    10    20     1     1     1     1   221 2.410
4r9iA01     3    30   497    10    22     1     1     1     1   278 1.650
3snpA02     3    30   499    10     2     1     2     1     1   242 2.800
4kp2A01     3    30   499    10     5     2     1     1     1   271 2.500
4kp2A02     3    30   499    10     6     2     1     1     1   144 2.500
1l5jA04     3    30   499    10     8     1     1     1     1   128 2.400
3snpA01     3    30   499    10     9     1     1     1     1   349 2.800
4f7eA01     3    30   500    10     5     2     1     1     1   175 2.400
1lqvB00     3    30   500    10     6     1     1     1     1   173 1.600
5bxfA01     3    30   500    10     9     1     1     3     1   171 2.850
4pp8D00     3    30   500    10    14     1     1     1     1   150 1.950
4pdcE00     3    30   500    10    15     1     1     1     1   150 1.990
3it8D01     3    30   500    10    18     1     1     1     1   180 2.800
1u58A01     3    30   500    10    19     1     1     2     1   122 1.900
1r3hA01     3    30   500    10    20     1     1     1     1   156 2.500
1h9oA00     3    30   505    10     6     1     2     1     1   109 1.790
3pjpA02     3    30   505    10    16     1     1     1     1    97 1.600
4fl3A01     3    30   505    10    35     2     1     1     1   110 1.900
2xp1A01     3    30   505    10    41     1     1     1     1    95 2.200
7siyA03     3    30   505    10    43     1     1     1     1    69 1.480
1bg1A04     3    30   505    10    44     1     1     1     1   109 2.250
2hmhA00     3    30   505    10    45     1     1     1     1   119 2.000
1rpyB00     3    30   505    10    48     1     1     1     1    85 2.300
2ci8A01     3    30   505    10    55     1     1     1     1    56 1.800
1uurA04     3    30   505    10    59     1     1     1     1   132 2.700
2dvjA01     3    30   505    10    70     1     1     1     1   143 999.000
1b6fA00     3    30   530    20     1     1     1    12     1   159 999.000
3njoA00     3    30   530    20     7     1     1     6     1   169 2.470
5e4bA00     3    30   530    20     8     1     1     1     1   176 1.500
3q64A00     3    30   530    20    10     1     1     1     1   152 1.500
2vneA01     3    30   530    20    12     1     1     3     1   159 2.720
4xrtA02     3    30   530    20    13     2     1     1     1   160 1.950
4r7kA00     3    30   530    20    14     1     1     1     1   163 1.880
2resA00     3    30   530    20    15     1     1     2     1   152 2.200
3p9vA00     3    30   530    20    16     1     1     1     1   156 1.780
1xfsA00     3    30   530    20    17     1     1     1     1   149 1.700
7wa9A01     3    30   530    20    24     1     1     1     1   141 1.900
3tfzB00     3    30   530    20    25     1     1     1     1   165 2.390
1jssA00     3    30   530    20    26     1     2     1     1   199 2.200
8es5A01     3    30   530    20    30     1     1     1     1   138 1.970
2il5A00     3    30   530    20    31     1     1     1     1   154 2.300
3oh8A01     3    30   530    20    33     1     1     1     1   138 2.000
1em2A00     3    30   530    20    40     1     1     2     1   211 2.200
2e3nA00     3    30   530    20    41     1     1     1     1   231 1.400
2d4rA00     3    30   530    20    43     1     1     1     1   144 2.400
2ffsA00     3    30   530    20    45     1     1     1     1   143 2.500
3pu2B00     3    30   530    20    46     1     1     1     1   148 2.610
3ni8A00     3    30   530    20    48     1     1     1     1   140 2.500
1vjhA00     3    30   530    20    49     1     1     1     1   118 2.100
2qpvA00     3    30   530    20    51     1     1     1     1   128 2.350
3fo5B00     3    30   530    20    55     1     1     1     1   233 2.000
1t27A00     3    30   530    20    57     1     1     2     1   269 2.200
2lf2A00     3    30   530    20    61     1     1     1     1   175 999.000
1zxfA00     3    30   530    20    62     1     1     1     1   155 999.000
1xn6A00     3    30   530    20    63     1     2     1     1   143 999.000
2lioA00     3    30   530    20    69     1     1     1     1   136 999.000
5iz3A01     3    30   540    10     1     1     1     1     1   174 1.300
1spiA01     3    30   540    10     2     4     2     1     1   189 2.800
4n81A01     3    30   540    10     5     2     1     1     1   136 1.900
1ni9A01     3    30   540    10     8     1     1     3     1   152 2.000
1ka1A01     3    30   540    10    10     1     1     1     1   219 1.300
6b64A01     3    30   540    10    11     1     1     3     1   138 2.600
2q74A01     3    30   540    10    17     2     1     1     1   129 2.600
2rkvA01     3    30   559    10     2     1     1     1     1   214 1.600
2zbaB02     3    30   559    10     3     1     2     1     1   206 2.000
4jn3A01     3    30   559    10     4     1     1     2     1   209 1.690
1ciaA00     3    30   559    10     6     1     1     6     1   213 2.500
4ke4A01     3    30   559    10     7     1     4     1     1   214 2.010
2xhgA01     3    30   559    10    11     1     1     1     1   176 1.500
2e1vA01     3    30   559    10    12     1     1     1     1   232 1.800
3fotA01     3    30   559    10    17     1     1     1     1   246 1.750
1ndbA01     3    30   559    10    24     2     2     1     1   270 1.800
2bghA02     3    30   559    10    28     1     1     1     1   206 2.600
1q9jB01     3    30   559    10    31     1     1     1     1   213 2.750
1dpbA00     3    30   559    10    32     2     1     1     1   243 2.500
4zxwB01     3    30   559    10    34     1     1     1     1   172 2.190
7emyA02     3    30   559    10    47     1     1     1     1   166 2.970
2jgpA03     3    30   559    30     3     1     1     1     1   233 1.850
3fotA02     3    30   559    30     5     1     1     1     1   261 1.750
2xhgA02     3    30   559    30     6     1     1     1     1   281 1.500
7r9xA02     3    30   559    30     7     1     1     1     1   234 2.140
4znmA01     3    30   559    30     8     1     1     1     1   256 2.000
6aefA01     3    30   559    30     9     1     1     1     1   252 2.160
5t3eB02     3    30   559    30    10     1     1     1     1   248 2.300
1l5aA03     3    30   559    30    13     1     1     1     1   201 2.550
5ja2A01     3    30   559    30    14     1     1     2     1   261 3.000
4hvmD02     3    30   559    30    16     1     1     1     1   193 2.700
1ndbA02     3    30   559    70     1     1     2     1     1   306 1.800
1aj6A00     3    30   565    10     1     3     1     5     1   194 2.300
1i5dA00     3    30   565    10     4     1     1     3     1   190 2.900
1bgqA00     3    30   565    10     7     1     1     9     1   214 2.500
1h7sA01     3    30   565    10     8     1     1     1     1   191 1.950
5iujB02     3    30   565    10    34     1     1     2     1   123 3.200
3tz0A02     3    30   565    10    36     1     1     2     1   146 2.500
3jz3B01     3    30   565    10    41     1     1     1     1   146 2.500
6qrjA01     3    30   565    10    43     1     1     1     1   144 2.650
4r3aA02     3    30   565    10    48     1     1     1     1   142 2.920
6m36O01     3    30   565    10    50     1     1     2     1    96 3.400
2q2eB01     3    30   565    10    51     1     1     1     1   221 4.000
1bo7A00     3    30   572    10     1     4     2     7     1   316 2.400
3egyX00     3    30   572    10     2     3     3    30     1   230 2.180
1b5eA00     3    30   572    10     3     1     1     1     1   241 1.600
6pf8C02     3    30   572    10     7     1     1     1     1    45 2.530
1crkA02     3    30   590    10     1     2     7     1     1   279 3.000
1f52A01     3    30   590    10     4     3     1     1     1   353 2.490
4is4D02     3    30   590    10    11     1     1     1     1   201 2.350
2gwcA00     3    30   590    20     1     1     1     2     1   420 2.180
1va6B02     3    30   590    20     2     1     1     1     1   432 2.100
1r8gA00     3    30   590    20     3     1     1     2     1   342 2.150
5vawA01     3    30   700    10     4     1     1     1     1   116 1.690
5jw8A00     3    30   700    10     5     1     1     1     1   133 1.440
1t92A01     3    30   700    10     6     1     2     1     1    99 1.600
4xa2A01     3    30   700    10     8     1     1     1     1   113 1.980
1a68A00     3    30   710    10     1     1     2     3     1    87 1.800
6er1A00     3    30   710    10     4     1     1     1     1   121 1.400
3fkcA00     3    30   710    10     5     1     1     1     1   113 1.700
4b9kE00     3    30   710    10     9     1     1     4     1    86 2.000
4u2mA02     3    30   710    10    15     2     1     1     1    99 2.230
4uyiA00     3    30   710    10    25     1     1     1     1   127 1.860
5ftaA00     3    30   710    10    34     1     2     1     1   101 2.640
4u2nA01     3    30   710    10    36     1     2     1     1   138 2.300
1nexA00     3    30   710    10    39     1     1     1     1   126 2.700
1vx7d00     3    30   720    90     2     1     1     1     1    72 1000.000
4gywA04     3    30   720   150     1     1     1     1     1   114 1.700
3dvhA00     3    30   740    10     1     1     2     3     1    85 2.000
1h4yA00     3    30   750    24     1     1     1     2     1   115 1.610
4dgfA00     3    30   750    24     4     1     1     1     1   120 1.600
6jhkA00     3    30   750    24     6     2     1     5     1   115 3.100
3lklA00     3    30   750    24     8     1     2     1     1    90 2.150
3ny7A00     3    30   750    24     9     1     1     1     1   118 1.920
3ih8A02     3    30   750    24    10     1     1     1     1   106 2.300
3t6oA00     3    30   750    24    11     1     1     1     1   115 2.100
4xs5B00     3    30   750    24    16     1     1     1     1   111 2.900
7d06C01     3    30   750    24    19     1     1     1     1    84 3.100
1j7xA01     3    30   750    44     1     1     1     1     1    88 1.800
4l8kA01     3    30   750    44     4     1     1     1     1    87 2.260
1ap8A00     3    30   760    10     2     1     2     1     1   213 999.000
1ztpA01     3    30   760    10     5     1     1     1     1   210 2.500
6ospA01     3    30   800    10     2     1     2     1     1   164 2.210
1bo1A02     3    30   810    10     2     1     3     5     1   159 3.000
3go9A02     3    30   830    10     1     1     1     1     1   209 1.620
3cx5B01     3    30   830    10     3     1     1     1     1   211 1.900
3cx5A02     3    30   830    10     4     1     1     1     1   223 1.900
3amjB01     3    30   830    10     5     2     1     1     1   216 3.000
4l3tA02     3    30   830    10     7     1     1     1     1   218 2.030
4l3tA03     3    30   830    10     8     1     1     1     1   212 2.030
3p7lA03     3    30   830    10     9     1     1     2     1   227 2.080
3p7lA04     3    30   830    10    10     1     2     1     1   227 2.080
3cx5A01     3    30   830    10    11     1     1     1     1   202 1.900
3d3yA01     3    30   830    10    15     1     1     1     1   231 1.950
1bccB02     3    30   830    10    18     1     4     1     1   185 3.160
3cwwA01     3    30   830    10    21     1     1     1     1   243 1.960
1q2lA04     3    30   830    10    23     1     1     1     1   228 2.200
4xeaA02     3    30   830    10    25     1     1     1     1   186 1.950
1q2lA02     3    30   830    10    26     1     1     1     1   231 2.200
7y8vF01     3    30   830    10    34     1     1     2     1   191 2.300
2fgeA01     3    30   830    10    35     2     1     1     1   248 2.100
4l3tA04     3    30   830    10    36     1     1     2     1   256 2.030
6ofsA03     3    30   830    10    38     1     1     1     1   215 2.600
6ofsA02     3    30   830    10    40     1     1     1     1   219 2.600
3ivlA00     3    30   830    10    45     1     1     1     1   183 2.200
8b6jb01     3    30   830    10    49     1     1     1     1   205 2.800
7v4yA02     3    30   830    10    51     1     1     1     1   176 2.400
6ofsA04     3    30   830    10    52     1     1     1     1   184 2.600
3cx5B02     3    30   830    10    53     1     1     1     1   135 1.900
5eufA02     3    30   830    10    54     1     1     1     1   189 2.800
4iofB01     3    30   830    10    58     1     1     1     1   169 3.350
6zxfP01     3    30   860    10     5     1     2     1     1   120 3.700
1f0iA01     3    30   870    10     1     1     1     2     1   214 1.400
1jy1A01     3    30   870    10     2     1     1     2     1   200 1.690
4gemA00     3    30   870    10     3     1     1     2     1   194 2.210
1jy1A02     3    30   870    10     4     1     1     1     1   227 1.690
5lzkA00     3    30   870    10     5     1     1     1     1   169 1.580
3hsiA02     3    30   870    10     7     1     1     1     1   205 2.200
3sq8A01     3    30   870    10     9     1     1     2     1   181 2.100
1q32C02     3    30   870    10    12     1     1     1     1   236 2.030
4rctA01     3    30   870    10    13     1     1     1     1   184 2.250
2ze9A01     3    30   870    10    14     1     2     1     1   287 2.300
3hsiA01     3    30   870    10    16     1     1     1     1   238 2.200
2o8rB03     3    30   870    10    17     2     1     1     1   183 2.700
2o8rB04     3    30   870    10    18     2     1     2     1   166 2.700
7clgA01     3    30   870    10    21     1     1     1     1   190 3.100
5bpdA02     3    30   870    10    22     1     1     1     1   143 2.400
4lg7A00     3    30   890    10     3     1     2     1     1    63 2.500
1ub1A00     3    30   890    10     4     1     1     1     1   125 999.000
3abdB00     3    30   900    10     3     1     1     2     1   195 1.900
6tljZ00     3    30   900    10     4     1     1     5     1   195 3.800
4trkA00     3    30   900    10     6     1     1     1     1   242 1.750
4yk8B00     3    30   900    10     8     1     1     1     1   194 3.000
6v93E01     3    30   900    10     9     1     1     1     1   198 3.100
1ew4A00     3    30   920    10     2     1     1     1     1   106 1.400
1yfsA01     3    30   930    10     1     2     2     1     1   233 2.080
1evlA01     3    30   930    10     3     1     1     1     1   289 1.550
1hc7A01     3    30   930    10     5     3     1     1     1   269 2.430
1w66A01     3    30   930    10     8     1     1     1     1   208 1.080
2g4cA01     3    30   930    10    11     1     2     1     1   291 3.150
5zg8A02     3    30   930    10    12     2     1     1     1   320 2.400
1wleA02     3    30   930    10    14     1     1     1     1   317 1.650
3a5yA00     3    30   930    10    15     1     1     1     1   297 1.900
4h2xA00     3    30   930    10    16     1     1     3     1   293 2.150
2i4lA01     3    30   930    10    18     2     1     1     1   340 2.000
2p5iA00     3    30   930    10    21     2     1     1     1   257 2.210
2e5aA01     3    30   930    10    28     2     1     1     1   236 2.100
4ah6A02     3    30   930    10    29     4     1     1     1   299 3.700
3lc0A01     3    30   930    10    31     1     1     1     1   325 1.800
1usyC00     3    30   930    10    34     1     1     2     1   275 2.520
12asA00     3    30   930    10    35     2     1     1     1   327 2.200
7u0rA01     3    30   930    10    39     1     1     2     1   193 1.800
1httA01     3    30   930    10    40     1     1     1     1   267 2.600
2cjaA02     3    30   930    10    41     1     1     1     1   315 2.200
7k98B04     3    30   930    10    44     1     1     1     1   223 2.190
3bfmA01     3    30   930    10    45     1     1     1     1   177 1.700
1yb3A00     3    30   930    10    49     1     1     1     1   163 1.600
8crjA01     3    30   930    10    50     1     1     1     1   242 2.600
2du3A02     3    30   930    10    52     1     1     2     1   237 2.600
2eayB01     3    30   930    10    53     2     1     1     1   171 1.950
4up8A02     3    30   930    10    55     2     1     3     1   430 2.900
2pmeA01     3    30   930    10    59     1     1     4     1   315 2.900
7lu4B01     3    30   930    10    61     1     1     1     1   221 2.500
2ddzE00     3    30   930    10    64     1     1     1     1   190 2.240
3pcoB05     3    30   930    10    68     2     1     1     1   209 3.020
7by6B04     3    30   930    10    70     1     1     1     1   231 3.000
2iy5A00     3    30   930    10    71     1     1     1     1   336 3.100
3nd1A02     3    30   950    10     3     1     1     1     1   110 1.500
3nutB02     3    30   950    10     4     2     1     1     1   128 2.220
1ve2B02     3    30   950    10     6     1     1     1     1   115 1.800
1cbfA02     3    30   950    10     7     2     1     1     1   121 2.400
3i4tA02     3    30   950    10     8     1     1     1     1   146 2.490
3fq6A00     3    30   950    10    10     2     2     2     1   113 2.360
2qbuA02     3    30   950    10    13     1     1     1     1    96 2.100
2bb3A02     3    30   950    10    15     1     1     1     1    88 2.270
3rfnA01     3    30   980    10     1     1     2     1     1   104 1.800
1tkeA02     3    30   980    10     2     1     1     1     1   102 1.460
2e1bA02     3    30   980    10     5     1     1     1     1   129 2.700
7qh7701     3    30   980    10     7     1     1     1     1   195 2.890
1e7uA04     3    30  1010    10     3     1     1     1     1   158 2.000
1cjaA01     3    30  1010    10     6     1     1     1     1   150 2.900
6krkA02     3    30  1020    10     1     1     1     2     1    99 1.800
5ykjA02     3    30  1020    10     3     1     1     1     1    62 1.530
3bkrA00     3    30  1050    10     3     1     1     1     1   119 1.400
3cnuA00     3    30  1050    10     4     1     1     1     1   110 1.900
3sxnA03     3    30  1050    10     9     1     2     1     1    98 2.030
2cx7A00     3    30  1050    10    11     1     1     1     1   128 1.750
2cfuA03     3    30  1050    10    13     2     1     1     1   130 1.900
2hv2C02     3    30  1050    10    14     1     1     1     1   116 2.400
1ff3A00     3    30  1060    10     2     3     1     3     1   210 1.900
3otxA02     3    30  1110    10     1     2     1     1     1    63 1.550
2qzuA02     3    30  1120    10     2     1     1     1     1    84 1.700
3ed4A02     3    30  1120    10     3     1     1     1     1    83 1.700
1e33P02     3    30  1120    10     4     1     1     2     1    97 2.500
1fsuA02     3    30  1120    10     6     1     1     1     1   104 2.500
5dmsA02     3    30  1120    30     1     1     1     2     1    97 1.900
3q1iA01     3    30  1120    30     2     1     2     1     1   127 1.400
3uxjA02     3    30  1130    10     2     1     1     2     1   135 1.400
3uxjA01     3    30  1130    10     4     1     1     1     1   118 1.400
5f3mA00     3    30  1130    10     5     1     1     1     1   118 1.500
4uqfA02     3    30  1130    10     6     2     1     1     1   134 2.400
1b9lA00     3    30  1130    10    11     1     1     1     1   119 2.900
5o5jC02     3    30  1140    32     1     2     2     1     1   103 3.450
2xzmC02     3    30  1140    32     2     5     1     1     1   136 1000.000
4akrA01     3    30  1140    60     1     2     1     1     1   106 2.200
2iuoA02     3    30  1160    10     1     1     1    23     1    68 1.900
3jamV00     3    30  1230    20     1     4     2     1     1    87 3.460
1rkqA02     3    30  1240    10     2     1     1     1     1   107 1.400
3daoA02     3    30  1240    10     4     1     1     1     1   105 1.800
2hf2B02     3    30  1240    10     6     1     1     1     1   105 1.900
3dnpA02     3    30  1240    10     8     1     1     1     1   112 1.850
3fzqA02     3    30  1240    10    11     1     1     1     1   112 2.100
1nrwA02     3    30  1240    10    13     1     1     1     1   130 1.700
1ufvA02     3    30  1300    10     1     2     1     2     1    98 2.050
3n8hA02     3    30  1300    10     4     1     1     1     1    76 2.000
2gr8A00     3    30  1300    30     2     1     1     1     1    78 2.000
3ci0I00     3    30  1300    30     3     1     1     1     1    81 2.200
2lmeA00     3    30  1300    30     7     1     1     1     1   105 999.000
2g16A00     3    30  1300    40     2     1     1     3     1    62 2.000
6m9yA00     3    30  1300    40     3     1     1     1     1    57 1.350
6nqbP00     3    30  1320    10     3     2     1     1     1    79 3.800
5aj3P00     3    30  1320    10     4     1     2     1     1   117 3.600
7du3B01     3    30  1330    10     3     4     1     1     1   137 2.540
2rb9A01     3    30  1330    10     4     2     1     1     1   144 2.000
5l16A01     3    30  1330    10     8     2     1     1     1   123 1.880
1vk3A03     3    30  1330    10    10     1     1     1     1   142 2.150
1vk3A02     3    30  1330    10    12     1     1     1     1   132 2.150
5avmA01     3    30  1330    10    14     2     1     1     1   114 2.200
6s8lB02     3    30  1330    20     4     1     2     1     1   108 1.800
2rhjA02     3    30  1330    20     6     1     2     1     1   102 1.760
2gviA02     3    30  1330    20    13     1     1     1     1    93 1.870
3cb2A02     3    30  1330    20    14     1     1     1     1    99 2.300
3o85B00     3    30  1330    30     2     2     1     1     1   121 1.810
2ohwA00     3    30  1330    30     3     1     1     1     1   128 1.400
2kg4A00     3    30  1330    30     4     2     1     1     1   165 999.000
1w40A00     3    30  1330    30     7     1     2     8     1    98 2.030
2i6dA01     3    30  1330    30    12     1     1     1     1    89 1.850
1dt9A03     3    30  1330    30    13     1     1     1     1   125 2.700
1x52A01     3    30  1330    30    16     3     1     2     1   107 999.000
4ujfN00     3    30  1330    30    20     2     2     2     1   124 1000.000
3v7eA00     3    30  1330    30    24     1     1     1     1    81 2.800
1vwxG01     3    30  1330    30    25     4     1     1     1   185 1000.000
1fnjA00     3    30  1330    40     1     2     1    20     1   114 1.900
2uyjA00     3    30  1330    40     3     1     2     8     1   127 2.350
2ewcB00     3    30  1330    40    12     1     1     1     1   117 2.150
2otmA00     3    30  1330    40    15     1     1     1     1   148 1.850
1gx1A00     3    30  1330    50     1     2     3     1     1   153 1.800
2mqeA00     3    30  1330    60     4     1     3     1     1   146 999.000
3td3D00     3    30  1330    60     5     1     1     1     1   122 1.590
3s0yA01     3    30  1330    60    10     1     1     2     1   178 1.800
2zovA00     3    30  1330    60    13     1     1     1     1   162 2.000
2zf8A02     3    30  1330    60    16     1     1     1     1    92 2.850
6j92A02     3    30  1330    80     3     1     2     2     1   123 2.420
3hwuA00     3    30  1330    80     5     1     1     1     1   139 1.300
1xv2C01     3    30  1330    80     9     1     1     1     1   110 2.000
4bvqA03     3    30  1330   160     1     1     2     1     1   110 1.900
4nq3A01     3    30  1330   170     1     3     1     1     1    94 2.700
3ihsA00     3    30  1340    10     2     1     1     1     1    81 1.150
5t17A00     3    30  1340    10     5     1     1     1     1    85 999.000
1bhpA00     3    30  1350    10     2     2     1     1     1    45 1.700
1h5wB03     3    30  1350    20     1     1     1     1     1    45 2.100
4aybL00     3    30  1360    10     2     2     2     1     1    91 3.200
3h0gK00     3    30  1360    10     4     4     1     1     1   119 3.650
5tw1B01     3    30  1360    10     7     3     2     1     1   101 2.760
3h0gC01     3    30  1360    10    10     3     1     1     1   135 3.650
2ebbA00     3    30  1360    20     2     1     1     1     1    96 1.600
4lowA00     3    30  1360    20     3     1     1     1     1    84 1.300
4wj4A03     3    30  1360    30     1     3     2     1     1   150 3.290
2p8tA02     3    30  1360    30     3     1     1     1     1   109 1.800
3v4gA02     3    30  1360    40     1     1     1     1     1    80 1.600
5cj9A02     3    30  1360    40     3     1     2     1     1    82 2.410
1dd5A02     3    30  1360    40     4     3     1     1     1    75 2.550
3oreA01     3    30  1360    40     6     1     1     2     1    66 2.900
3lpxB02     3    30  1360    40     8     1     2     1     1    94 2.600
3mmlF01     3    30  1360    40     9     1     1     1     1    79 2.500
4fm9A04     3    30  1360    40    11     1     2     1     1   104 2.900
3va7A05     3    30  1360    40    15     1     1     1     1   100 2.600
1vgxA00     3    30  1360    80     1     2     1     6     1   148 1.900
1v5vA01     3    30  1360   120     3     1     1     1     1   164 1.500
1xzpB00     3    30  1360   120     5     1     1     1     1   131 2.300
2gagC01     3    30  1360   120     6     1     1     1     1   103 1.850
3ttgA00     3    30  1360   120     7     1     1     1     1   333 2.000
2gagA02     3    30  1360   120     9     1     1     2     1   392 1.850
6upxA02     3    30  1360   140     2     2     1     3     1   131 3.400
4p5aC00     3    30  1360   170     1     2     1     1     1   223 1.760
3ah5B00     3    30  1360   170     2     1     2     1     1   207 2.500
4fzbC01     3    30  1360   170     3     1     1     1     1   162 2.590
6c02A01     3    30  1360   180     3     1     1     1     1   100 1.940
4a18M00     3    30  1360   210     1     2     1     1     1   100 1000.000
1tuaA01     3    30  1370    10     2     1     1     1     1    84 1.500
3vkeA00     3    30  1370    10     5     1     1     1     1    76 1.770
1tuaA02     3    30  1370    10    13     2     1     1     1   105 1.500
3l7zC03     3    30  1370    10    14     1     1     2     1    75 2.410
2qndB01     3    30  1370    10    17     1     1     1     1    62 1.900
4aimA03     3    30  1370    10    19     2     1     2     1    71 3.300
3v69B00     3    30  1370    10    22     1     1     1     1   112 2.200
2nn6G03     3    30  1370    10    23     1     1     1     1    88 3.350
4jvhA00     3    30  1370    10    26     1     1     1     1   168 3.500
1vigA00     3    30  1370    10    32     1     1     1     1    71 999.000
5opte01     3    30  1370    30     3     2     1     2     1    68 4.000
5mmjh01     3    30  1370    30     4     1     1     1     1    75 3.600
2g8yA02     3    30  1370    60     3     1     1     1     1   213 2.150
1rfmA02     3    30  1370    60     4     2     1     9     1   203 1000.000
1z2iA02     3    30  1370    60     6     1     1     1     1   157 2.200
6rwk002     3    30  1370   120     1     2     1     1     1    65 3.860
4e9jA02     3    30  1370   120     3     1     1     1     1    69 2.030
5wq8A01     3    30  1370   120     5     1     2     1     1    68 3.260
4e9jB01     3    30  1370   120     7     1     1     1     1   138 2.030
3k7gB00     3    30  1380    10     1     1     1     2     1   157 1.500
4ox3A00     3    30  1380    10     6     2     1     1     1   214 2.000
6akvA01     3    30  1380    10     7     1     2     1     1   132 2.400
1lbuA02     3    30  1380    10     8     1     1     1     1   129 1.800
1tzpB00     3    30  1380    10     9     1     1     1     1   236 1.400
1r44A00     3    30  1380    10    10     1     1     1     1   202 2.250
7yh3D01     3    30  1380    20     2     1     1     1     1   150 1.700
2bjnB00     3    30  1380    20     3     1     1     1     1   149 1.700
3njcA00     3    30  1380    20     4     1     1     1     1   146 1.690
2osoA00     3    30  1380    20     5     1     1     1     1   152 1.900
6iy8A01     3    30  1380    20     8     1     1     1     1   189 3.420
3dnjA00     3    30  1390    10     1     1     1     1     1    80 1.150
6ppfZ00     3    30  1390    20     1     2     2     1     1    58 3.400
1vq8W01     3    30  1390    20     3     1     1     1     1    98 2.200
1jg5A00     3    30  1410    10     1     1     1     1     1    83 2.600
5z3gF02     3    30  1430    10     2     1     2     1     1   121 3.650
5x8tF00     3    30  1440    10     1     3     1     1     1   175 3.300
3d7aA01     3    30  1440    10     3     1     1     1     1   136 1.900
2wnyA00     3    30  1440    10     4     1     1     1     1   137 1.950
3d4eA01     3    30  1450    10     1     1     1     1     1    84 1.400
3c7vB01     3    30  1450    10     4     1     1     4     1    74 2.070
1xxmC02     3    30  1450    10     5     1     1     3     1    91 1.900
5d0oE01     3    30  1450    10     6     1     1     2     1    79 2.900
4g6tA00     3    30  1460    10     1     1     1     1     1   128 1.560
1xkpC00     3    30  1460    10     2     1     1     1     1   121 1.700
1xkpB00     3    30  1460    10     3     1     1     1     1   119 1.700
2bsjA00     3    30  1460    10     4     1     1     1     1   128 1.830
4jmfB00     3    30  1460    10     5     2     1     1     1   116 2.100
4gf3A00     3    30  1460    10     6     1     1     1     1   123 1.900
1ry9A00     3    30  1460    10     7     1     1     1     1   133 1.820
1jyoA00     3    30  1460    10     8     1     1     1     1   130 1.900
3tu3A00     3    30  1460    10     9     1     1     1     1   119 1.920
2plgA01     3    30  1460    10    13     1     1     1     1   131 2.600
5z38D00     3    30  1460    10    14     1     1     2     1   150 2.290
1s28A00     3    30  1460    10    16     1     1     1     1   127 3.000
3cxjA00     3    30  1460    10    17     1     1     1     1   138 2.800
1k8kD01     3    30  1460    20     1     1     1     1     1   151 2.000
6uhcD01     3    30  1460    20     2     1     1     2     1   131 3.900
1k8kF00     3    30  1460    20     3     1     1     1     1   167 2.000
4xk8d00     3    30  1470    10     1     2     2     1     1   140 2.800
5mmjh02     3    30  1490    10     1     5     1     1     1    58 3.600
1i6uB02     3    30  1490    10     3     1     1     1     1    58 2.600
2c00A03     3    30  1490    20     5     5     1     1     1    68 2.500
3vpbA02     3    30  1490    20     7     1     1     1     1    69 1.800
3tqtA03     3    30  1490    20     9     1     1     1     1    68 1.880
3ethA03     3    30  1490    20    11     1     1     1     1    62 1.600
3k5iA02     3    30  1490    20    15     1     1     1     1    70 2.000
3glkA03     3    30  1490    20    17     2     1     1     1    59 2.100
4xylB02     3    30  1490    20    19     1     1     1     1    74 1.950
1gsaA03     3    30  1490    20    21     1     1     1     1    65 2.000
2pvpA03     3    30  1490    20    22     2     1     1     1    64 2.400
2r7kA03     3    30  1490    20    24     2     1     1     1    61 2.100
6hxiC02     3    30  1490    20    25     2     1     1     1    78 2.100
1auvA01     3    30  1490    20    26     1     3     2     1    57 2.150
2nu8B02     3    30  1490    20    33     4     1     1     1    84 2.150
3wnzA02     3    30  1490    20    39     1     1     1     1    92 1.900
3pihA03     3    30  1490    20    42     1     1     1     1    72 2.900
4i50F03     3    30  1490    20    44     1     1     1     1    46 2.300
2pbzA03     3    30  1490    20    46     1     1     1     1    38 2.500
1dikA01     3    30  1490    20    48     1     1     2     1   153 2.300
1xdnA01     3    30  1490    70     1     1     1     1     1   108 1.200
1b04A02     3    30  1490    70     3     2     2     1     1    99 2.800
1fviA01     3    30  1490    70     5     1     1     1     1    79 2.000
5d1oB02     3    30  1490    70     7     1     1     4     1    72 2.650
1a0iA01     3    30  1490    70     9     1     1     1     1    83 2.600
1vs0A01     3    30  1490    70    10     1     1     1     1    74 2.400
6d0zA04     3    30  1490   100     3     1     1     2     1   123 1.750
1jx4A04     3    30  1490   100     4     1     1     1     1    97 1.700
6jumA03     3    30  1490   100     7     1     1     1     1    97 1.780
1y14D01     3    30  1490   120     3     1     1     1     1    73 2.300
7z31G01     3    30  1490   120     4     1     1     1     1    72 2.760
2rf4C01     3    30  1490   120     6     1     1     1     1    88 3.100
3h0gA03     3    30  1490   180     1     1     2     1     1    63 3.650
1mzbA02     3    30  1490   190     2     3     1     1     1    51 1.800
3eyyA02     3    30  1490   190     6     1     1     1     1    51 2.400
1zhsA01     3    30  1490   230     1     1     1     1     1    55 1.800
4jerA00     3    30  1500    10     2     1     1     1     1   181 1.100
3do6A02     3    30  1510    10     1     1     1     1     1   113 1.850
2czoA00     3    30  1520    10     2     1     1     2     1   130 999.000
2ar5A00     3    30  1520    10     7     1     1     1     1   117 1.800
1ocuA00     3    30  1520    10    11     1     1     3     1   133 2.300
5wy2A00     3    30  1520    10    13     1     1     1     1   138 1.900
4akvB01     3    30  1520    10    16     2     1     1     1   118 2.650
1kmdA00     3    30  1520    10    25     1     1     1     1   117 999.000
2yimA02     3    30  1540    10     1     1     1     1     1    89 1.410
3ubmA02     3    30  1540    10     2     1     2     1     1    97 1.990
1xa3A02     3    30  1540    10     3     1     1     5     1   102 1.850
3cjsC00     3    30  1550    10     1     1     1     1     1    68 1.370
7vb2A01     3    30  1550    10     5     1     1     1     1    64 999.000
4bn4A02     3    30  1600    10     1     1     1     1     1   108 1.300
2vl6A01     3    30  1640    10     3     1     1     2     1    99 2.800
6u0m601     3    30  1640    10     9     1     1     1     1   101 3.900
6u0m401     3    30  1640    10    11     1     1     1     1   109 3.900
6u0m201     3    30  1640    10    12     1     1     1     1    87 3.900
6yttA03     3    30  1650    10     1     2     1     1     1   160 3.010
6r1eA00     3    30  1660    10     1     2     3     1     1    70 2.600
4b2jA00     3    30  1660    10     2     1     1     5     1    63 1.900
3al9A02     3    30  1680    10     2     1     1     1     1    54 2.100
1olzA02     3    30  1680    10     3     1     1     1     1    57 2.000
3fcsD01     3    30  1680    10     6     1     1     2     1    51 2.550
4k3jB02     3    30  1680    10     8     1     1     1     1    49 2.800
4gz8B02     3    30  1680    10    12     1     1     1     1    72 3.300
3al8B02     3    30  1680    10    13     1     1     1     1    33 3.600
3p3gA02     3    30  1700    10     1     2     1     1     1   172 1.650
1uw0A01     3    30  1740    10     4     1     1     1     1    96 999.000
6g5ha00     3    30  1740    20     1     2     1     3     1   101 3.600
1wxcB01     3    30  1880    10     1     1     2     1     1    62 1.200
3b8oA01     3    30  1890    10     2     1     1     1     1   213 2.400
3b8pC00     3    30  1890    10     3     1     1     1     1   184 3.100
7xfdA01     3    30  1950    10     2     1     1     1     1    77 2.200
4qhpA02     3    30  2010    30     1     2     2     1     1    80 1.600
3b7sA02     3    30  2010    30     2     1     1     2     1    97 1.470
5b66O02     3    30  2050    10     1     1     1     1     1    36 1.850
2wvxA02     3    30  2080    10     1     2     1     1     1   159 1.900
3w9iA04     3    30  2090    10     2     1     2     1     1    96 2.710
8ffkA03     3    30  2090    10     3     1     2     1     1    92 2.820
5i2cA01     3    30  2130    10     3     1     1     1     1   140 1.800
2f06A00     3    30  2130    10     4     1     1     1     1   141 2.100
3aawA02     3    30  2130    10     5     2     1     2     1   165 2.500
2vfbA01     3    30  2140    10     1     2     1     2     1   172 2.000
5hpsA01     3    30  2160    10     1     3     1     1     1    74 2.050
6lohB01     3    30  2160    10     3     1     1     2     1    75 3.210
2w35A00     3    30  2170    10     1     2     1     4     1   224 2.150
2qh9A00     3    30  2170    10     4     1     1     1     1   172 1.800
4ls4A00     3    30  2310    20     1     1     1     2     1    89 1.660
4q2uL00     3    30  2310    20     3     1     2     1     1    89 1.800
3kiuy00     3    30  2310    20     5     1     1     9     1    94 1000.000
3bpqD00     3    30  2310    20     8     1     1     1     1    86 2.200
3kxeA00     3    30  2310    20    10     1     1     1     1    91 2.600
8tk7A01     3    30  2320    10     3     1     1     1     1    72 2.530
1ohgA02     3    30  2320    10     4     1     1     1     1   106 3.450
2dm9A00     3    30  2320    30     1     1     1     1     1   118 1.850
6wm4H01     3    30  2320    30     3     1     1     3     1   108 3.600
2i82B00     3    30  2350    10     2     2     1     1     1   207 2.050
1r3eA01     3    30  2350    10     6     1     1     1     1   221 2.100
3dh3A02     3    30  2350    10     8     1     1     1     1   181 3.000
4lcdA03     3    30  2410    10     1     5     1     2     1   117 3.100
2hbaA00     3    40     5    10     1     1     1     1     1    52 1.250
1vw4G00     3    40     5    10     4     1     1     1     1    55 1000.000
3reeA01     3    40     5    90     1     2     1     3     1    45 1.760
3tboA00     3    40     5    90     2     1     1     1     1    54 1.500
1d4xG00     3    40    20    10     2     1     2     2     1   124 1.750
1t3yA00     3    40    20    10     3     1     1     1     1   131 1.150
2llfA00     3    40    20    10     8     2     2     1     1   107 999.000
5ynrA00     3    40    20    10     9     2     1     1     1   138 999.000
2vacA00     3    40    20    10    11     1     2     1     1   134 1.700
2w0iA00     3    40    20    10    16     1     1     1     1   135 1.800
1hqz800     3    40    20    10    20     1     1     1     1   132 2.100
7whfC01     3    40    20    10    25     1     1     1     1    99 2.100
1m2oA05     3    40    20    10    26     1     2     1     1   105 2.500
1pd0A05     3    40    20    10    32     1     1     1     1   134 2.600
1ak6A00     3    40    20    10    36     1     3     1     1   174 999.000
7whgG02     3    40    20    10    37     1     1     1     1    92 3.250
4ip6A00     3    40    30    10     3     1     2     1     1   121 2.230
3c8eA01     3    40    30    10     5     1     2     1     1   127 1.500
3fk8A00     3    40    30    10     6     1     1     1     1   130 1.300
1s3dA00     3    40    30    10    13     1     1     4     1   138 1.540
1o81B00     3    40    30    10    27     2     1     2     1   145 1.500
3ik7A01     3    40    30    10    30     1     7     1     1    99 1.970
1z6mA01     3    40    30    10    31     1     1     1     1   112 1.300
3uemA03     3    40    30    10    33     2     1     1     1   122 2.290
6ghoA00     3    40    30    10    34     1     1     2     1   126 1.790
3c1rA00     3    40    30    10    35     1     1     2     1   110 2.000
5abrA00     3    40    30    10    38     2     1     1     1   104 2.110
4i6xA00     3    40    30    10    42     1     1     1     1   117 1.500
3us3A01     3    40    30    10    45     1     1     1     1   126 1.740
2b5eA03     3    40    30    10    48     2     1     1     1   127 2.400
7q68A01     3    40    30    10    58     1     1     2     1   160 1.750
2c0fB01     3    40    30    10    59     1     1     4     1   123 2.280
3ph9A00     3    40    30    10    60     1     1     1     1   133 1.830
3razA00     3    40    30    10    63     2     1     1     1   131 2.000
3ga4A00     3    40    30    10    74     1     1     1     1   156 1.300
4txoH00     3    40    30    10    78     1     1     2     1   152 2.200
1r7hA00     3    40    30    10    79     1     3     1     1    74 2.690
1v9wA00     3    40    30    10    83     1     2     1     1   130 999.000
1xvwA00     3    40    30    10    85     1     2     3     1   157 1.900
1prxA01     3    40    30    10    86     2     2     2     1   150 2.000
1u6tA00     3    40    30    10    91     1     1     1     1   121 1.900
3h1nB01     3    40    30    10    94     1     1     1     1   118 1.830
1t3bA02     3    40    30    10   103     2     1     1     1   161 2.500
2hlsA01     3    40    30    10   104     1     1     1     1   120 1.930
1wmjA01     3    40    30    10   105     1     2     1     1   108 999.000
4jzqA01     3    40    30    10   108     1     1     2     1    93 1.350
3mwhA00     3    40    30    10   112     1     1     2     1    99 2.050
3me8B00     3    40    30    10   113     1     1     1     1   156 1.500
4pqiA01     3    40    30    10   120     1     2     1     1   107 1.950
4lmvA01     3    40    30    10   126     2     3     1     1   105 3.200
4dejD01     3    40    30    10   135     3     3     1     1   102 2.900
3hczA00     3    40    30    10   137     1     1     1     1   146 1.880
3lwaA01     3    40    30    10   139     1     1     1     1   152 1.750
4exjB01     3    40    30    10   142     1     1     1     1   101 1.640
3m1gA01     3    40    30    10   148     1     1     1     1   118 2.100
5g1kA02     3    40    30    10   149     1     1     4     1   158 1.960
4bvxA01     3    40    30    10   152     1     1     1     1    98 1.600
3ed3B02     3    40    30    10   153     1     1     1     1   145 2.000
2wulA01     3    40    30    10   154     5     1     1     1    98 2.400
3ec3A01     3    40    30    10   156     1     1     1     1   109 1.920
5kn3A02     3    40    30    10   157     1     2     1     1   102 1.850
1z6nA00     3    40    30    10   163     1     1     1     1   166 1.500
3uemA02     3    40    30    10   164     1     1     1     1   122 2.290
6hf1A02     3    40    30    10   167     1     1     1     1   108 1.940
3vwxA01     3    40    30    10   174     1     4     1     1    78 1.800
2yv7A01     3    40    30    10   178     1     1     1     1    97 1.700
3ha9A00     3    40    30    10   181     1     1     1     1   161 1.700
4oceA00     3    40    30    10   192     3     1     2     1   189 1.770
5aykA03     3    40    30    10   196     1     1     1     1   113 2.250
4ksoB00     3    40    30    10   200     1     5     1     1   102 2.620
4n30A00     3    40    30    10   202     1     1     1     1   182 1.300
5xftA01     3    40    30    10   210     2     1     1     1    90 2.460
5gu6A02     3    40    30    10   213     1     1     1     1   101 2.000
2wb9A01     3    40    30    10   224     1     1     1     1    82 1.590
3dmlA00     3    40    30    10   227     1     1     1     1    92 1.900
3kebB00     3    40    30    10   229     1     1     1     1   170 1.800
1xiyA00     3    40    30    10   230     1     1     2     1   171 1.800
1gp1A00     3    40    30    10   241     1     2     1     1   184 2.000
2g2qB01     3    40    30    10   242     1     1     1     1   112 2.500
5aykA04     3    40    30    10   244     1     1     1     1   102 2.250
3feuA00     3    40    30    10   247     1     1     1     1   175 1.760
2qgvA00     3    40    30    10   253     1     1     1     1   118 2.700
5c00D00     3    40    30    10   255     2     1     1     1   189 1.770
4cdoC00     3    40    30    10   260     1     1     1     1   149 2.500
2cvbA00     3    40    30    10   261     2     1     1     1   185 1.800
5fhiA01     3    40    30    10   280     2     1     1     1    76 2.410
3iraA00     3    40    30    10   281     1     1     1     1   172 2.100
2imfA00     3    40    30    10   282     1     1     1     1   203 1.300
6tg9C01     3    40    30    10   286     2     1     1     1    74 3.240
3sbcD00     3    40    30    10   288     1     2     1     1   194 2.800
7dkaA01     3    40    30    10   289     1     1     1     1   195 1.560
7miqA01     3    40    30    10   293     1     1     1     1    75 1.920
4tr3A00     3    40    30    10   295     1     1     1     1   184 1.900
4wkwB00     3    40    30    10   296     1     2     1     1   185 2.300
3qd9C01     3    40    30    10   298     1     1     2     1   157 3.300
7ar7E02     3    40    30    10   304     2     1     1     1    91 3.720
5xf9A01     3    40    30    10   308     1     1     1     1    93 2.580
1ttzA00     3    40    30    10   311     1     1     1     1    74 2.110
4jr6B00     3    40    30    10   316     1     1     1     1   194 1.900
5hfiA00     3    40    30    10   323     1     1     1     1   202 1.800
7nvmP01     3    40    30    10   325     1     1     1     1   106 3.100
3r3eB01     3    40    30    10   326     2     1     1     1   196 2.210
3gl5A01     3    40    30    10   329     2     1     1     1   208 2.150
3gn3A00     3    40    30    10   333     1     1     1     1   179 2.500
1un2A00     3    40    30    10   337     1     1     1     1   186 2.400
3dexH00     3    40    30    10   338     1     1     1     1    83 2.700
4v1ap00     3    40    30    10   347     1     1     1     1    97 3.400
6gc1A01     3    40    30    10   350     1     1     1     1   191 2.700
6g2jS00     3    40    30    10   353     1     1     1     1    83 3.300
7jveE01     3    40    30    10   357     1     1     1     1   244 2.310
1wpiA00     3    40    30    10   361     1     1     1     1   133 999.000
2ec4A00     3    40    30    10   379     1     1     1     1   171 999.000
1vw4400     3    40    30    10   384     1     1     1     1   138 1000.000
7febA01     3    40    30    60     1     1     1     1     1   130 2.110
3mydA01     3    40    30    60     2     2     1     1     1   144 2.400
6u0pD03     3    40    30   120     4     1     1     1     1   155 2.020
1u53A00     3    40    33    10     3     1     1     1     1   193 1.560
5vhgA00     3    40    33    10     4     1     1     1     1   150 1.270
4g2uA00     3    40    33    10     6     2     1     1     1   210 1.850
3u3lC00     3    40    33    10     8     1     1     1     1   229 1.570
3s6vB00     3    40    33    10    10     1     1     2     1   179 2.600
4d53A00     3    40    33    10    13     1     1     1     1   133 1.850
4h0aA00     3    40    33    10    15     1     1     1     1   287 1.900
1u0vB01     3    40    47    10     1     4     5     1     1   226 1.900
1wl4A01     3    40    47    10     2     2     1     1     1   207 1.550
5dwzC01     3    40    47    10     7     1     1     3     1   190 2.040
3fk5A01     3    40    47    10    10     1     1    10     1   198 2.050
3euoA01     3    40    47    10    12     2     1     1     1   221 1.750
3tsyA03     3    40    47    10    17     5    11     1     1   156 3.100
1ub7A01     3    40    47    10    18     6     1     1     1   169 2.300
1afwA02     3    40    47    10    20     5     1     1     1   161 1.800
1h4fA02     3    40    47    10    25     2     1     5     1   145 2.000
4c72A01     3    40    47    10    27     1     1     1     1   263 1.500
5kp7A01     3    40    47    10    29     1     1     1     1   258 1.600
6kxdA01     3    40    47    10    30     1     1     1     1   250 1.750
1u0mA01     3    40    47    10    32     1     1     1     1   202 2.220
3ledA02     3    40    47    10    34     1     1     1     1   152 1.450
3gwaA02     3    40    47    10    35     1     1     1     1   161 1.600
3s3lA01     3    40    47    10    42     1     1     1     1   179 2.000
5kp7A02     3    40    47    10    43     1     1     1     1   152 1.600
3wxyA02     3    40    47    10    47     1     1     1     1   154 1.710
7vyuA02     3    40    47    10    48     1     1     1     1   159 1.800
5by7A02     3    40    47    10    58     1     1     1     1   146 1.800
3fk5A02     3    40    47    10    60     1     1     4     1   140 2.050
7n7zA01     3    40    47    10    65     1     1     1     1   137 2.020
4efiA00     3    40    47    10    70     1     1     1     1   349 1.350
3vs8H00     3    40    47    10    77     1     1     1     1   384 1.760
2wuaA00     3    40    47    10    78     1     2     1     1   392 1.800
5ab4A00     3    40    47    10    83     1     1     1     1   400 1.750
2vkzA02     3    40    47    10    85     1     1     1     1   262 4.000
4egvB01     3    40    47    10    87     1     1     2     1   367 2.710
3zbgA00     3    40    47    10    89     1     1     1     1   430 1.850
2f9aA01     3    40    47    10    92     1     1     1     1   404 2.510
4kc5B01     3    40    47    10    98     1     1     1     1   476 2.140
2uv8A05     3    40    47    10    99     1     1     1     1   617 3.100
5nrhA01     3    40    50    20     5     1     1     1     1    89 1.300
3mjfA01     3    40    50    20     6     1     1     1     1    94 1.470
1pk8B02     3    40    50    20    10     1     2     1     1   107 2.100
3vpdA01     3    40    50    20    13     1     1     1     1   103 1.950
3k5iD01     3    40    50    20    17     1     1     1     1   110 2.000
2i87B01     3    40    50    20    18     1     1     1     1   112 2.000
2vqdA01     3    40    50    20    22     1     3     1     1    85 2.410
2pbzA01     3    40    50    20    24     2     1     1     1    81 2.500
5zctA01     3    40    50    20    26     1     1     1     1   114 2.050
5k2mA01     3    40    50    20    30     1     1     1     1    96 2.180
1gsaA01     3    40    50    20    34     1     1     1     1   128 2.000
2npoA01     3    40    50    20    38     1     1     2     1    72 2.200
1bxrA05     3    40    50    20    46     1     1     1     1   140 2.100
3nxkA02     3    40    50    40     2     5     1     1     1   112 2.400
2ocdA02     3    40    50    40     4     1     3     1     1   118 2.450
1cneA02     3    40    50    80     1     4     1     2     1   153 3.000
1b2rA02     3    40    50    80     2     3     1     7     1   167 1.800
2bgiA02     3    40    50    80     4     3     1     1     1   154 1.680
3a1fA00     3    40    50    80    12     2     1     1     1   163 2.000
4eh1B02     3    40    50    80    15     2     1     1     1   128 2.200
4cgyA01     3    40    50   140     5     2     1     1     1   176 2.850
1gkuB05     3    40    50   140     6     1     1     1     1   121 2.700
3bwyA00     3    40    50   150     1     1     2     1     1   214 1.300
2pxxA00     3    40    50   150     6     1     1     1     1   213 1.300
5lhmA00     3    40    50   150     7     1     1     1     1   213 1.310
2bzgA00     3    40    50   150    10     1     2     1     1   226 1.580
4e2wA02     3    40    50   150    11     1     1     4     1   202 1.500
3dxyA00     3    40    50   150    12     1     1     1     1   207 1.500
3hp7A02     3    40    50   150    14     1     1     1     1   207 1.530
3g5lB00     3    40    50   150    17     2     1     1     1   213 2.350
1o9hA01     3    40    50   150    18     1     1     2     1   206 2.400
3ou2A00     3    40    50   150    19     1     1     1     1   204 1.500
4necC01     3    40    50   150    20     1     1     1     1   219 1.500
3lcvB02     3    40    50   150    22     3     1     1     1   199 2.000
3m70A02     3    40    50   150    25     2     1     1     1   173 1.950
4mtlA00     3    40    50   150    27     1     1     1     1   208 1.650
4dmgA03     3    40    50   150    28     1     1     1     1   211 1.700
3mq2A00     3    40    50   150    31     1     1     1     1   215 1.690
1im8B00     3    40    50   150    36     1     2     1     1   217 2.200
3pfgA01     3    40    50   150    39     1     1     1     1   182 1.350
2uz4A01     3    40    50   150    47     1     1     4     1   229 2.100
8k5lA01     3    40    50   150    50     1     1     1     1   198 1.670
2wk1A00     3    40    50   150    51     1     1     1     1   242 1.400
1xdzA00     3    40    50   150    54     2     1     1     1   238 1.600
2p7iA00     3    40    50   150    55     1     1     1     1   222 1.740
3lbyA00     3    40    50   150    59     4     2     1     1   176 2.000
4pioB01     3    40    50   150    61     1     1     1     1   184 1.510
4df3A02     3    40    50   150    62     3     1     1     1   175 1.730
1xtpA01     3    40    50   150    67     1     1     1     1   210 1.940
3ofkA00     3    40    50   150    69     1     1     1     1   204 1.850
5xncA02     3    40    50   150    70     2     1     1     1   232 1.840
1zx0A00     3    40    50   150    72     1     1     2     1   229 1000.000
1r6aA00     3    40    50   150    74     2     2     2     1   262 2.600
2qyoA02     3    40    50   150    75     1     2     1     1   249 1.950
2cmgA02     3    40    50   150    79     1     1     1     1   211 2.000
3gdhA00     3    40    50   150    80     1     1     1     1   211 2.000
6du5A01     3    40    50   150    83     1     1     3     1   249 3.010
5jgjA01     3    40    50   150    86     1     1     1     1   235 1.660
3tqsA01     3    40    50   150    87     2     1     1     1   179 1.980
1uirA02     3    40    50   150    94     2     1     1     1   253 2.000
5ezqA02     3    40    50   150    97     1     1     1     1   184 1.660
3dmgA01     3    40    50   150    98     1     1     1     1   177 1.550
3giwA00     3    40    50   150   104     1     1     1     1   254 1.450
1uwvA02     3    40    50   150   105     1     1     1     1   200 1.950
3a27A00     3    40    50   150   107     1     1     1     1   219 2.010
2p8jA00     3    40    50   150   108     1     1     1     1   203 2.000
4krgA01     3    40    50   150   109     1     1     1     1   240 1.680
2plwA00     3    40    50   150   116     1     1     1     1   182 1.700
4fzvA02     3    40    50   150   118     1     1     1     1   222 2.000
3ll7A02     3    40    50   150   120     1     1     1     1   187 1.800
3g7uA01     3    40    50   150   123     1     1     1     1   183 1.750
6g80B01     3    40    50   150   125     1     1     1     1   221 2.050
3dr5A00     3    40    50   150   128     2     1     1     1   213 2.250
3t0iA00     3    40    50   150   130     2     1     1     1   245 2.400
2r6zB02     3    40    50   150   131     1     1     1     1   185 1.800
5unaD00     3    40    50   150   132     1     1     2     1   208 2.550
3lpmA01     3    40    50   150   134     2     1     1     1   212 2.400
5dm1A00     3    40    50   150   136     1     1     2     1   257 1.800
1ne2B00     3    40    50   150   140     1     1     1     1   180 1.750
3kr9A01     3    40    50   150   143     2     2     1     1   161 2.000
4uw0A01     3    40    50   150   145     1     1     2     1   218 3.870
5fcdA00     3    40    50   150   151     1     1     1     1   224 2.100
3h2bB00     3    40    50   150   153     1     1     1     1   192 2.000
3c6kB03     3    40    50   150   157     1     1     1     1   187 1.950
3mczA02     3    40    50   150   158     1     1     1     1   239 1.900
3ps9A01     3    40    50   150   164     1     1     3     1   258 2.540
2igtA01     3    40    50   150   165     1     1     1     1   242 1.890
4aukA03     3    40    50   150   166     1     1     1     1   181 1.900
3g5tA00     3    40    50   150   169     1     1     1     1   293 1.120
3gjyA00     3    40    50   150   171     1     1     1     1   271 1.470
4pneA00     3    40    50   150   174     1     1     1     1   270 1.500
6qe0A00     3    40    50   150   177     1     1     1     1   278 1.390
3r0qG01     3    40    50   150   178     4     1     1     1   144 2.610
4qtuB00     3    40    50   150   179     1     1     1     1   190 2.120
2zigA00     3    40    50   150   186     1     1     1     1   236 2.100
3fpfA00     3    40    50   150   187     1     1     1     1   264 1.660
4pwyA00     3    40    50   150   188     1     1     1     1   250 1.900
3m6uB02     3    40    50   150   194     1     1     1     1   283 1.400
2fpoC00     3    40    50   150   196     1     1     1     1   179 2.050
3ggdA00     3    40    50   150   198     1     1     1     1   240 2.110
3tmaA02     3    40    50   150   201     1     1     1     1   177 2.050
6yu8A01     3    40    50   150   202     1     1     1     1   259 1.840
2f8lA02     3    40    50   150   203     1     1     1     1   237 2.200
3ihtA00     3    40    50   150   205     1     1     1     1   160 1.800
1hnnA00     3    40    50   150   208     1     1     4     1   261 2.400
2pv0A02     3    40    50   150   211     1     1     4     1   204 3.300
1u2zA02     3    40    50   150   217     1     1     1     1   180 2.200
2uyoA00     3    40    50   150   219     1     1     1     1   275 1.700
3ocjA00     3    40    50   150   220     1     1     1     1   296 1.390
5e9jA00     3    40    50   150   222     2     1     3     1   274 3.470
3bkxA00     3    40    50   150   223     1     1     1     1   268 1.850
2o57A02     3    40    50   150   224     1     1     1     1   161 1.950
3q87B00     3    40    50   150   226     1     1     1     1   164 2.000
4f85A00     3    40    50   150   227     1     1     1     1   246 2.200
4c4aA03     3    40    50   150   229     1     1     1     1   144 1.700
1kpgD00     3    40    50   150   231     1     2     1     1   274 2.000
2zfuA02     3    40    50   150   233     1     1     1     1   161 2.000
4dcmA02     3    40    50   150   235     1     1     1     1   180 2.300
2yxdA00     3    40    50   150   238     1     1     1     1   177 2.300
4dcmA01     3    40    50   150   242     1     1     1     1   174 2.300
4gomE01     3    40    50   150   247     1     1     2     1   144 2.450
5ynmA00     3    40    50   150   248     1     1     1     1   290 1.680
4kigA02     3    40    50   150   249     1     1     1     1   178 2.400
3egeA00     3    40    50   150   250     1     1     1     1   245 2.400
5cm2Z00     3    40    50   150   251     1     1     1     1   184 2.500
1vbfA00     3    40    50   150   252     1     1     1     1   220 2.800
1jqdA00     3    40    50   150   255     1     1     4     1   286 2.280
3bzbB00     3    40    50   150   256     1     1     1     1   198 2.790
2pjdA01     3    40    50   150   258     1     1     1     1   153 2.100
4a6dA02     3    40    50   150   259     1     1     1     1   251 2.400
1eamA00     3    40    50   150   264     1     1     5     1   285 2.000
3gu3A01     3    40    50   150   268     1     1     1     1   162 2.300
2bm8B02     3    40    50   150   274     1     1     1     1   170 2.500
1i4wA01     3    40    50   150   275     1     1     1     1   247 2.600
5c1iA00     3    40    50   150   279     1     1     1     1   220 3.100
3htxD03     3    40    50   150   281     1     1     1     1   221 3.100
3b5iB01     3    40    50   150   282     1     1     1     1   245 2.750
7f4oA01     3    40    50   150   283     1     1     1     1   196 3.100
2vz9A05     3    40    50   150   285     1     2     1     1   265 3.300
2dulA01     3    40    50   150   288     1     1     1     1   308 1.900
1p91B00     3    40    50   150   289     1     1     1     1   251 2.800
4dkjA01     3    40    50   150   290     1     1     1     1   296 2.150
5ybbA02     3    40    50   150   292     2     1     1     1   354 3.200
1rjgA00     3    40    50   150   293     1     1     5     1   291 2.610
3ua3A02     3    40    50   150   294     1     1     1     1   171 3.000
2vdwG00     3    40    50   150   298     1     1     1     1   276 2.700
2jhpA02     3    40    50   150   299     1     1     1     1   289 2.500
7vkkB01     3    40    50   150   300     1     1     1     1   231 3.550
4xruC01     3    40    50   150   302     1     1     2     1   172 3.410
1ej6A04     3    40    50   150   303     1     1     1     1   230 3.600
1booA00     3    40    50   150   304     1     1     1     1   282 2.800
7cpxA02     3    40    50   150   307     1     1     1     1   334 2.910
4ft4A02     3    40    50   150   308     1     1     1     1   364 2.700
2k4mA00     3    40    50   150   311     1     1     1     1   153 999.000
2garA00     3    40    50   170     4     1     1     2     1   188 1.800
6nbpA01     3    40    50   170     5     1     1     1     1   189 1.700
3o1lA02     3    40    50   170     8     3     1     1     1   193 2.200
1fmtB01     3    40    50   170     9     1     2     1     1   201 2.000
1zghA01     3    40    50   170    13     1     1     1     1   161 2.050
7o20A01     3    40    50   200     7     1     1     3     1   318 1.800
4mzdA00     3    40    50   200    11     1     1     1     1   356 1.100
2iy9A00     3    40    50   200    17     1     1     1     1   309 1.800
4h6xA00     3    40    50   200    19     1     1     1     1   289 2.000
3edyA02     3    40    50   200    27     1     1     1     1   366 1.850
1scuA02     3    40    50   261     1     2     3     6     1   166 2.500
4xymA02     3    40    50   261     3     1     1     1     1   164 1.900
6melB03     3    40    50   261     5     2     1     1     1   147 2.060
3dmyA03     3    40    50   261     7     1     1     1     1   160 2.070
5teqA02     3    40    50   261     8     1     1     2     1   162 2.300
3dmyA02     3    40    50   261    11     1     1     1     1   138 2.070
4hh3C02     3    40    50   280     3     1     1     1     1   132 1.750
7kdyB01     3    40    50   280     8     1     1     1     1   152 1.940
1k7yA01     3    40    50   280    12     1     1     2     1   153 3.000
5c8dH03     3    40    50   280    13     1     1     2     1   118 2.800
4q37A00     3    40    50   280    15     1     1     1     1   120 3.190
4xc7B01     3    40    50   280    16     1     1     1     1   144 3.450
1byiA00     3    40    50   300     1     1     1     1     1   224 0.970
6yalB01     3    40    50   300     6     3     1     1     1   200 3.000
6r3pA00     3    40    50   300     9     5     1     1     1   246 2.050
6c6bB00     3    40    50   300    11     4     1     1     1   199 2.000
1ak2A00     3    40    50   300    12     4     1     1     1   220 1.920
1e9fA00     3    40    50   300    19     1     1     4     1   202 1.900
3r8cB00     3    40    50   300    30     3     2     1     1   205 2.200
5szjA00     3    40    50   300    34     4     2     1     1   175 2.660
4idhA01     3    40    50   300    37     1     1     1     1   208 1.690
3lxwA00     3    40    50   300    39     3     1     1     1   217 1000.000
2qg6A00     3    40    50   300    40     1     2     1     1   176 1.500
1puiA00     3    40    50   300    41     1     2     1     1   169 2.000
8dv0A01     3    40    50   300    44     1     1     1     1   186 1.400
3vu9A00     3    40    50   300    48     1     1     2     1   215 1.750
1tpzA02     3    40    50   300    49     1     2     3     1   176 2.000
5o8wA01     3    40    50   300    50     2     1     1     1   233 1.670
6crmA01     3    40    50   300    51     2     2     1     1   204 2.190
7syxx02     3    40    50   300    52     4     1     2     1   213 3.700
2qm8A02     3    40    50   300    53     1     1     1     1   202 1.700
2iyvA00     3    40    50   300    55     1     1     1     1   179 1.350
1bifA01     3    40    50   300    57     1     3     1     1   206 2.000
2ocpA00     3    40    50   300    58     2     1     1     1   229 2.800
2xauA02     3    40    50   300    60     1     3     1     1   232 1.900
1sgwA00     3    40    50   300    62     1     1     1     1   200 1.700
4dzzA00     3    40    50   300    63     1     1     1     1   206 1.800
7ljdA01     3    40    50   300    64     1     7     3     1   235 3.200
2is4B03     3    40    50   300    70     1     1     3     1   209 2.600
5l3qB02     3    40    50   300    71     3     1     1     1   237 3.200
2wsmA00     3    40    50   300    72     2     1     1     1   203 2.300
3lluA00     3    40    50   300    74     1     1     1     1   177 1.400
5bykA00     3    40    50   300    77     1     2     1     1   253 1.280
4c2uA01     3    40    50   300    79     2     1     1     1   199 2.550
4r2hA00     3    40    50   300    81     1     2     1     1   205 1.960
1nrjB00     3    40    50   300    86     1     1     1     1   191 1.700
2bjvA01     3    40    50   300    87     2     1     3     1   159 1.700
2f6rA00     3    40    50   300    93     1     1     1     1   230 1.700
6yb3A01     3    40    50   300    94     1     1     1     1   237 1.590
3vu9B00     3    40    50   300    99     1     1     1     1   191 1.750
2d7dA04     3    40    50   300   100     1     2     1     1   177 2.100
8amzH01     3    40    50   300   101     6     2     1     1   161 3.300
3u7eB02     3    40    50   300   103     1     1     2     1   180 1.700
2bmjA00     3    40    50   300   106     1     1     2     1   174 2.100
2vhtA01     3    40    50   300   109     1     1     9     1   238 3.000
8alzB05     3    40    50   300   113     3     1     1     1   205 3.400
4ciuA01     3    40    50   300   116     1     2     2     1   159 3.500
3ch4B00     3    40    50   300   117     1     1     1     1   188 1.760
4ernA00     3    40    50   300   119     1     1     1     1   229 1.800
6q2dC01     3    40    50   300   120     1     3     1     1   233 3.450
1nksA00     3    40    50   300   123     3     1     1     1   194 2.570
3io3A01     3    40    50   300   124     1     1     1     1   230 1.800
1nijA01     3    40    50   300   128     1     1     1     1   201 2.000
3wndA01     3    40    50   300   131     1     1     1     1   172 1.550
6d4gA00     3    40    50   300   133     1     2     1     1   231 2.800
3bs4A00     3    40    50   300   136     1     1     1     1   245 1.600
4ciuA03     3    40    50   300   141     1     2     1     1   196 3.500
4basA00     3    40    50   300   143     2     1     1     1   172 2.000
3cnlA01     3    40    50   300   144     3     1     1     1   138 2.000
2qenA01     3    40    50   300   145     2     1     1     1   202 2.250
5lj5Q02     3    40    50   300   147     3     2     1     1   176 3.800
5kutA00     3    40    50   300   149     1     1     1     1   179 1.690
3ibyB01     3    40    50   300   150     6     1     1     1   171 2.500
3ktaA00     3    40    50   300   151     2     1     1     1   161 1.630
4a8jB00     3    40    50   300   156     1     1     1     1   216 2.100
7a8rA02     3    40    50   300   157     1     2     1     1   199 2.310
1ng9B05     3    40    50   300   160     2     1     3     1   226 2.600
2vf7B01     3    40    50   300   162     2     1     1     1   328 2.300
1tueD00     3    40    50   300   165     1     1     1     1   202 2.100
7nhrA01     3    40    50   300   168     2     2     1     1   234 2.850
3e1sA02     3    40    50   300   169     1     1     1     1   212 2.200
4hutA00     3    40    50   300   171     1     1     1     1   191 1.950
4a15A04     3    40    50   300   175     1     1     2     1   191 2.200
2r2aA00     3    40    50   300   177     1     1     1     1   182 1.820
1vyvB02     3    40    50   300   183     1     4     1     1   163 3.000
4ohxA02     3    40    50   300   185     1     1     1     1   228 1.980
1dg3A02     3    40    50   300   191     1     1     1     1   240 1.800
6notA01     3    40    50   300   192     3     1     1     1   246 2.400
6nzjA00     3    40    50   300   193     1     4     1     1   273 2.400
3a4lB01     3    40    50   300   196     1     1     1     1   178 1.800
1y63A00     3    40    50   300   198     2     1     1     1   168 1.700
6riqC00     3    40    50   300   201     2     2     1     1   254 3.100
5m04A02     3    40    50   300   203     1     1     1     1   180 1.850
6nopA01     3    40    50   300   204     1     1     1     1   249 1.700
4ljyA02     3    40    50   300   205     1     1     1     1   186 1.950
2obnA02     3    40    50   300   206     1     1     1     1   208 2.300
6ojxA02     3    40    50   300   208     2     1     1     1   250 1.890
3uk6F01     3    40    50   300   212     2     1     1     1   212 2.950
2bmfA02     3    40    50   300   213     1     5     1     1   160 2.410
2xgjB02     3    40    50   300   214     3     1     1     1   216 2.900
4eecA01     3    40    50   300   215     2     1     2     1   175 2.700
1rz3A00     3    40    50   300   217     1     1     1     1   180 1.900
4wiaC00     3    40    50   300   219     1     1     1     1   221 2.200
2qa5A00     3    40    50   300   220     3     3     2     1   229 3.400
5ee1A01     3    40    50   300   223     2     1     2     1   177 2.550
1rflA00     3    40    50   300   226     1     2     1     1   172 999.000
2xtzB01     3    40    50   300   230     1     1     1     1   206 2.340
4zpxA01     3    40    50   300   232     1     1     1     1   233 2.030
2r8rA00     3    40    50   300   237     1     1     1     1   203 2.300
1t5lA01     3    40    50   300   241     1     2     3     1   248 2.600
4p0tB00     3    40    50   300   248     1     1     1     1   150 1.490
3vqtA01     3    40    50   300   251     1     1     1     1   169 1.800
8dqwE01     3    40    50   300   256     1     1     1     1   186 2.100
4ciuA02     3    40    50   300   258     2     1     1     1   192 3.500
3czpA02     3    40    50   300   259     1     1     1     1   240 2.000
2clsA00     3    40    50   300   261     1     2     2     1   179 2.310
2o0jA02     3    40    50   300   267     1     1     1     1   254 1.800
3bb1B00     3    40    50   300   269     1     2     2     1   243 2.800
8ouzD01     3    40    50   300   270     1     1     1     1   229 2.200
1yr7A01     3    40    50   300   275     1     1     2     1   242 2.080
3ec1A01     3    40    50   300   278     1     2     1     1   169 2.360
3sc3A01     3    40    50   300   281     1     1     2     1   141 3.000
2xitA00     3    40    50   300   286     1     1     2     1   277 1.800
6p8vA01     3    40    50   300   294     1     2     1     1   211 2.640
1s2mA02     3    40    50   300   295     1     2     1     1   172 2.100
3crvA01     3    40    50   300   296     1     1     1     1   246 2.000
3dkpA00     3    40    50   300   297     1     1     1     1   240 2.100
4on9B01     3    40    50   300   306     1     3     1     1   254 2.710
3kjhA00     3    40    50   300   307     1     1     1     1   254 1.900
5wriB00     3    40    50   300   308     1     1     1     1   273 1.600
4a15A01     3    40    50   300   310     1     1     1     1   184 2.200
4b3fX03     3    40    50   300   313     1     1     1     1   202 2.500
2qgzA01     3    40    50   300   314     3     1     1     1   177 2.400
1f2uB00     3    40    50   300   315     1     1     1     1   145 1.600
2gzaB02     3    40    50   300   324     1     1     1     1   213 2.600
1nlfA00     3    40    50   300   325     1     1     1     1   254 1.950
6fwrA01     3    40    50   300   326     1     1     1     1   200 2.500
1c9kB00     3    40    50   300   329     1     1     1     1   180 2.200
5yvuB01     3    40    50   300   330     1     3     1     1   135 2.490
5ywwA02     3    40    50   300   334     1     1     1     1   187 2.330
3i5xA02     3    40    50   300   338     1     1     1     1   260 1.900
1w5sA02     3    40    50   300   340     1     1     1     1   190 2.400
1nktA03     3    40    50   300   348     1     1     1     1   218 2.600
3igfA01     3    40    50   300   350     1     1     1     1   257 2.000
7cyqE02     3    40    50   300   352     1     1     2     1   142 2.830
1q57D02     3    40    50   300   356     1     1     3     1   254 3.450
2fshA01     3    40    50   300   358     1     1     2     1   271 2.000
4b6eA03     3    40    50   300   361     1     1     2     1   132 2.460
7t85A01     3    40    50   300   363     1     1     1     1   161 2.000
3oiyA02     3    40    50   300   365     1     2     2     1   181 2.350
2r44A02     3    40    50   300   367     1     1     1     1   160 2.000
6j19A00     3    40    50   300   369     1     1     1     1   261 1.980
4ag6A01     3    40    50   300   370     1     1     1     1   238 2.350
3fdiB00     3    40    50   300   379     1     1     1     1   171 2.200
3exaA01     3    40    50   300   381     2     1     1     1   158 2.300
7r7jB02     3    40    50   300   388     1     1     1     1   159 2.030
5j47A03     3    40    50   300   389     1     2     1     1   150 1.990
3a8tA01     3    40    50   300   395     1     1     1     1   178 2.370
1a5tA01     3    40    50   300   397     1     1     1     1   167 2.200
4a8jF00     3    40    50   300   400     1     1     1     1   259 2.100
3l2oB02     3    40    50   300   401     1     2     1     1   175 2.800
4xqkB01     3    40    50   300   403     1     1     2     1   223 2.700
7v3xU01     3    40    50   300   404     1     2     1     1   155 3.100
4bgdA08     3    40    50   300   409     1     1     2     1   203 3.100
3hwsC01     3    40    50   300   410     1     3     1     1   209 3.250
1gvnD00     3    40    50   300   411     1     1     1     1   271 1.950
3lw7A00     3    40    50   300   413     1     1     1     1   170 2.300
3u4qB03     3    40    50   300   414     1     1     1     1   218 2.800
4cidA02     3    40    50   300   417     1     2     1     1   223 3.000
1kkmB00     3    40    50   300   423     2     1     2     1   177 2.800
4zcfC02     3    40    50   300   430     1     1     1     1   186 2.600
7alvA01     3    40    50   300   431     1     1     1     1   201 2.840
2vyfB02     3    40    50   300   434     1     2     1     1   219 3.600
1qhxA00     3    40    50   300   435     1     1     1     1   178 2.500
7tjhE01     3    40    50   300   436     1     1     1     1   178 2.500
2ozeA00     3    40    50   300   440     1     1     1     1   284 1.830
4a8jA00     3    40    50   300   445     1     1     1     1   268 2.100
6g2gA01     3    40    50   300   449     2     1     1     1   246 2.570
2a5yC01     3    40    50   300   450     1     1     1     1   182 2.600
2gesA00     3    40    50   300   451     1     1     6     1   307 2.400
6jimB01     3    40    50   300   454     1     1     1     1   143 2.000
1w4rA01     3    40    50   300   456     1     1     1     1   132 1.830
1texA00     3    40    50   300   457     1     1     1     1   239 2.600
1np6B01     3    40    50   300   459     1     1     1     1   136 1.900
7zb5E02     3    40    50   300   460     1     1     1     1   227 2.800
3shwA03     3    40    50   300   465     1     1     2     1   166 2.900
1mabA02     3    40    50   300   474     1     1     2     1   286 2.800
7clgB03     3    40    50   300   479     1     1     1     1   211 3.100
3te6A01     3    40    50   300   485     1     1     1     1   188 2.800
3zh9B01     3    40    50   300   491     1     1     1     1   143 2.100
3f8tA03     3    40    50   300   493     1     1     1     1   289 1.900
2zu6F01     3    40    50   300   494     1     2     1     1   140 2.800
3sylA01     3    40    50   300   495     1     1     1     1   199 3.000
1efhA00     3    40    50   300   496     1     2     1     1   281 2.400
3sjbA00     3    40    50   300   497     1     2     1     1   288 3.300
5nkkF01     3    40    50   300   498     1     1     2     1   248 2.640
8dfvA01     3    40    50   300   501     1     1     1     1   202 3.060
8dgfB01     3    40    50   300   506     1     1     1     1   191 2.900
2r6fA05     3    40    50   300   509     2     1     1     1   222 3.200
4ihqC03     3    40    50   300   513     1     1     1     1   288 2.000
3lncA01     3    40    50   300   515     1     1     1     1   128 1.950
1e2jA00     3    40    50   300   517     1     1     4     1   306 2.500
4ceiB01     3    40    50   300   518     1     1     1     1   180 2.800
2wjyA02     3    40    50   300   520     1     1     2     1   270 2.500
5tshA02     3    40    50   300   527     2     1     1     1   276 2.300
4zcfC01     3    40    50   300   528     1     1     1     1   254 2.600
1gm5A04     3    40    50   300   529     2     1     1     1   199 3.240
8g0zC01     3    40    50   300   531     1     1     4     1   254 3.610
1vcnA01     3    40    50   300   534     2     1     1     1   279 2.250
6bogA05     3    40    50   300   535     1     1     1     1   203 3.210
2akaB00     3    40    50   300   536     1     1     1     1   299 1.900
1sxjA01     3    40    50   300   540     1     1     1     1   179 2.850
1j70A03     3    40    50   300   542     1     1     2     1   122 2.300
6jytB01     3    40    50   300   544     1     1     2     1   173 2.800
6h2jB02     3    40    50   300   545     1     1     2     1   270 2.600
5a4jB01     3    40    50   300   547     2     2     1     1   323 2.150
1odfA00     3    40    50   300   548     1     1     1     1   280 2.250
3io5A00     3    40    50   300   550     1     1     1     1   271 2.400
4bloG01     3    40    50   300   552     1     1     1     1   246 2.800
1nstA00     3    40    50   300   561     1     1     1     1   282 2.300
1dekA01     3    40    50   300   563     1     1     1     1   118 2.000
4a0gD01     3    40    50   300   565     1     1     1     1   270 2.500
2ze6A01     3    40    50   300   566     1     1     1     1   124 2.100
7nadx02     3    40    50   300   570     1     1     1     1   237 3.040
7jgsD01     3    40    50   300   572     1     1     1     1   191 3.200
1z3iX02     3    40    50   300   575     1     1     1     1   243 3.000
4aurA01     3    40    50   300   577     1     1     1     1   262 2.700
1ofuX00     3    40    50   300   579     1     1     1     1   119 2.100
4ncjA01     3    40    50   300   588     1     1     2     1   311 2.000
1a7jA00     3    40    50   300   591     1     1     1     1   279 2.500
1xxhA01     3    40    50   300   592     1     1     2     1   140 3.450
3vkhB07     3    40    50   300   593     2     1     1     1   189 3.800
2ga8A00     3    40    50   300   594     1     1     1     1   326 1.770
7xc2A01     3    40    50   300   596     1     1     1     1   170 3.000
7l9pE01     3    40    50   300   597     1     1     1     1   212 3.600
3co5A00     3    40    50   300   598     1     1     1     1   131 2.400
4cehA04     3    40    50   300   602     1     1     2     1   274 3.240
1w36D03     3    40    50   300   605     1     1     1     1   173 3.100
4blqA00     3    40    50   300   606     1     1     1     1   267 2.790
1w36B01     3    40    50   300   607     1     1     1     1   248 3.100
2iusA02     3    40    50   300   609     1     2     1     1   294 2.700
2ht1A02     3    40    50   300   613     1     1     1     1   225 3.510
2zejB02     3    40    50   300   616     1     1     1     1    99 2.000
4akgA05     3    40    50   300   619     2     1     1     1   150 3.300
8alzB02     3    40    50   300   620     1     1     1     1   186 3.400
4d2iA02     3    40    50   300   621     1     1     1     1   270 2.840
2eyqA04     3    40    50   300   625     1     1     1     1   249 3.200
1e9rD01     3    40    50   300   626     1     1     1     1   301 2.400
3upuA01     3    40    50   300   627     1     1     1     1   175 3.300
7ufi101     3    40    50   300   628     1     1     2     1   175 3.400
3f5fA02     3    40    50   300   629     1     1     1     1   286 2.650
3jb9X01     3    40    50   300   633     1     1     1     1   229 3.600
5owvD01     3    40    50   300   636     1     1     1     1   222 3.720
6qj2A00     3    40    50   300   637     2     1     1     1   356 3.000
6bs3B01     3    40    50   300   638     1     1     1     1   314 2.300
4xc6B01     3    40    50   300   640     1     1     2     1   256 3.350
3ephA01     3    40    50   300   645     1     1     1     1   276 2.950
8fefH01     3    40    50   300   649     1     1     1     1   294 2.710
2ykgA02     3    40    50   300   650     1     1     2     1   109 2.500
1fmjA00     3    40    50   300   652     1     1     1     1   342 2.000
1w36F03     3    40    50   300   653     1     1     1     1   276 3.100
7r8bB01     3    40    50   300   656     1     1     1     1   278 3.100
6qs7C01     3    40    50   300   657     2     1     1     1   132 3.800
5kszA03     3    40    50   300   658     1     1     1     1   103 2.500
5o5qB01     3    40    50   300   660     1     1     2     1   148 3.250
3vkhB09     3    40    50   300   662     1     1     1     1   183 3.800
5jxtD00     3    40    50   300   663     1     1     1     1   292 3.010
8ebtA01     3    40    50   300   667     1     1     1     1   179 3.900
7wixA01     3    40    50   300   669     1     1     2     1   299 3.530
2zq5A00     3    40    50   300   671     1     1     1     1   365 2.000
1w36B03     3    40    50   300   675     1     1     1     1   299 3.100
4abyD00     3    40    50   300   676     1     1     1     1   307 3.000
2pjrA03     3    40    50   300   677     1     1     1     1   106 2.900
3vkhA12     3    40    50   300   682     1     1     1     1   153 3.800
3bk7A01     3    40    50   300   683     1     1     1     1   330 2.800
5da9B01     3    40    50   300   687     1     1     2     1   387 3.000
4ad8A01     3    40    50   300   689     1     1     1     1   291 4.000
4akgA09     3    40    50   300   691     1     1     1     1   354 3.300
3vkgA07     3    40    50   300   692     1     1     1     1   387 2.810
6nuiA01     3    40    50   300   693     1     1     1     1   187 999.000
1dx9A00     3    40    50   360     3     2     1     7     1   168 2.050
4h6pA00     3    40    50   360     6     2     1     3     1   184 2.560
3kegA00     3    40    50   360     9     1     1     2     1   192 2.100
3lcmB00     3    40    50   360    10     1     1     1     1   188 1.800
1d4aA00     3    40    50   360    11     2     1     2     1   273 1.700
4ltnA00     3    40    50   360    12     2     1     1     1   185 2.000
3klbA00     3    40    50   360    18     3     1     1     1   160 1.750
2fzvD00     3    40    50   360    19     2     2     1     1   236 1.700
8g64A01     3    40    50   360    20     1     1     1     1   166 1.600
1t0iA00     3    40    50   360    25     1     1     1     1   185 2.000
1sqsA00     3    40    50   360    27     1     1     1     1   228 1.500
5v8sA02     3    40    50   360    29     1     1     1     1   149 1.410
1ydgA00     3    40    50   360    30     1     1     1     1   201 2.000
3fniA00     3    40    50   360    33     2     1     1     1   153 2.300
3ha2A00     3    40    50   360    34     1     1     1     1   162 1.800
5b3kA00     3    40    50   360    37     1     1     1     1   150 1.700
1flnA00     3    40    50   360    41     1     1     5     1   138 1.900
4n82B00     3    40    50   360    43     1     1     1     1   153 1.880
1tllA01     3    40    50   360    46     1     1     1     1   174 2.300
3d7nA00     3    40    50   360    52     1     1     1     1   153 2.300
4igiA00     3    40    50   410     1     1     1     1     1   197 1.200
1jeyB01     3    40    50   410     2     1     2     1     1   227 2.500
1aoxA00     3    40    50   410     6     2     1     2     1   201 2.100
2x5nA01     3    40    50   410     9     1     1     1     1   179 1.300
3ragB00     3    40    50   410    10     1     1     1     1   217 1.800
4f1jA00     3    40    50   410    11     1     1     1     1   200 1.730
1rrkA01     3    40    50   410    12     2     1     1     1   202 2.000
1yvrA01     3    40    50   410    13     2     1     1     1   201 1.950
3fcsB03     3    40    50   410    18     2     1     2     1   244 2.550
5nusA00     3    40    50   410    21     1     1     1     1   211 2.200
4fx5A02     3    40    50   410    23     1     1     1     1   178 1.730
1m2vB04     3    40    50   410    25     1     1     2     1   236 2.750
1jeyA01     3    40    50   410    26     1     1     1     1   208 2.500
4wfqA00     3    40    50   410    30     1     1     1     1   192 2.400
2nutA03     3    40    50   410    31     1     1     1     1   254 2.300
7b7pA01     3    40    50   410    33     1     1     1     1   263 2.260
4rckA00     3    40    50   410    35     1     1     1     1   198 3.000
2ww8A03     3    40    50   410    37     1     1     1     1   304 1.900
5y58B01     3    40    50   410    39     1     1     1     1   179 2.800
7cunF01     3    40    50   410    42     1     1     1     1   244 3.500
3imkA00     3    40    50   450     3     1     1     1     1   155 1.450
5wq3B01     3    40    50   450     4     1     1     1     1   200 1.950
5vtoA00     3    40    50   450     5     3     1     1     1   163 999.000
2iz6A00     3    40    50   450     6     1     1     1     1   159 1.600
5mllA00     3    40    50   450     8     1     1     2     1   218 1.900
2khzA00     3    40    50   450    11     1     3     1     1   163 999.000
1ydhA00     3    40    50   450    13     1     2     1     1   176 2.150
3hnoA01     3    40    50   450    16     1     1     1     1   221 2.000
1f8yA00     3    40    50   450    19     1     1     1     1   156 2.400
3o8oA01     3    40    50   450    20     2     1     1     1   224 2.900
4mcjG00     3    40    50   450    22     1     1     1     1   147 2.400
3opyB04     3    40    50   450    23     2     2     1     1   230 3.050
3majA01     3    40    50   450    26     1     1     1     1   289 2.050
3gh1A02     3    40    50   450    27     1     1     1     1   316 1.900
3k2qA02     3    40    50   460     3     1     2     1     1   171 2.500
4wl0A04     3    40    50   460     7     1     1     2     1   140 2.890
2f48A02     3    40    50   460     8     1     1     1     1   188 2.110
3mtqB00     3    40    50   510     6     1     1     1     1   136 1.700
3gdwB00     3    40    50   510     7     1     1     1     1   127 2.000
2dlcX01     3    40    50   620     1     1     2     1     1   210 2.400
4l2iA01     3    40    50   620     2     1     1     1     1   205 1.450
3n8hA01     3    40    50   620     8     6     1     1     1   173 2.000
1kamA00     3    40    50   620    11     2     1     1     1   180 2.100
3u1vA01     3    40    50   620    12     1     3     1     1   209 2.800
1vl2A01     3    40    50   620    14     2     1     1     1   174 1.650
1gpmA02     3    40    50   620    15     3     1     1     1   172 2.200
4djaA01     3    40    50   620    16     1     1     1     1   163 1.450
2x1lA01     3    40    50   620    18     1     3     1     1   225 2.300
1mrzA01     3    40    50   620    27     2     1     1     1   158 1.900
1o6bA00     3    40    50   620    29     4     1     1     1   160 2.200
3q4gB00     3    40    50   620    32     5     1     1     1   254 2.400
3gmiA02     3    40    50   620    33     1     1     1     1   219 1.910
1jilA01     3    40    50   620    36     2     1     1     1   221 2.200
2a1tR01     3    40    50   620    38     1     1     3     1   181 2.800
2qjfA02     3    40    50   620    42     1     1     2     1   209 2.200
3umvA01     3    40    50   620    45     2     1     1     1   150 1.710
1m8fA00     3    40    50   620    46     1     1     6     1   167 2.400
3fg9C01     3    40    50   620    48     1     1     1     1   140 1.470
3ca8A02     3    40    50   620    57     1     1     1     1   155 1.800
4a91A01     3    40    50   620    58     1     1     1     1   152 1.750
3elbA02     3    40    50   620    61     1     1     1     1   164 2.000
2c5sA02     3    40    50   620    62     1     1     1     1   203 2.500
3k32B00     3    40    50   620    64     1     1     1     1   192 2.500
2qjoA01     3    40    50   620    67     1     1     1     1   196 2.600
3fetA00     3    40    50   620    68     1     1     1     1   162 2.050
2ielA00     3    40    50   620    72     1     1     1     1   132 1.600
2pg3A00     3    40    50   620    73     1     1     1     1   218 2.400
4r2lA00     3    40    50   620    75     1     1     1     1   142 1.800
2wsiA00     3    40    50   620    79     1     2     1     1   285 1.900
5jldA02     3    40    50   620    85     1     1     1     1   238 2.200
2oq2D00     3    40    50   620    87     1     1     1     1   246 2.100
3cr8C02     3    40    50   620    91     1     1     1     1   198 2.950
1efpB00     3    40    50   620    98     2     1     1     1   246 2.600
1irxA01     3    40    50   620   101     1     1     1     1   224 2.600
1ni5A01     3    40    50   620   105     1     1     1     1   225 2.650
1qrsA05     3    40    50   620   108     1     2     2     1   123 2.600
2gm3A00     3    40    50   620   112     1     1     1     1   150 2.460
3glvA00     3    40    50   620   113     1     1     1     1   122 1.990
3loqA01     3    40    50   620   117     1     1     1     1   140 2.320
4h3sA01     3    40    50   620   119     2     1     1     1   353 2.150
2d13A01     3    40    50   620   120     1     2     1     1   114 2.400
3c8zA01     3    40    50   620   126     1     1     1     1   316 1.600
1ct9B02     3    40    50   620   127     2     1     1     1   300 2.000
3focA01     3    40    50   620   128     1     1     1     1   291 2.090
4g6zA01     3    40    50   620   130     1     1     1     1   298 2.050
1pg2A01     3    40    50   620   131     1     2     1     1   345 1.750
5ztbA00     3    40    50   620   132     2     1     1     1   307 2.200
3ilvA02     3    40    50   620   133     1     1     1     1   319 1.790
3fnrA02     3    40    50   620   134     1     1     1     1   304 2.200
2e0iA01     3    40    50   620   135     1     1     1     1   126 2.800
3hzrA01     3    40    50   620   137     1     1     1     1   263 3.000
3p0hB02     3    40    50   620   139     1     1     1     1   284 3.000
2jaxA01     3    40    50   620   140     1     1     1     1   123 3.220
5usfB01     3    40    50   620   141     1     1     2     1   311 2.750
3a2kA01     3    40    50   620   143     1     1     1     1   135 3.650
1iq0A01     3    40    50   620   144     1     1     1     1   372 2.300
1gaxA01     3    40    50   620   145     1     1     1     1   338 2.900
1wkbA01     3    40    50   620   147     1     1     1     1   443 2.050
3raeC00     3    40    50   670     4     1     1     1     1   208 2.900
1bgwA02     3    40    50   670     6     1     1     1     1   171 2.700
2zjtA01     3    40    50   670     8     1     1     2     1   117 2.800
1frfS01     3    40    50   700     1     3     1     6     1   175 2.700
4omfG01     3    40    50   700     5     2     1     1     1   159 1.710
1c1dA02     3    40    50   720     4     1     1     1     1   202 1.250
1lqtA01     3    40    50   720     7     1     1     1     1   218 1.050
4gmgA01     3    40    50   720     8     1     1     2     1   203 2.310
3r6dA00     3    40    50   720    10     1     1     1     1   210 1.250
2gsdA02     3    40    50   720    11     3     4     1     1   192 1.950
1mv8A01     3    40    50   720    20     1     1     1     1   202 1.550
1mv8A03     3    40    50   720    21     1     1     1     1   202 1.550
4xcvA02     3    40    50   720    22     1     1     1     1   187 1.400
3dqpA00     3    40    50   720    24     1     1     1     1   213 1.400
2gsdA01     3    40    50   720    25     1     3     1     1   207 1.950
2cdcA02     3    40    50   720    30     1     1     1     1   190 1.500
6f3pA02     3    40    50   720    31     1     1     1     1   181 1.350
4miyA01     3    40    50   720    33     1     1     1     1   214 1.420
5jnmA01     3    40    50   720    39     1     1     1     1   199 1.700
2zygB01     3    40    50   720    41     2     1     2     1   179 2.100
6uutB01     3    40    50   720    43     1     1     1     1   195 1.650
4yt5A01     3    40    50   720    45     1     1     2     1   200 1.900
3ugkA02     3    40    50   720    48     1     1     2     1   191 2.010
4r16A02     3    40    50   720    49     1     1     1     1   187 1.550
3c1oA01     3    40    50   720    56     4     1     1     1   185 1.800
2ggsA01     3    40    50   720    59     1     1     1     1   205 1.700
1e7rA01     3    40    50   720    62     1     1     4     1   220 1.600
1pqwA00     3    40    50   720    63     1     1     2     1   183 2.660
1i2cA01     3    40    50   720    66     1     1     3     1   236 1.600
3fr7A01     3    40    50   720    67     1     1     1     1   216 1.550
5idqB00     3    40    50   720    68     1     1     1     1   216 1.550
1jayA00     3    40    50   720    70     1     1     1     1   212 1.650
3gqvA02     3    40    50   720    74     1     1     1     1   190 1.740
3wgtA01     3    40    50   720    75     1     1     1     1   198 1.880
2qrlA01     3    40    50   720    86     1     1     1     1   180 1.600
1x13B01     3    40    50   720    91     1     1     1     1   197 1.900
2exxA01     3    40    50   720    92     1     1     3     1   203 2.400
6havA01     3    40    50   720    94     1     1     1     1   252 1.060
1sowB01     3    40    50   720    99     3     2     1     1   151 1.900
3h2sA00     3    40    50   720   103     1     1     1     1   211 1.780
3l6eA00     3    40    50   720   104     2     1     1     1   204 2.300
5gudA03     3    40    50   720   108     2     1     1     1   163 1.680
5ukwA01     3    40    50   720   110     1     1     3     1   193 2.650
1n9gA02     3    40    50   720   111     1     1     4     1   157 1.980
3iupA02     3    40    50   720   112     1     1     1     1   181 1.700
3ukoA02     3    40    50   720   113     2     1     1     1   139 1.400
3rj5B00     3    40    50   720   117     1     1     2     1   250 1.450
2eezA01     3    40    50   720   118     3     1     1     1   193 2.710
2bi7A01     3    40    50   720   120     1     1     1     1   201 2.000
6q94H01     3    40    50   720   123     1     1     4     1   232 2.800
2x6tA01     3    40    50   720   126     1     1    11     1   203 2.360
1wpqA01     3    40    50   720   128     1     1     2     1   191 2.500
3c24A01     3    40    50   720   131     2     1     1     1   172 1.620
4tvoA01     3    40    50   720   133     4     1     1     1   153 1.500
5gz3A01     3    40    50   720   135     1     1     1     1   171 1.590
1j0xO01     3    40    50   720   138     2     1     3     1   165 2.400
2ozpA01     3    40    50   720   142     2     1     2     1   161 2.010
7rbpA01     3    40    50   720   145     1     1     1     1   199 2.100
3uceA00     3    40    50   720   157     1     1     1     1   219 1.800
1gcuA01     3    40    50   720   164     1     1     2     1   144 1.400
2nvwB01     3    40    50   720   169     1     1     1     1   196 2.100
2gerA01     3    40    50   720   172     1     1     3     1   172 3.100
3hdjA02     3    40    50   720   181     1     1     1     1   170 1.700
1kolA02     3    40    50   720   182     1     1     1     1   167 1.650
3c7aA01     3    40    50   720   184     1     1     1     1   205 2.100
1o89A02     3    40    50   720   188     2     2     1     1   167 2.250
5a9tA01     3    40    50   720   190     1     1     1     1   157 1.500
2q1sA01     3    40    50   720   200     1     1     1     1   243 1.500
1fjhA00     3    40    50   720   204     2     1     1     1   236 1.680
2bkaA00     3    40    50   720   205     1     1     1     1   232 1.700
1hdrA00     3    40    50   720   206     3     1     2     1   236 2.500
1npyA02     3    40    50   720   211     1     1     1     1   169 1.750
1l7eA01     3    40    50   720   217     1     1     1     1   177 1.900
2yyyA01     3    40    50   720   219     1     1     1     1   174 1.850
6bacA01     3    40    50   720   231     1     2     1     1   156 2.100
6r46A01     3    40    50   720   233     1     1     2     1   269 2.500
1nvmB01     3    40    50   720   241     2     1     1     1   158 1.700
5cefA01     3    40    50   720   248     6     1     1     1   176 2.600
5nc8A00     3    40    50   720   249     2     1     1     1   159 3.090
2vn8A02     3    40    50   720   256     1     1     1     1   183 2.100
4v1tB02     3    40    50   720   261     1     1     1     1   185 2.140
1jw9B00     3    40    50   720   265     1     1     1     1   240 1.700
3dtyA01     3    40    50   720   268     1     1     1     1   178 2.040
2qytA01     3    40    50   720   285     1     1     1     1   182 2.150
4ezbA01     3    40    50   720   294     2     1     1     1   177 2.100
1dihA01     3    40    50   720   295     4     1     1     1   164 2.200
3pefA01     3    40    50   720   304     1     2     1     1   163 2.070
1zmoA00     3    40    50   720   306     1     1     2     1   243 2.000
4ycaB01     3    40    50   720   311     1     1     1     1   158 1.810
4d79A00     3    40    50   720   315     1     1     1     1   243 1.770
5l4lA00     3    40    50   720   325     1     1     1     1   278 1.200
3k30A02     3    40    50   720   326     2     1     1     1   160 2.700
1xu9C00     3    40    50   720   331     1     1     1     1   258 1.550
3mtjA01     3    40    50   720   333     1     1     1     1   176 2.150
1b0aA01     3    40    50   720   335     6     2     1     1   130 2.560
1y9aA02     3    40    50   720   337     1     1     3     1   130 1.810
1ebfA01     3    40    50   720   349     1     1     1     1   183 2.300
2vt3B02     3    40    50   720   350     2     1     1     1   132 2.000
6vlxA01     3    40    50   720   360     1     1     1     1   252 1.720
3qa9A00     3    40    50   720   367     1     2     1     1   142 1.900
1yovB01     3    40    50   720   372     2     1     2     1   249 2.600
3k6jA01     3    40    50   720   373     1     1     1     1   225 2.200
3ba1A01     3    40    50   720   377     1     1     1     1   128 1.470
4rl6A01     3    40    50   720   382     2     1     1     1   215 2.790
3gpiA00     3    40    50   720   383     1     1     1     1   273 1.440
1gr0A01     3    40    50   720   385     1     1     1     1   243 1.950
2w2kA01     3    40    50   720   386     1     1     1     1   149 1.850
1u8xX01     3    40    50   720   395     1     1     1     1   160 2.050
1r0kA01     3    40    50   720   401     2     1     1     1   149 1.910
3mweB01     3    40    50   720   402     1     1     2     1   138 2.200
3oj0A00     3    40    50   720   403     1     1     1     1   135 1.650
3sc4A00     3    40    50   720   411     3     1     1     1   280 2.500
3m2tB01     3    40    50   720   413     1     1     1     1   172 2.300
4uejA02     3    40    50   720   417     1     1     1     1   138 1.740
6eqoA02     3    40    50   720   418     1     1     1     1   203 2.700
4e5nC01     3    40    50   720   432     1     1     1     1   133 1.700
3vhrA01     3    40    50   720   440     1     1     2     1   223 2.700
1nhwA00     3    40    50   720   453     1     1     1     1   229 2.350
3abiA01     3    40    50   720   466     1     1     1     1   172 2.440
6jnkA01     3    40    50   720   474     1     1     2     1   114 2.200
2d0iA01     3    40    50   720   479     1     1     1     1   141 1.950
5ldgA00     3    40    50   720   481     2     1     1     1   310 1.300
3oh8A02     3    40    50   720   488     1     1     1     1   257 2.000
1lj8A01     3    40    50   720   498     1     1     1     1   278 1.700
2amfA01     3    40    50   720   503     1     1     1     1   149 2.200
7tbvA03     3    40    50   720   508     1     1     1     1   154 2.300
7arcP01     3    40    50   720   513     2     1     1     1   271 2.880
1kyqB01     3    40    50   720   515     1     1     1     1   147 2.200
4rv9A04     3    40    50   720   522     2     1     1     1   106 2.200
3dmyA01     3    40    50   720   523     1     1     1     1   139 2.070
1dljA02     3    40    50   720   529     2     1     1     1   108 1.800
3d4oB01     3    40    50   720   532     1     1     1     1   139 2.100
4yraK00     3    40    50   720   540     7     1     2     1   286 2.650
2ph5A01     3    40    50   720   543     1     1     1     1   161 2.500
6jzzA01     3    40    50   720   544     1     1     4     1   148 3.010
1id1A00     3    40    50   720   551     1     1     1     1   153 2.400
6abiA01     3    40    50   720   554     1     1     1     1   135 2.100
2ydyA00     3    40    50   720   557     1     1     1     1   255 2.250
6s5eA01     3    40    50   720   560     1     1     6     1   118 3.890
3nklB00     3    40    50   720   562     1     1     1     1   121 1.900
3qvsA01     3    40    50   720   567     1     1     1     1   291 1.700
5a3vA02     3    40    50   720   569     1     1     1     1   145 2.340
3pp8A01     3    40    50   720   574     1     2     1     1   123 2.100
1isiA02     3    40    50   720   582     1     1     1     1   128 2.100
3dfuA01     3    40    50   720   584     1     1     1     1   125 2.070
1yrlB01     3    40    50   720   596     1     1     1     1   151 2.600
3lk7A01     3    40    50   720   600     1     1     1     1    84 1.500
2obnD01     3    40    50   720   606     1     1     1     1   131 2.300
3ff4A00     3    40    50   720   607     1     1     1     1   119 2.100
4m55E00     3    40    50   720   608     1     1     1     1   164 2.860
3on5B02     3    40    50   720   613     1     1     1     1   156 2.800
5dt9A01     3    40    50   720   616     3     1     1     1   130 2.660
3evtA01     3    40    50   720   617     1     1     1     1   120 2.200
3dfzB01     3    40    50   720   619     1     1     1     1   125 2.300
2f00A01     3    40    50   720   625     1     3     1     1    86 2.500
7xrjA01     3    40    50   720   628     1     1     1     1   115 2.200
1gq2A02     3    40    50   720   633     2     2     1     1   294 2.500
3gvxB01     3    40    50   720   636     1     1     1     1   110 2.200
2et6A02     3    40    50   720   644     1     1     1     1   295 2.220
4tqgA00     3    40    50   720   646     1     1     1     1   297 2.200
4qqrB00     3    40    50   720   648     1     1     1     1   268 2.700
4hy3C01     3    40    50   720   649     1     1     2     1   115 2.800
3ruiA00     3    40    50   720   651     1     1     2     1   320 1.910
1hwyA03     3    40    50   720   652     1     1     4     1   295 3.200
5yw4A00     3    40    50   720   656     3     1     1     1   331 2.050
8hi4B02     3    40    50   720   658     1     1     1     1   243 3.350
2v6fA00     3    40    50   720   659     2     3     1     1   355 2.400
1y8qC00     3    40    50   720   660     1     1     1     1   311 2.250
3wfjH01     3    40    50   720   661     1     1     1     1   118 2.800
2x4gA00     3    40    50   720   667     1     1     1     1   302 2.650
2vz8A06     3    40    50   720   671     1     2     1     1   327 3.220
2g6tA01     3    40    50   720   672     1     1     1     1    98 3.000
3s8mA00     3    40    50   720   673     1     1     1     1   385 1.600
6h0nB00     3    40    50   720   677     2     1     1     1   370 3.020
1p1jB01     3    40    50   720   678     1     1     1     1   401 1.700
4u5qB00     3    40    50   720   679     1     2     1     1   426 1.810
4f6cB00     3    40    50   720   680     1     1     1     1   353 2.810
2fr1A00     3    40    50   720   681     3     1     1     1   456 1.790
4j1qA00     3    40    50   720   682     1     1     1     1   417 2.350
2uv8A04     3    40    50   720   684     1     1     1     1   532 3.100
3ml1A02     3    40    50   740     2     1     1     1     1   267 1.600
1kqfA02     3    40    50   740     5     1     1     1     1   239 1.600
5nqdA02     3    40    50   740     9     1     1     1     1   244 2.200
1ti2A02     3    40    50   740    11     1     1     1     1   362 1000.000
4lq4A02     3    40    50   790     2     1     1     1     1    91 1.750
4k0mC02     3    40    50   790     6     1     1     1     1    89 1000.000
4wweA02     3    40    50   790     6     2     1     1     1    89 1000.000
4wwtA02     3    40    50   790     6     3     1     1     1    89 1000.000
7x09B02     3    40    50   800     1     2     1     1     1   112 1.700
3uh0A02     3    40    50   800    13     1     1     1     1   124 2.000
1httA02     3    40    50   800    19     1     1     1     1    98 2.600
1atiB02     3    40    50   800    20     1     1     1     1   112 2.750
5xo1A00     3    40    50   850     1     3     2     1     1   203 2.230
1j2rA00     3    40    50   850     4     1     1     1     1   188 1.300
3r2jB00     3    40    50   850     7     4     1     1     1   200 2.680
6kuaH00     3    40    50   850     8     3     1     1     1   164 2.100
4wgfA00     3    40    50   850    11     1     2     1     1   199 2.340
1yzvA00     3    40    50   850    14     1     1     1     1   195 2.000
1nbaB00     3    40    50   850    20     1     1     1     1   252 2.000
3ot1A00     3    40    50   880     1     2     1     1     1   194 1.160
3ewnA00     3    40    50   880     4     2     1     1     1   228 1.650
1fy2A00     3    40    50   880     5     1     1     1     1   220 1.200
6y2kA02     3    40    50   880     7     2     1     1     1   199 1.900
1wl8A00     3    40    50   880    11     1     1     1     1   186 1.450
7d53B01     3    40    50   880    13     1     1     2     1   243 1.600
6jowA02     3    40    50   880    14     1     1     1     1   208 1.750
2abwA00     3    40    50   880    15     1     1     1     1   216 1.620
4uozA02     3    40    50   880    24     2     1     1     1   223 2.300
3l3bA00     3    40    50   880    26     1     1     1     1   210 1.900
4pxyA00     3    40    50   880    32     1     1     1     1   240 1.500
1qvwA00     3    40    50   880    34     2     1     4     1   235 1.900
1a9xB02     3    40    50   880    35     1     1     1     1   227 1.800
2iufA03     3    40    50   880    37     2     1     1     1   161 1.710
7bobA02     3    40    50   880    38     1     1     1     1   199 2.200
3p9pA03     3    40    50   880    39     1     1     7     1   154 1.500
3r75A02     3    40    50   880    41     1     1     1     1   191 2.100
1t0bA00     3    40    50   880    43     1     1     1     1   240 1.700
3efeC00     3    40    50   880    44     1     1     1     1   206 2.300
2wjzD00     3    40    50   880    45     1     1     2     1   196 2.600
2vrnA00     3    40    50   880    46     1     1     1     1   184 2.150
3en0C00     3    40    50   880    47     1     1     1     1   260 1.500
3rhtA00     3    40    50   880    50     1     1     1     1   246 1.830
1s1mA02     3    40    50   880    54     3     1     1     1   249 2.300
3graA00     3    40    50   880    55     1     1     1     1   180 2.300
6gs2C01     3    40    50   880    56     1     1     1     1   241 2.040
4i4nA00     3    40    50   880    58     2     1     1     1   281 1.840
2h2wA00     3    40    50   880    59     2     1     1     1   289 2.520
2zuvA03     3    40    50   880    60     1     1     1     1   261 1.850
8a3pA01     3    40    50   880    63     1     1     1     1   190 2.700
4e5vB00     3    40    50   880    65     1     1     1     1   275 1.750
3l7nA00     3    40    50   880    70     1     1     1     1   234 2.700
1t3tA04     3    40    50   880    73     1     1     3     1   317 1.900
5vrbA03     3    40    50   920     2     3     1     1     1   125 1.850
2ozlB02     3    40    50   920     7     1     1     1     1   134 1.900
5b48A02     3    40    50   920    11     2     1     1     1   115 2.500
3ahcA03     3    40    50   920    14     1     1     1     1   182 1.700
5im5A00     3    40    50   960     4     1     2     1     1   142 3.700
1c41A00     3    40    50   960     6     1     1     1     1   165 3.100
1r9jA02     3    40    50   970     1    10     1     1     1   201 2.220
5ej8A03     3    40    50   970     4     1     1     1     1   210 1.340
5dgdA03     3    40    50   970     6     1     1     5     1   184 1.130
1pi3A01     3    40    50   970     8     1     1     7     1   178 1.200
1pvdA03     3    40    50   970     9     1     1     3     1   204 2.300
2pgnA01     3    40    50   970    10     1     1     1     1   187 1.200
3ahcA02     3    40    50   970    12     1     1     1     1   218 1.700
1ik6A01     3    40    50   970    13     2     2     1     1   158 2.000
2qtcA02     3    40    50   970    14     1     1     1     1   218 1.770
2ji7A03     3    40    50   970    19     1     1     1     1   212 1.820
5esoC02     3    40    50   970    24     1     1     1     1   220 2.050
5ahkA01     3    40    50   970    28     1     1     1     1   183 1.550
5tmaA01     3    40    50   970    32     1     1     1     1   186 1.670
5exeA01     3    40    50   970    34     1     1     1     1   250 1.880
1ay0A01     3    40    50   970    39     1     2     2     1   329 2.600
2o1xC01     3    40    50   970    40     2     2     2     1   230 2.900
5erxA01     3    40    50   970    41     1     1     1     1   175 1.730
5b46A01     3    40    50   970    47     1     1     1     1   190 2.100
2o1sA02     3    40    50   970    48     2     1     1     1   171 2.400
2jgdB02     3    40    50   970    62     2     1     1     1   328 2.600
1ni4A00     3    40    50   970    63     1     1     2     1   350 1.950
3ahcA01     3    40    50   970    65     1     1     1     1   386 1.700
2c42A06     3    40    50   970    66     1     1     1     1   385 1.780
1l8aA01     3    40    50   970    67     1     1     2     1   402 1.850
2d1sA02     3    40    50   980     1     1     1     1     1   179 1.300
2d1sA03     3    40    50   980     2     1     1     1     1   158 1.300
1amuA01     3    40    50   980     4     1     1     1     1   165 1.900
2qvxX02     3    40    50   980     8     1     1     4     1   147 2.700
2vsqA03     3    40    50   980    13     1     1     1     1   190 2.600
3r4cA01     3    40    50  1000     1     2     1     1     1   167 1.820
3smvA01     3    40    50  1000     9     1     1     1     1   156 1.380
6g2nA01     3    40    50  1000    13     1     1     2     1   135 1.400
4bndA01     3    40    50  1000    14     1     1     2     1   156 1.500
3kc2A01     3    40    50  1000    16     1     1     1     1   163 1.550
4jb3A01     3    40    50  1000    29     1     1     1     1   146 1.500
3slrA02     3    40    50  1000    31     1     1     1     1   156 1.710
3kd3A01     3    40    50  1000    35     1     1     1     1   153 1.700
3mmzC00     3    40    50  1000    36     1     1     1     1   161 1.840
3opxA01     3    40    50  1000    41     1     1     2     1   177 1.700
1ynsA01     3    40    50  1000    44     1     1     1     1   150 1.700
2qltA01     3    40    50  1000    55     1     1     1     1   177 1.600
2gmwA00     3    40    50  1000    56     1     1     1     1   182 1.500
2pkeA01     3    40    50  1000    59     1     1     1     1   152 1.810
2no5A01     3    40    50  1000    67     1     1     3     1   149 2.600
1u02A01     3    40    50  1000    69     1     1     1     1   149 1.920
3l0yA00     3    40    50  1000    77     1     1     5     1   179 2.300
5ncqA03     3    40    50  1000    80     1     2     1     1   148 3.000
2hegA00     3    40    50  1000    85     1     1     2     1   210 1.500
3u7eB01     3    40    50  1000    92     1     1     2     1   194 1.700
3n28A01     3    40    50  1000    96     1     1     1     1   154 2.300
4bkmA02     3    40    50  1000   101     2     1     1     1   134 2.650
3ib6C00     3    40    50  1000   104     1     1     1     1   178 2.200
3iruA01     3    40    50  1000   108     2     1     1     1   181 2.300
5uj0A00     3    40    50  1000   109     1     1     1     1   142 2.300
1wviC02     3    40    50  1000   113     2     2     1     1   109 2.300
4nv0A01     3    40    50  1000   114     1     1     1     1   217 1.650
1cqzA01     3    40    50  1000   115     1     1     1     1   162 2.800
2hx1A02     3    40    50  1000   117     1     1     1     1   119 2.100
1xpjA00     3    40    50  1000   122     1     1     1     1   124 2.300
2obbA00     3    40    50  1000   124     1     1     1     1   119 2.200
2x4dA02     3    40    50  1000   125     1     1     1     1   105 1.920
3gygC01     3    40    50  1000   129     1     1     1     1   193 2.450
3et4A00     3    40    50  1000   131     1     1     4     1   244 1.700
3shqA02     3    40    50  1000   133     1     1     1     1   223 1.960
4ohfA01     3    40    50  1000   135     1     1     1     1   198 2.530
4as2A01     3    40    50  1000   136     1     1     1     1   224 2.120
7op3A01     3    40    50  1000   140     1     1     1     1   190 3.500
4ofzA02     3    40    50  1000   141     1     1     1     1   216 3.000
6psyA01     3    40    50  1000   142     1     1     1     1   227 2.800
7bsqA01     3    40    50  1000   143     1     1     1     1   218 3.200
4ezeB00     3    40    50  1000   144     1     1     1     1   289 2.270
2qipA00     3    40    50  1010     2     1     1     1     1   160 1.480
2hwwB00     3    40    50  1010     4     1     1     1     1   157 1.800
1y82A00     3    40    50  1010     5     1     2     1     1   139 2.300
1w8iA00     3    40    50  1010     6     1     1     1     1   153 2.100
2bsqA00     3    40    50  1010     7     1     1     2     1   144 3.000
1xo1A02     3    40    50  1010     8     1     1     4     1   159 2.500
5ecwA00     3    40    50  1010     9     1     1     2     1   132 1.940
4mj7B00     3    40    50  1010    13     1     1     1     1   153 2.510
4chgA00     3    40    50  1010    15     1     1     1     1   129 2.100
3ix7A00     3    40    50  1010    16     1     1     1     1   130 2.150
3h8sA01     3    40    50  1010    17     1     1     3     1   207 2.510
1v8oH00     3    40    50  1010    19     1     1     2     1   133 2.800
3q8mA01     3    40    50  1010    21     4     1     3     1   216 2.600
4xgqA00     3    40    50  1010    22     1     1     1     1   132 2.700
7og5F01     3    40    50  1010    26     1     1     1     1   153 3.370
2hwyA00     3    40    50  1010    27     1     1     1     1   116 2.750
2wp8J01     3    40    50  1010    28     1     1     1     1   181 3.000
2lcqA01     3    40    50  1010    30     1     1     1     1   123 999.000
6k1fA01     3    40    50  1070     1     1     4     1     1   171 2.500
1x1qA01     3    40    50  1100     1     2     4     2     1   159 2.500
3dwiA01     3    40    50  1100     2     2     1     3     1   174 2.810
1kl7A03     3    40    50  1100     4     3     1     1     1   155 2.700
6hulB02     3    40    50  1100     8     2     1     1     1   190 2.550
1jbqA02     3    40    50  1100     9     1     5     2     1   103 2.600
4lmbA01     3    40    50  1100    12     4     1     1     1   207 1.910
5c3uA01     3    40    50  1100    15     2     1     1     1   219 1.760
3ss7X02     3    40    50  1100    16     1     1     1     1   123 1.550
3v7nA02     3    40    50  1100    17     1     1     1     1   220 1.400
6amiA02     3    40    50  1100    33     1     1     2     1   217 1.970
4d9nA02     3    40    50  1100    37     1     1     5     1   116 2.500
1tzkC01     3    40    50  1100    38     1     1     1     1   216 2.000
2gn0A02     3    40    50  1100    40     2     1     1     1    96 1.700
5ygrB01     3    40    50  1100    50     2     1     1     1   253 2.500
3iauA01     3    40    50  1100    52     1     1     2     1   255 2.350
3r0xA01     3    40    50  1100    54     1     2     1     1   304 1.930
1e5xA01     3    40    50  1100    55     1     1     2     1   290 2.250
3c1uA00     3    40    50  1110     2     1     1     2     1   231 1.330
3dt8A00     3    40    50  1110     3     1     1     4     1   211 1.850
6se1A01     3    40    50  1110     4     1     1     1     1   250 1.080
7tjbA01     3    40    50  1110     5     1     1     1     1   206 1.300
4tx1A00     3    40    50  1110     6     2     1     1     1   213 1.750
2vptA00     3    40    50  1110    12     1     1     1     1   198 1.400
3slrA01     3    40    50  1110    13     1     1     1     1   214 1.710
6hfzA01     3    40    50  1110    15     1     1     1     1   214 1.750
3milB00     3    40    50  1110    16     1     1     1     1   238 1.600
5cd9A00     3    40    50  1110    17     1     1     2     1   203 2.100
4i8iA00     3    40    50  1110    21     1     1     1     1   250 1.500
4lhsA02     3    40    50  1110    24     1     1     1     1   183 1.400
4k7jA01     3    40    50  1110    25     1     1     1     1   226 1.970
4nrdA00     3    40    50  1110    26     2     1     1     1   201 2.100
2w9xA02     3    40    50  1110    27     1     1     1     1   225 2.000
3bzwF00     3    40    50  1110    28     1     1     1     1   235 1.870
4h08A00     3    40    50  1110    29     1     1     1     1   199 1.800
4rw0A00     3    40    50  1110    39     1     1     1     1   178 2.000
7ztnA01     3    40    50  1110    40     1     1     1     1   309 1.450
1zmbA01     3    40    50  1110    42     1     1     1     1   240 2.610
1escA00     3    40    50  1110    45     1     1     1     1   302 2.100
3kvnA01     3    40    50  1110    46     1     1     1     1   319 2.500
1agxA01     3    40    50  1170     1     5     2     1     1   216 2.900
5dncA01     3    40    50  1170     3     2     1     1     1   228 2.010
6qsiA02     3    40    50  1220     1     3     1     1     1   162 1.690
1pvdA02     3    40    50  1220     5     1     1     5     1   154 2.300
2bruC00     3    40    50  1220     6     1     2     1     1   167 999.000
1zpdA02     3    40    50  1220    11     1     1     3     1   163 1.860
5ol0B01     3    40    50  1220    15     2     1     1     1   172 1.990
3cf4G01     3    40    50  1220    17     2     1     1     1   160 2.000
4i5iA01     3    40    50  1220    18     1     2     1     1   158 2.500
5ej8A02     3    40    50  1220    23     1     1     1     1   126 1.340
1t9bA02     3    40    50  1220    24     1     2     2     1   176 2.200
3pkiA01     3    40    50  1220    28     1     1     2     1   204 2.040
2x7jA02     3    40    50  1220    32     1     1     1     1   182 2.350
7koeB02     3    40    50  1220    38     1     1     1     1   119 2.900
4gpzA00     3    40    50  1240     1     2     2     1     1   241 1.650
3d4iB01     3    40    50  1240     2     2     1     1     1   244 1.950
2yn0A00     3    40    50  1240     4     1     1     1     1   248 1.500
3e9eB00     3    40    50  1240     7     2     1     2     1   239 2.100
3f3kA00     3    40    50  1240    10     1     1     1     1   257 1.750
3r7aB00     3    40    50  1240    11     1     1     1     1   224 1.840
1dklB01     3    40    50  1240    12     3     1     4     1   283 2.300
1fbtA00     3    40    50  1240    15     1     5     1     1   186 2.000
2gfiA02     3    40    50  1240    18     1     1     1     1   248 2.290
2qniA01     3    40    50  1240    20     1     1     1     1   185 1.800
3f2iF00     3    40    50  1240    24     1     1     1     1   164 2.000
4arsA02     3    40    50  1240    27     1     1     2     1   121 1.900
3fjyA02     3    40    50  1240    29     1     1     1     1   166 2.150
3eozB01     3    40    50  1240    32     1     1     1     1   163 2.400
2rflH00     3    40    50  1240    33     1     1     1     1   152 2.350
1qwoA01     3    40    50  1240    34     1     1     1     1   390 1.500
7zghA01     3    40    50  1240    35     1     1     1     1   403 1.410
1nd6A00     3    40    50  1240    36     1     1     1     1   342 2.400
2wniB00     3    40    50  1240    38     1     1     2     1   394 2.570
1vjdA01     3    40    50  1260     1     3     3     1     1   186 1.900
1fw8A02     3    40    50  1260     2     1     4     1     1   190 2.300
1fw8A01     3    40    50  1260     7     1     1     1     1   225 2.300
3nwpA00     3    40    50  1360     1     2     1     1     1   227 1.400
2okgA00     3    40    50  1360     5     2     1     1     1   241 1.650
3nzeA00     3    40    50  1360    11     1     1     1     1   249 1.700
7l6lC01     3    40    50  1360    16     1     1     1     1   174 1.750
1fs5A00     3    40    50  1360    19     1     2     1     1   266 1.730
1lk5A01     3    40    50  1360    20     1     1     1     1   150 1.750
3e15A00     3    40    50  1360    22     1     1     1     1   284 2.000
1d09A02     3    40    50  1370     5     3     1     2     1   158 2.100
2i6uA01     3    40    50  1370     6     6     1     1     1   146 2.200
2fg6C02     3    40    50  1370    12     1     1     2     1   152 2.800
4a8pF01     3    40    50  1370    14     1     1     1     1   163 2.000
1dxhA01     3    40    50  1370    16     3     1     1     1   183 2.500
1js1Y01     3    40    50  1370    17     1     1     1     1   164 2.000
2yfkA01     3    40    50  1370    23     1     2     1     1   189 2.550
1vmdA00     3    40    50  1380     2     3     1     1     1   156 2.060
1c30A08     3    40    50  1380     4     1     1     1     1   137 2.000
5douA02     3    40    50  1380     5     1     1     2     1   162 2.600
5uz0D01     3    40    50  1380     6     1     2     1     1   193 1.790
2r0qC01     3    40    50  1390     1     1     1     6     1   138 3.200
4bqqA01     3    40    50  1390     7     1     1     1     1   140 2.150
5cy1B01     3    40    50  1390    10     1     1     1     1   106 3.400
3goqA01     3    40    50  1400     1     1     1     2     1   165 1.600
2pnjA02     3    40    50  1400     3     1     1     8     1   143 2.350
2xvyA01     3    40    50  1400     4     1     1     1     1   138 1.700
2xwsA00     3    40    50  1400     6     1     1     1     1   126 1.600
2xwpA02     3    40    50  1400     8     2     1     1     1   123 1.900
4kmmA01     3    40    50  1400     9     1     1     6     1   216 2.600
2jh3A02     3    40    50  1400    10     1     1     1     1   123 1.900
4ccsA02     3    40    50  1400    11     1     1     1     1   122 1.900
2btoA01     3    40    50  1440     1     3     1     1     1   262 2.500
4e6eA01     3    40    50  1440     3     2     4     1     1   206 2.120
3r4vA01     3    40    50  1440     5     1     1     1     1   291 1.670
4xcqA01     3    40    50  1440    11     1     1     2     1   208 2.390
3zidB00     3    40    50  1440    12     1     1     1     1   342 2.000
2xkbL00     3    40    50  1440    13     1     1     2     1   379 3.000
7trgA01     3    40    50  1440    14     1     1     1     1   159 3.000
1f1jA00     3    40    50  1460     4     2     1     3     1   230 2.350
3h11A00     3    40    50  1460     6     1     1     1     1   212 1.900
3uoaB01     3    40    50  1460     8     1     1     1     1   228 1.750
4iefB02     3    40    50  1460    11     1     1     2     1   230 2.300
6kn1A01     3    40    50  1460    12     1     1     1     1   146 1.900
4aw9A00     3    40    50  1460    14     1     2     8     1   263 2.200
3bijB00     3    40    50  1460    19     1     1     1     1   255 2.500
2lgjA00     3    40    50  1470     2     2     2     2     1   191 999.000
1a7aA01     3    40    50  1480     2     2     4     5     1   234 2.800
4bmxB00     3    40    50  1580     5     1     2     2     1   233 1.760
5tc6A00     3    40    50  1580     7     2     1     1     1   273 1.480
2p4sA00     3    40    50  1580     8    10     1     1     1   282 2.200
2b94A01     3    40    50  1580    10     1     2     2     1   231 1.850
4qasA00     3    40    50  1580    16     1     1     1     1   197 1.250
5cyfC00     3    40    50  1580    17     2     2     1     1   279 1.980
3bjeA01     3    40    50  1580    18     1     1     1     1   312 1.440
1t8sA02     3    40    50  1580    21     1     2     1     1   299 2.600
4pr3A00     3    40    50  1580    23     1     1     1     1   198 2.610
3bmxA02     3    40    50  1700     1     1     1     1     1   223 1.400
3wltA02     3    40    50  1700     3     1     1     2     1   186 1000.000
5k6lA01     3    40    50  1700     5     1     1     1     1   244 1.830
5fjiA02     3    40    50  1700    10     2     2     1     1   272 1.950
3icvA00     3    40    50  1820     1     1     2     1     1   288 1.490
1ex9A00     3    40    50  1820     2     3     1     1     1   285 2.540
1hdeA00     3    40    50  1820     7     1     1     6     1   310 2.700
2x5xA00     3    40    50  1820     8     1     1     1     1   342 1.200
2qubA01     3    40    50  1820    11     1     2     1     1   329 1.800
4nvrA00     3    40    50  1820    13     3     1     1     1   296 2.220
1jfrA00     3    40    50  1820    16     3     5     1     1   260 1.900
1l7aA00     3    40    50  1820    17     1     1     1     1   318 1.500
5xmdB00     3    40    50  1820    18     1     2     1     1   322 2.000
3wlaA00     3    40    50  1820    19     1     2     1     1   329 1.900
2o7rA00     3    40    50  1820    20     1     1     1     1   307 1.400
2psdA00     3    40    50  1820    21     1     1     2     1   305 1.400
3iujA01     3    40    50  1820    25     4     1     1     1   334 1.800
4q34A00     3    40    50  1820    31     1     1     1     1   313 1.600
1r88A00     3    40    50  1820    33     2     1     1     1   267 1.710
5z7xA00     3    40    50  1820    39     2     3     1     1   270 2.060
8b28A01     3    40    50  1820    41     1     1     1     1   324 1.750
1gklA00     3    40    50  1820    49     1     1     1     1   283 1.400
1pv1A00     3    40    50  1820    50     4     1     3     1   290 2.300
1ji3A00     3    40    50  1820    52     1     1     7     1   388 2.200
4h18A00     3    40    50  1820    56     1     1     1     1   311 1.760
3uueA00     3    40    50  1820    60     1     1     1     1   279 1.450
1ethA01     3    40    50  1820    61     1     8     1     1   338 2.800
5d6oA00     3    40    50  1820    63     2     1     1     1   349 1.800
3tejA00     3    40    50  1820    64     1     1     1     1   319 1.900
6ru2A00     3    40    50  1820    66     2     1     3     1   379 1.960
5lp1A00     3    40    50  1820    67     1     1     2     1   370 1.910
3fakA00     3    40    50  1820    68     2     1     1     1   297 1.900
3g7nB00     3    40    50  1820    70     1     1     1     1   257 1.300
2pujA00     3    40    50  1820    72     1     1     1     1   283 1.570
1lnsA02     3    40    50  1820    73     2     1     1     1   321 2.200
6unvA00     3    40    50  1820    76     1     2     1     1   266 3.000
2y6vA01     3    40    50  1820    78     1     1     2     1   325 2.830
5a62A00     3    40    50  1820    81     1     1     1     1   272 1.500
2rauA00     3    40    50  1820    82     1     1     1     1   345 1.850
1qozA00     3    40    50  1820    93     1     2     1     1   206 1.900
4y7dA00     3    40    50  1820    95     1     1     1     1   283 1.680
4c89C00     3    40    50  1820    97     1     1     1     1   332 2.050
1r3dA00     3    40    50  1820    98     2     1     1     1   253 1.900
3r0vA00     3    40    50  1820   104     1     1     1     1   249 1.380
4ccyA00     3    40    50  1820   106     2     1     2     1   284 2.040
1agyA00     3    40    50  1820   108     1     1     4     1   197 1.150
2xmqA00     3    40    50  1820   110     1     2     3     1   281 2.810
2veoA01     3    40    50  1820   112     1     1     2     1   334 2.200
3dqzA00     3    40    50  1820   114     1     1     3     1   256 2.500
4qa9A00     3    40    50  1820   115     1     1     1     1   388 1.560
3d0kB00     3    40    50  1820   116     1     1     1     1   289 1.830
3wzlA00     3    40    50  1820   118     1     2     2     1   264 2.600
2gzsA00     3    40    50  1820   121     1     1     1     1   245 1.400
1azwA00     3    40    50  1820   123     3     1     1     1   313 2.700
1mo2A00     3    40    50  1820   126     2     2     1     1   251 3.000
3jyhA01     3    40    50  1820   128     1     1     2     1   303 2.190
3gffA00     3    40    50  1820   131     1     1     1     1   309 2.120
4pf1A01     3    40    50  1820   132     2     1     1     1   270 2.100
2oryA00     3    40    50  1820   133     1     1     1     1   335 2.200
4rgyA00     3    40    50  1820   135     1     1     1     1   237 1.400
3vvlA01     3    40    50  1820   136     1     1     2     1   266 1.810
3ilsA00     3    40    50  1820   138     1     1     1     1   265 1.700
3h2gA01     3    40    50  1820   140     1     1     1     1   279 1.860
3ajaB00     3    40    50  1820   143     1     2     1     1   264 2.900
3d3nB00     3    40    50  1820   149     1     1     3     1   248 2.500
1thtA00     3    40    50  1820   151     1     1     1     1   294 2.100
3iiiA01     3    40    50  1820   153     1     1     1     1   279 1.950
3h04A00     3    40    50  1820   159     1     1     1     1   272 1.900
3g8yA00     3    40    50  1820   162     1     1     1     1   380 1.900
4qloA00     3    40    50  1820   165     1     1     1     1   327 2.450
1jjfA00     3    40    50  1820   166     1     1     1     1   255 1.750
6nkgA00     3    40    50  1820   170     1     3     1     1   245 2.150
2qr5A02     3    40    50  1820   173     1     1     3     1   260 2.200
1ufoA00     3    40    50  1820   177     1     1     1     1   234 1.600
4ao8A00     3    40    50  1820   179     1     1     1     1   234 1.610
2yijB00     3    40    50  1820   180     1     1     1     1   379 2.000
2dcmA02     3    40    50  1820   184     2     1     3     1   256 2.900
7v8wA01     3    40    50  1820   186     1     1     1     1   250 1.800
3c8dB02     3    40    50  1820   188     1     1     1     1   249 1.800
4zi5A00     3    40    50  1820   189     1     1     1     1   239 1.700
2q0xA01     3    40    50  1820   191     1     1     1     1   287 2.200
1ycdB00     3    40    50  1820   192     1     1     1     1   238 1.700
4zwnB00     3    40    50  1820   197     1     1     1     1   311 2.490
3fsgA00     3    40    50  1820   201     1     1     1     1   261 2.000
3hlkB02     3    40    50  1820   202     1     1     1     1   269 2.100
4i4cB00     3    40    50  1820   204     1     1     1     1   398 1.950
2pblA01     3    40    50  1820   205     1     1     1     1   237 1.790
2fukA00     3    40    50  1820   207     1     1     1     1   218 1.600
4az3A00     3    40    50  1820   211     1     1     1     1   259 2.040
3qzuA00     3    40    50  1820   213     1     4     1     1   180 1.850
3u0vA00     3    40    50  1820   220     1     1     1     1   222 1.720
6yuqA01     3    40    50  1820   223     1     1     1     1   243 1.950
4q82A00     3    40    50  1820   225     1     1     1     1   232 1.850
1cpyA01     3    40    50  1820   228     1     1     1     1   349 2.600
2jbwA02     3    40    50  1820   231     1     1     1     1   250 2.100
2qjwA00     3    40    50  1820   237     1     1     1     1   173 1.350
1xktA01     3    40    50  1820   238     1     1     3     1   183 2.600
3b5eB00     3    40    50  1820   239     1     1     1     1   211 1.750
3fleA00     3    40    50  1820   240     1     1     1     1   236 2.010
4zv9A00     3    40    50  1820   241     1     1     1     1   234 2.000
3wa7A00     3    40    50  1820   243     1     1     2     1   461 1.700
6hswA01     3    40    50  1820   251     1     1     1     1   413 2.150
1k8qA00     3    40    50  1820   253     2     1     1     1   377 2.700
6mvdA01     3    40    50  1820   254     2     1     3     1   205 3.100
3bdvA00     3    40    50  1820   255     1     1     1     1   186 1.660
8axcA01     3    40    50  1820   256     1     1     1     1   420 2.120
3og9A00     3    40    50  1820   257     1     1     1     1   206 1.880
7v3kA01     3    40    50  1820   258     1     1     1     1   265 2.490
2qs9A00     3    40    50  1820   259     1     1     1     1   189 1.720
2wj6A01     3    40    50  1820   261     1     1     2     1   204 2.000
3p2mA00     3    40    50  1820   264     1     1     1     1   281 2.800
2cb9A01     3    40    50  1820   265     2     1     1     1   174 1.800
1pjaA00     3    40    50  1820   266     1     1     1     1   268 2.700
4w9rB01     3    40    50  1820   271     1     1     1     1   257 2.700
1imjA00     3    40    50  1820   272     1     1     1     1   208 2.200
4fleA00     3    40    50  1820   275     1     1     1     1   191 2.100
7obmA02     3    40    50  1820   281     1     1     1     1   268 3.100
5a2gA00     3    40    50  1820   282     1     1     1     1   501 1.900
3ksrA02     3    40    50  1820   289     1     1     1     1   211 2.690
1f8uA00     3    40    50  1820   290     3     2     7     1   531 2.900
4xjvA00     3    40    50  1820   291     1     1     1     1   216 2.800
1ac5A00     3    40    50  1820   294     1     1     1     1   483 2.400
8jj7A01     3    40    50  1820   305     1     1     1     1   306 1000.000
3ojcA01     3    40    50  1860     1     2     1     1     1   114 1.750
1zuwA02     3    40    50  1860     3     4     1     1     1   113 1.750
5elmA02     3    40    50  1860     4     1     1     2     1   112 2.000
2eq5B01     3    40    50  1860    13     1     1     1     1   115 2.200
2jfnA01     3    40    50  1860    14     1     1     1     1   152 1.900
5ijwA01     3    40    50  1860    15     2     1     1     1   160 1.760
2eq5A02     3    40    50  1860    17     1     1     1     1   101 2.200
4zavA00     3    40    50  1950     2     1     1     1     1   208 1.400
3wisA00     3    40    50  1950     3     1     1     1     1   180 1.900
1qzuA00     3    40    50  1950     4     3     1     1     1   160 2.910
3lqkA00     3    40    50  1950     5     1     1     1     1   185 2.100
1g63B00     3    40    50  1950     6     2     1     1     1   174 2.500
1u11B00     3    40    50  1970     2     1     1     2     1   163 1.550
4mcaA01     3    40    50  1970     5     2     1     1     1   159 1.900
4qgsA01     3    40    50  1970     7     1     1     1     1   169 1.700
6c5cA01     3    40    50  1970    11     2     1     1     1   182 1.850
5tprA01     3    40    50  1970    12     1     1     1     1   184 1.700
3u7qA02     3    40    50  1980     1     1     1     1     1   143 1.000
3u7qA03     3    40    50  1980     6     1     1     1     1   115 1.000
2x4lA01     3    40    50  1980     7     1     1     1     1   139 1.500
5gizA02     3    40    50  1980     8     2     1     1     1   142 1.500
5kohB04     3    40    50  1980    14     2     1     1     1    99 1.830
8ebgA01     3    40    50  1980    15     1     1     2     1   155 1.430
1qguB02     3    40    50  1980    16     2     1     1     1   105 1.600
4pm4A01     3    40    50  1980    19     1     2     1     1   133 2.200
5m29A01     3    40    50  1980    25     1     1     2     1   119 1.500
4hn9A01     3    40    50  1980    40     1     1     1     1   128 1.850
5vlcA01     3    40    50  1980    45     3     1     1     1   158 1.970
4fi3F02     3    40    50  1980    46     1     1     2     1   126 3.470
3aekA02     3    40    50  1980    47     1     2     1     1   139 2.300
2chuB01     3    40    50  1980    50     2     1     5     1   184 2.400
4b8yA02     3    40    50  1980    52     1     1     2     1   165 1.900
3ujpA02     3    40    50  1980    53     2     1     1     1   115 2.700
2prsA02     3    40    50  1980    55     1     1     1     1   114 1.700
4h59A02     3    40    50  1980    60     1     1     1     1   165 1.660
3eixA02     3    40    50  1980    62     1     1     1     1   179 1.350
5kohC01     3    40    50  1980    63     1     3     1     1   200 1.830
2ynmC03     3    40    50  1980    66     1     1     1     1   123 2.100
5cr9A02     3    40    50  1980    68     1     1     1     1   169 1.700
2xdqA01     3    40    50  1980    71     3     1     1     1   165 2.400
3r5tA02     3    40    50  1980    72     1     1     1     1   182 1.450
3pdiD01     3    40    50  1980    74     1     1     2     1   159 2.400
2xdqB01     3    40    50  1980    77     1     1     1     1   147 2.400
2o1eB01     3    40    50  1980    78     2     1     1     1   146 2.600
2ynmD02     3    40    50  1980    79     1     1     1     1   114 2.100
2q8pA02     3    40    50  1980    81     1     1     1     1   167 1.950
3be6A02     3    40    50  1980    84     1     1     1     1   173 1.820
3pdiB02     3    40    50  1980    88     1     1     1     1   123 2.400
1efdN02     3    40    50  1980    89     1     1     1     1   171 1.900
6mflA02     3    40    50  1980    92     1     1     1     1   101 1.900
4ljsA01     3    40    50  1980    97     1     1     1     1   162 2.320
1efdN01     3    40    50  1980   101     1     1     1     1    91 1.900
2ynmD03     3    40    50  1980   103     1     1     1     1   177 2.100
3aekB04     3    40    50  1980   105     1     1     1     1    94 2.300
4wesC01     3    40    50  1980   108     1     1     1     1   238 1.080
4fkmA01     3    40    50  1980   109     1     1     1     1    70 2.200
4gicA02     3    40    50  1980   111     1     1     1     1   233 2.050
1rrvA01     3    40    50  2000     3     3     1     1     1   235 2.000
4relA01     3    40    50  2000     4     1     1     1     1   268 1.750
3t7dA01     3    40    50  2000     5     1     1     1     1   263 1.700
1uqtA01     3    40    50  2000     7     2     1     1     1   243 2.000
7c2xA01     3    40    50  2000     8     1     1     1     1   276 1.890
6lf6A01     3    40    50  2000    10     2     1     1     1   262 2.040
8sfuB01     3    40    50  2000    11     1     1     1     1   253 1.800
4m60A01     3    40    50  2000    15     1     1     4     1   227 1.770
1a8iA02     3    40    50  2000    19     1     1     3     1   326 1.780
6gngA01     3    40    50  2000    21     3     1     1     1   307 2.950
3beoA01     3    40    50  2000    22     1     2     1     1   214 1.700
2vchA02     3    40    50  2000    28     1     1     1     1   194 1.450
1uqtA02     3    40    50  2000    29     3     1     1     1   208 2.000
1pn3A02     3    40    50  2000    30     1     4     1     1   170 2.800
2yjnA01     3    40    50  2000    31     3     1     1     1   247 3.090
1xv5A02     3    40    50  2000    34     1     1     1     1   209 1.730
3nb0D01     3    40    50  2000    42     2     1     1     1   308 2.410
5dxfB01     3    40    50  2000    44     1     1     1     1   261 2.560
2pq6A01     3    40    50  2000    48     1     1     1     1   222 2.100
3t5tA02     3    40    50  2000    49     1     1     1     1   188 1.700
1xv5A01     3    40    50  2000    50     1     1     1     1   190 1.730
3nchC02     3    40    50  2000    55     1     1     3     1   227 2.880
4nesA02     3    40    50  2000    56     1     1     1     1   161 1.420
3oy2A02     3    40    50  2000    57     1     1     1     1   232 2.310
2bisA01     3    40    50  2000    60     1     1     3     1   246 2.800
3tsaA02     3    40    50  2000    61     1     1     1     1   177 1.700
4hlnA02     3    40    50  2000    62     3     1     1     1   211 2.700
3qhpA00     3    40    50  2000    63     1     1     1     1   159 1.500
2x6rB01     3    40    50  2000    64     1     1     1     1   214 2.200
5d01A01     3    40    50  2000    67     2     1     1     1   184 2.020
5npsA03     3    40    50  2000    68     1     1     1     1   168 1.680
4x7rA01     3    40    50  2000    70     1     1     1     1   204 2.150
3okpA01     3    40    50  2000    73     1     1     1     1   189 2.000
2iyaA02     3    40    50  2000    76     2     1     1     1   163 1.700
4nc9B01     3    40    50  2000    77     1     1     2     1   185 3.190
2xciA02     3    40    50  2000    78     1     1     1     1   187 2.000
6ldqA01     3    40    50  2000    79     1     1     1     1   180 1.920
3s2uA02     3    40    50  2000    81     2     1     1     1   173 2.230
1f0kA01     3    40    50  2000    82     1     1     1     1   175 1.900
3q3eA03     3    40    50  2000    83     1     1     1     1   191 2.100
3qkwB01     3    40    50  2000    87     1     1     2     1   174 2.290
5e9tA01     3    40    50  2000    92     1     2     1     1   156 2.920
3s28A03     3    40    50  2000    95     1     1     1     1   303 2.800
6dfeB02     3    40    50  2000   102     1     1     2     1   162 2.310
2iuyA02     3    40    50  2000   104     1     1     1     1   174 2.100
3rhzA02     3    40    50  2000   105     1     1     1     1   157 1.900
4rbnA04     3    40    50  2000   108     2     1     1     1   228 3.050
6ejkA01     3    40    50  2000   110     1     1     3     1   181 3.300
3hbmA02     3    40    50  2000   114     1     1     1     1   139 1.800
6ejiA02     3    40    50  2000   116     1     1     1     1   169 2.300
2x0dA02     3    40    50  2000   117     1     1     1     1   164 2.280
1pswA01     3    40    50  2000   118     1     1     1     1   134 2.000
1ahpA01     3    40    50  2000   123     2     2     4     1   467 3.000
3tovA02     3    40    50  2000   126     1     1     1     1   178 2.980
2jzcA00     3    40    50  2000   129     1     1     1     1   201 999.000
5znqA00     3    40    50  2020     1     1     2     1     1   183 1.750
2igbB00     3    40    50  2020     2     1     3     1     1   173 1.680
1nulA00     3    40    50  2020     9     1     2     1     1   142 1.800
1vchD00     3    40    50  2020    15     1     1     1     1   173 1.940
1dkuA02     3    40    50  2020    16     3     1     1     1   167 2.200
1d6nA00     3    40    50  2020    19     1     1     5     1   214 2.700
5vn4B00     3    40    50  2020    24     1     1     1     1   231 1.350
4ohcC00     3    40    50  2020    30     1     1     1     1   218 1.850
1bd3A00     3    40    50  2020    36     1     1     1     1   224 1.930
5t3oA02     3    40    50  2020    40     1     1     1     1   139 2.200
4fymF00     3    40    50  2020    41     1     1     1     1   209 2.600
6elqA02     3    40    50  2030     1     3     2     1     1   169 2.520
1e2uA04     3    40    50  2030     2     1     1     3     1   172 1.600
3i01A03     3    40    50  2030     4     3     1     1     1   228 2.150
1gnlA03     3    40    50  2030     7     1     1     1     1   151 1.250
1oaoC02     3    40    50  2030     8     1     1     1     1   190 1.900
3cf4A02     3    40    50  2030     9     1     1     1     1   196 2.000
4jc8A01     3    40    50  2060     3     1     1     1     1   136 2.600
6xm1C01     3    40    50  2060     4     1     1     1     1   130 2.800
4z0nA01     3    40    50  2300     1     2     1     1     1   146 1.260
4nqrA02     3    40    50  2300     5     1     1     2     1   154 1.090
6hniA01     3    40    50  2300    14     1     1     1     1   149 1.350
3lftB02     3    40    50  2300    17     1     1     1     1   145 1.350
4ru1A02     3    40    50  2300    24     1     1     1     1   148 1.500
2fn9A01     3    40    50  2300    27     2     1     1     1   126 1.400
5jnvA00     3    40    50  2300    34     1     2     1     1   154 1.600
4iilA01     3    40    50  2300    35     1     1     1     1   137 1.300
2id9A00     3    40    50  2300    36     1     1    11     1   127 1.750
3t95A01     3    40    50  2300    40     2     2     1     1   161 1.750
3ckmA02     3    40    50  2300    42     1     1     1     1   137 1.350
5hqjA02     3    40    50  2300    44     1     1     1     1   145 1.550
3om0A02     3    40    50  2300    46     1     1     1     1   160 1.400
4f06A02     3    40    50  2300    50     1     1     1     1   166 1.300
2qvcA01     3    40    50  2300    57     1     1     3     1   140 2.400
4kzkA01     3    40    50  2300    58     2     1     1     1   136 1.500
3lopA02     3    40    50  2300    59     1     1     1     1   140 1.550
3hv2A00     3    40    50  2300    67     1     1     1     1   136 1.500
2wrzA02     3    40    50  2300    75     2     1     4     1   161 2.200
4iilA02     3    40    50  2300    96     1     1     1     1   177 1.300
3ksmA02     3    40    50  2300    98     1     1     1     1   147 1.900
1r8jB01     3    40    50  2300   110     1     1     1     1   149 2.030
5kc8A02     3    40    50  2300   114     1     1     1     1   162 1.750
3h5lA02     3    40    50  2300   121     1     1     1     1   165 1.700
5vm9A03     3    40    50  2300   122     1     4     1     1   170 3.280
2yhaA01     3    40    50  2300   124     1     1     1     1   139 1.850
4pyrA01     3    40    50  2300   125     1     1     1     1   177 1.450
4q6bA02     3    40    50  2300   129     1     1     1     1   130 1.670
2fqxA01     3    40    50  2300   130     1     1     1     1   131 1.700
2w42B01     3    40    50  2300   132     1     1     1     1   158 1.900
4rzsC01     3    40    50  2300   137     1     2     1     1   131 2.710
2r47A01     3    40    50  2300   152     1     1     1     1   137 1.880
5jx2A02     3    40    50  2300   167     1     1     2     1   182 2.050
3e61A02     3    40    50  2300   173     1     1     1     1   139 2.000
5wq0B00     3    40    50  2300   174     2     1     2     1   126 2.600
1jx6A01     3    40    50  2300   177     1     1     1     1   182 1.500
3omxA01     3    40    50  2300   181     1     1     3     1   134 2.340
5ereA01     3    40    50  2300   185     1     1     1     1   137 2.000
3jy6D02     3    40    50  2300   190     1     1     1     1   135 1.970
3mizA01     3    40    50  2300   194     1     1     1     1   132 1.910
4yhsA01     3    40    50  2300   198     1     1     1     1   126 1.800
3gv0A01     3    40    50  2300   201     1     2     1     1   130 2.350
3brsA02     3    40    50  2300   204     1     1     1     1   134 2.000
4y9tA02     3    40    50  2300   205     1     1     1     1   173 1.800
3gv0A02     3    40    50  2300   210     1     2     1     1   132 2.350
3lmkA02     3    40    50  2300   214     1     2     1     1   169 2.440
3o74A02     3    40    50  2300   220     2     1     1     1   173 2.000
4maaA02     3    40    50  2300   222     1     1     1     1   167 2.000
3sg0A01     3    40    50  2300   223     1     1     1     1   203 1.200
3h75A01     3    40    50  2300   230     1     1     1     1   186 1.600
3ksmA01     3    40    50  2300   232     1     1     1     1   125 1.900
4ywhB02     3    40    50  2300   236     1     2     1     1   159 2.350
1usgA01     3    40    50  2300   237     2     1     1     1   201 1.530
3brqB01     3    40    50  2300   248     1     1     1     1   127 2.000
3qekA02     3    40    50  2300   256     1     1     1     1   172 2.000
4pe5B02     3    40    50  2300   260     1     1     3     1   170 3.960
1dbqA01     3    40    50  2300   262     1     1     1     1   134 2.200
2qu7A02     3    40    50  2300   264     1     1     1     1   138 2.300
5dleA00     3    40    50  2300   265     1     1     1     1   104 1.550
2zayA00     3    40    50  2300   268     1     1     1     1   123 2.000
2hqoA00     3    40    50  2300   270     1     1     2     1   119 999.000
4ms4A02     3    40    50  2300   273     2     1     1     1   191 1.900
6y9uB01     3    40    50  2300   274     1     1     2     1   168 2.500
3q41A01     3    40    50  2300   275     1     2     1     1   191 3.400
3k9cB01     3    40    50  2300   276     1     1     1     1   128 2.140
5xx1A01     3    40    50  2300   279     1     2     1     1   140 3.100
4rkrB01     3    40    50  2300   281     1     1     1     1   130 2.200
4xxhA01     3    40    50  2300   286     1     1     1     1   138 2.400
5z3mB00     3    40    50  2300   293     1     1     1     1   152 2.600
5awhA01     3    40    50  2300   296     1     1     1     1   179 2.000
1qo0D01     3    40    50  2300   309     1     1     1     1   127 2.250
3om0A01     3    40    50  2300   310     1     1     1     1   209 1.400
4wxmB00     3    40    50  2300   314     1     1     1     1   129 2.300
1h9cA00     3    40    50  2300   317     2     1     2     1   105 999.000
3bilA02     3    40    50  2300   318     1     1     1     1   137 2.500
4p1zA00     3    40    50  2300   324     1     1     1     1   127 2.300
3lkbA02     3    40    50  2300   327     1     1     1     1   167 2.400
1u04A03     3    40    50  2300   329     1     1     1     1   175 2.250
3h5tA02     3    40    50  2300   338     1     1     1     1   133 2.530
3luaA00     3    40    50  2300   351     1     1     1     1   124 2.400
4m88A01     3    40    50  2300   357     1     1     1     1   205 1.760
4pe5D01     3    40    50  2300   359     1     1     2     1   195 3.960
1peaA01     3    40    50  2300   369     1     1     1     1   192 2.100
5kcnA01     3    40    50  2300   371     1     1     1     1    99 1.970
2h0aA02     3    40    50  2300   372     1     1     1     1   136 2.800
1yvuA03     3    40    50  2300   373     1     1     1     1   158 2.900
4qicA02     3    40    50  2300   379     1     1     1     1   100 2.050
2pjuC01     3    40    50  2300   385     1     1     1     1   100 2.100
1dp4C02     3    40    50  2300   386     1     1     1     1   204 2.000
4ml3D00     3    40    50  2300   387     1     1     2     1   131 3.150
3eafA01     3    40    50  2300   388     1     1     1     1   206 2.000
3kloD00     3    40    50  2300   391     1     1     1     1   173 2.800
1jdpB02     3    40    50  2300   399     1     1     1     1   213 2.000
3h5lA01     3    40    50  2300   403     1     1     1     1   232 1.700
4o1hA00     3    40    50  2300   404     1     1     1     1   115 2.800
3sqnB04     3    40    50  2300   411     1     1     1     1    87 2.310
5kc9B01     3    40    50  2300   412     1     2     1     1   219 2.300
3c97A01     3    40    50  2300   413     1     1     1     1    58 1.700
3kg2B01     3    40    50  2300   414     1     1     1     1   161 3.600
1ewkA01     3    40    50  2300   421     2     1     2     1   275 2.200
2wb4B01     3    40    50  2300   423     1     1     1     1   275 2.800
2l19A00     3    40    50  2300   425     1     1     2     1   131 999.000
2j48A00     3    40    50  2300   430     1     1     1     1   119 999.000
1tvmA01     3    40    50  2300   434     1     1     1     1    93 999.000
6hsaA00     3    40    50  9100     1     1     1     1     1   145 0.920
1wcwA01     3    40    50 10090     1     1     1     1     1   125 1.300
1jr2A01     3    40    50 10090     5     1     1     1     1   120 1.840
1jr2A02     3    40    50 10090     6     1     1     1     1   140 1.840
4es6A01     3    40    50 10090     7     1     1     1     1   114 2.220
4c6sA00     3    40    50 10140     3     1     1     1     1   142 1.750
2j67A00     3    40    50 10140     6     1     2     1     1   141 2.200
5tecB00     3    40    50 10140     7     1     1     1     1   148 2.200
5forA00     3    40    50 10140    11     1     1     1     1   131 2.500
3ub3A00     3    40    50 10140    12     1     1     3     1   125 2.750
8spoE01     3    40    50 10140    13     1     1     1     1   152 2.980
4lzpA00     3    40    50 10140    14     1     1     1     1   162 3.150
2m1xA00     3    40    50 10140    15     1     1     1     1   160 999.000
1nbwB00     3    40    50 10150     4     1     1     1     1   113 2.400
3nyiB01     3    40    50 10170     4     1     1     1     1   153 1.900
3k05B02     3    40    50 10190     2     1     1     1     1    98 1.330
3pd7A00     3    40    50 10190     3     1     1     1     1    94 1.260
3l41A01     3    40    50 10190     4     1     1     1     1   101 1.450
3pa6A00     3    40    50 10190     6     1     1     1     1    97 1.500
7p0jA01     3    40    50 10190     9     1     1     1     1    90 1.480
1l0bA02     3    40    50 10190    10     2     1     1     1    77 2.300
6j0yA01     3    40    50 10190    13     1     1     1     1   101 1.800
7p0jA02     3    40    50 10190    17     1     1     1     1    85 1.480
7qroA01     3    40    50 10190    19     1     1     2     1    87 1.800
2nteA02     3    40    50 10190    20     1     1     1     1   104 1.900
3al2A02     3    40    50 10190    24     1     1     1     1    96 2.000
3hufB02     3    40    50 10190    25     1     1     1     1    99 2.150
5u6kE01     3    40    50 10190    27     1     2     1     1    91 2.600
1imoA00     3    40    50 10190    28     1     1     3     1    88 999.000
6hm5A02     3    40    50 10190    29     1     1     1     1    97 2.330
4bmdA02     3    40    50 10190    30     1     1     1     1    99 2.500
3oq0J00     3    40    50 10190    31     1     1     2     1    92 2.700
3t7iA02     3    40    50 10190    32     1     1     2     1   113 2.300
6hm5A01     3    40    50 10190    35     1     2     1     1    87 2.330
3t7iA01     3    40    50 10190    36     1     1     2     1   121 2.300
1gzhB01     3    40    50 10190    37     1     1     1     1   103 2.600
2vxbA02     3    40    50 10190    41     1     1     1     1    81 2.300
7e8iK02     3    40    50 10190    43     1     1     1     1    95 3.100
1gzhD02     3    40    50 10190    44     1     1     1     1   119 2.600
2l42A00     3    40    50 10190    49     1     1     1     1    97 999.000
2jw5A00     3    40    50 10190    51     1     1     1     1   106 999.000
2ep8A01     3    40    50 10190    57     1     1     1     1    77 999.000
2ebuA01     3    40    50 10190    58     1     1     1     1    74 999.000
4gnsA03     3    40    50 10190    59     1     1     1     1   119 1000.000
1j33A02     3    40    50 10210     1     3     1     1     1   273 2.000
3l0zC00     3    40    50 10210     4     2     1     1     1   334 2.650
1ig0A01     3    40    50 10240     1     1     1     1     1   187 1.800
2omkA00     3    40    50 10240     2     1     1     2     1   220 1.800
3ihkA00     3    40    50 10240     3     3     1     1     1   202 3.000
2o8nA00     3    40    50 10260     2     1     1     1     1   227 2.000
3d3kA00     3    40    50 10260     3     1     1     1     1   233 2.200
5intB00     3    40    50 10300     2     2     1     1     1   190 2.150
1p9oA00     3    40    50 10300     3     1     1     1     1   269 2.300
3a6hB00     3    40    50 10310     1     1     1     5     1   256 2.000
3no4A00     3    40    50 10310     2     1     1     2     1   260 2.000
2xadA00     3    40    50 10320     2     1     1     3     1   256 1.700
1q74B00     3    40    50 10320     4     1     1     1     1   277 1.700
5bmoC00     3    40    50 10320     5     1     1     1     1   242 1.920
5cgzA00     3    40    50 10320     6     1     1     1     1   240 2.100
1uanA00     3    40    50 10320     7     1     1     1     1   220 2.000
1z0sA01     3    40    50 10330     1     1     1     1     1   124 1.700
4haoA01     3    40    50 10330     4     1     2     1     1   151 2.550
3vzbB01     3    40    50 10330     5     1     1     2     1   143 2.000
1u0tA01     3    40    50 10330     8     1     1     1     1   130 2.300
1yt5A01     3    40    50 10330     9     1     1     1     1   130 2.300
7r4lA01     3    40    50 10330    11     1     1     1     1   141 2.600
3afoB01     3    40    50 10330    14     1     1     1     1   204 2.000
1gq2A01     3    40    50 10380     3     1     2     1     1   247 2.500
2haeA01     3    40    50 10380     4     5     1     2     1   152 3.130
4lryA01     3    40    50 10440     1     1     1     4     1   173 2.830
3jr7A01     3    40    50 10440     5     1     1     1     1   114 2.000
2a0uA02     3    40    50 10470     2     3     1     1     1   206 2.100
6i3mE02     3    40    50 10470     3     2     1     1     1   200 3.930
1vimA00     3    40    50 10490     3     1     1     1     1   192 1.360
4u6nA00     3    40    50 10490     4     2     1     2     1   193 1.910
3odpA01     3    40    50 10490    10     3     1     1     1   200 2.350
3ifsA02     3    40    50 10490    14     1     2     1     1   185 2.000
2pocB01     3    40    50 10490    18     1     1     1     1   202 1.800
2cb0A01     3    40    50 10490    19     1     2     1     1   155 1.800
4ivnA02     3    40    50 10490    21     1     1     1     1   188 1.900
3shoB00     3    40    50 10490    22     1     1     4     1   175 1.800
3c3jA02     3    40    50 10490    23     2     1     1     1   164 1.800
7o0aD01     3    40    50 10490    26     1     1     1     1   216 1.740
6az1B01     3    40    50 10490    30     2     1     1     1   195 2.700
2zj3A02     3    40    50 10490    33     3     1     1     1   148 1.900
3jx9A00     3    40    50 10490    34     1     1     1     1   165 1.950
8glrA02     3    40    50 10490    35     1     1     1     1   157 1.830
1t10A02     3    40    50 10490    41     1     2     1     1   134 2.350
3cvjC00     3    40    50 10490    43     1     1     1     1   234 2.000
3fj1A02     3    40    50 10490    48     1     1     1     1   134 1.750
2q8nA01     3    40    50 10490    53     1     1     1     1   285 1.820
6nqbB01     3    40    50 10490    54     1     2     1     1   135 3.800
4bb9A02     3    40    50 10490    55     1     1     1     1   343 1.470
3ujhB01     3    40    50 10490    56     1     1     1     1   308 2.100
2o2cC01     3    40    50 10490    59     1     1     1     1   379 1.580
1p5hA01     3    40    50 10540     3     2     1     7     1   330 2.200
1x74A01     3    40    50 10540     5     1     1     1     1   170 1.790
2qaiB00     3    40    50 10580     3     1     1     1     1    90 2.400
2d00A01     3    40    50 10580     4     1     1     1     1    67 2.200
5nsqA01     3    40    50 10590     1     1     1     4     1   189 3.000
1zrsA01     3    40    50 10740     1     1     1     2     1   157 1.500
4e94A01     3    40    50 10740     4     1     1     2     1   153 1.650
1rqpA01     3    40    50 10790     1     2     1     1     1   185 1.800
5ktnA02     3    40    50 10800     1     1     1     1     1    87 1.340
5f33A03     3    40    50 10800     3     1     1     1     1    84 1.450
5f33A01     3    40    50 10800     4     2     1     1     1   101 1.450
3iqeA01     3    40    50 10830     1     1     7     1     1   155 1.800
1bxgB01     3    40    50 10860     2     1     1     6     1   131 2.300
4bhtA02     3    40    50 10860     7     1     3     2     1   136 2.500
4omuB01     3    40    50 10860    10     2     1     1     1   159 1.650
6de8A01     3    40    50 10860    13     1     1     3     1   147 2.100
6apeA02     3    40    50 10860    21     2     1     1     1    86 1.450
2i7xA02     3    40    50 10890     4     1     1     1     1   188 2.500
2xr1B04     3    40    50 10890     5     1     1     1     1   176 2.590
3wz2B00     3    40    50 10900     2     1     1     1     1   228 2.250
2wamA01     3    40    50 10900     3     3     1     2     1   240 2.600
4g4sP00     3    40    50 10900     6     1     1     1     1   190 2.490
2ajtA01     3    40    50 10940     1     2     1     2     1   175 2.600
1r5jA01     3    40    50 10950     1     4     1     1     1   166 2.700
2ex1A02     3    40    50 11110     1     1     1     4     1   167 2.000
2c83A01     3    40    50 11120     1     1     1     5     1   205 1.900
4z1gA01     3    40    50 11260     4     1     2     1     1   111 3.100
8oxuA01     3    40    50 11260     6     1     1     1     1    77 2.940
4h4dA02     3    40    50 11270     1     1     1     1     1    96 1.350
3zy2A01     3    40    50 11340     1     2     1     1     1   176 1.540
4ap5A01     3    40    50 11340     4     1     1     1     1   200 3.000
5ux6B02     3    40    50 11350     1     1     2     1     1   169 2.090
2hhcA02     3    40    50 11350     2     1     1     1     1   142 1.540
4ap5A02     3    40    50 11350     4     1     1     1     1   172 3.000
4gywA03     3    40    50 11380     1     1     1     1     1   204 1.700
3q3eA02     3    40    50 11380     4     1     1     1     1   165 2.100
4o4jF01     3    40    50 11480     3     1     2     1     1    53 2.200
6q9cB02     3    40    50 11540     2     1     1     1     1   178 1.780
2h85A02     3    40    50 11580     1     1     2     1     1   126 2.600
2jgdA04     3    40    50 11610     2     2     1     1     1   159 2.600
3v33B00     3    40    50 11980     2     1     1     1     1   160 2.010
6bv5A02     3    40    50 11980     3     1     1     1     1   172 1.790
4emtA02     3    40    50 12100     1     1     2     2     1   132 1.500
6qumE00     3    40    50 12240     1     1     2     2     1   469 3.250
6cfwJ00     3    40    50 12280     6     1     1     1     1   143 3.700
6sy1B03     3    40    50 12470     1     2     1     1     1   247 1.870
5lg5F00     3    40    50 12500     2     2     1     1     1   237 2.100
2xecC00     3    40    50 12500     3     1     1     2     1   243 2.200
4ix1A00     3    40    50 12500     4     1     1     1     1   231 2.800
5ahoA02     3    40    50 12650     2     1     1     1     1   123 2.160
7sglD01     3    40    50 12650     3     1     1     1     1   137 3.000
3o83A00     3    40    50 12780     2     2     1     1     1   433 1.900
4wd1A01     3    40    50 12780     8     1     1     1     1   419 1.900
3ivrA00     3    40    50 12780    20     1     1     1     1   394 2.000
3t5aA00     3    40    50 12780    21     1     1     1     1   441 2.050
2y4oA01     3    40    50 12780    29     1     2     1     1   327 1.900
3iplC00     3    40    50 12780    34     1     1     2     1   357 2.300
4gs5A01     3    40    50 12780    38     1     1     1     1   233 2.020
6ulwA01     3    40    50 12780    39     1     1     1     1   374 3.400
7febA03     3    40    50 12790     2     1     1     1     1    92 2.110
1sxrA00     3    40    80    10     2     2     1     1     1   173 1.560
3latA00     3    40    80    10     6     1     2     1     1   207 1.700
2y28B00     3    40    80    10     7     1     1     1     1   176 1.800
3hmbB00     3    40    80    10     9     2     1     2     1   156 2.700
3ep1A00     3    40    80    10    11     1     1     1     1   167 2.100
4olsA00     3    40    80    10    12     1     1     1     1   185 2.270
1lbaA00     3    40    80    10    14     1     1     1     1   146 2.200
3dvoA00     3    40    91    10     1     1     1     1     1   334 1.890
1knvB00     3    40    91    10     2     1     1     1     1   291 2.170
1dc1A01     3    40    91    10     4     1     1     1     1   222 1.700
1m0dA00     3    40    91    30     1     1     1     1     1   129 1.900
2fokA03     3    40    91    30     2     1     1     1     1   175 2.300
5cznA00     3    40    91    90     2     1     3     3     1   179 1.980
4cgxA00     3    40    91    90     5     1     1     1     1   160 2.700
3bemB00     3    40   109    10     4     1     1     1     1   200 1.650
3hoiA00     3    40   109    10     9     1     1     1     1   184 1.550
2ymvA02     3    40   109    10    11     1     1     1     1   221 1.600
1kqbA00     3    40   109    10    14     1     2     1     1   216 1.800
3gb5A00     3    40   109    10    26     2     1     1     1   185 2.000
5hdjA00     3    40   109    10    28     5     1     1     1   247 1.890
3eo7A02     3    40   109    10    38     1     1     1     1   250 1.800
5j6cA00     3    40   109    10    39     1     1     1     1   173 2.100
5lq4A01     3    40   109    10    42     1     1     1     1   228 2.650
7ly5B01     3    40   109    10    43     1     1     1     1   153 2.500
4urpA00     3    40   109    10    44     1     1     1     1   179 2.990
1vkwA01     3    40   109    10    45     1     1     1     1   118 2.000
3k6hA01     3    40   109    10    46     1     1     1     1   166 3.050
2ehpA00     3    40   120    10     1     1     1     1     1   123 1.300
5bmnA01     3    40   120    10     3     1     1     1     1   146 1.270
4il8A03     3    40   120    10     5     1     1     2     1   119 1.800
1tuoA03     3    40   120    10     6     1     1     1     1   117 1.700
2f7lA02     3    40   120    10     9     2     1     1     1   122 2.800
3pmgA02     3    40   120    10    12     1     1     3     1   103 2.400
4hjhA03     3    40   120    10    13     1     1     1     1   115 2.100
4qg5A03     3    40   120    10    14     2     1     1     1   132 3.500
4hjhB01     3    40   120    10    17     1     1     1     1   147 2.100
3na5A02     3    40   120    10    18     1     1     1     1    94 1.700
2dkaB01     3    40   120    10    21     1     1     1     1   161 1.930
4hjhA02     3    40   120    10    25     1     1     1     1    81 2.100
7pizC01     3    40   120    10    27     1     1     1     1   177 2.150
6gyzA03     3    40   120    10    29     2     2     1     1    84 3.000
1tiyA00     3    40   140    10     2     1     1     2     1   155 2.500
3rzuE00     3    40   140    10     3     1     2     2     1   173 2.500
2g84A01     3    40   140    10     6     1     1     1     1   173 1.400
2o95B00     3    40   140    10    10     2     1     1     1   176 1.950
7dryA01     3    40   140    10    12     1     1     1     1   184 1.440
3b8fB00     3    40   140    10    19     1     1     1     1   142 1.900
2pw9D03     3    40   140    10    21     1     1     1     1   146 2.100
1r5tA00     3    40   140    10    22     1     1     1     1   141 2.000
1r5xA00     3    40   140    10    26     1     1     2     1   103 2.300
5cw4A01     3    40   140    10    28     1     1     1     1   149 2.540
2qlcA00     3    40   140    10    31     1     1     1     1   126 2.300
1cttA02     3    40   140    10    32     1     2     1     1   115 2.200
2rpzA00     3    40   140    10    34     1     2     1     1   192 999.000
8aw3201     3    40   140    10    39     1     1     1     1   156 3.600
3zefE06     3    40   140    10    40     1     2     2     1   262 3.100
4f7oA00     3    40   140    10    43     1     1     1     1   225 2.600
1zczA03     3    40   140    20     4     1     1     1     1   127 1.880
3zzmA02     3    40   140    20     5     2     1     1     1   121 2.200
5j1dA02     3    40   190    10     1     2     2     1     1   149 1.900
4zdmA01     3    40   190    10     8     2     1     1     1   149 1.500
6iwfA02     3    40   190    10    11     2     1     1     1   153 1.710
1sbpA01     3    40   190    10    12     1     2     1     1   151 1.700
1a40A02     3    40   190    10    16     1     1     4     1   166 1.700
5um2A02     3    40   190    10    17     1     1     1     1   160 1.140
4r6yA02     3    40   190    10    18     1     1     1     1   157 1.220
4ombA02     3    40   190    10    23     1     1     1     1   144 1.500
2g29A02     3    40   190    10    26     2     1     1     1   128 1.500
3lr1A01     3    40   190    10    28     2     1     1     1   117 1.800
3cfzA01     3    40   190    10    31     2     2     1     1   119 1.700
3cg3A02     3    40   190    10    35     2     2     1     1   167 1.800
4i1dC02     3    40   190    10    41     2     1     1     1   141 2.200
6mliE01     3    40   190    10    45     1     1     9     1   137 1.880
6lkkA01     3    40   190    10    47     1     1     1     1   137 1.500
1p99A01     3    40   190    10    49     1     1     1     1   144 1.700
1xocA01     3    40   190    10    51     1     1     1     1   155 1.550
1y9uA02     3    40   190    10    56     2     1     1     1   167 1.390
5a5xB01     3    40   190    10    61     1     1     2     1   128 1.800
3ksxA01     3    40   190    10    72     1     1     1     1   155 1.700
3o66B01     3    40   190    10    78     2     1     1     1   165 1.860
4ne4A01     3    40   190    10    85     2     1     1     1   166 1.730
1pdaA01     3    40   190    10    91     3     1     1     1   109 1.760
3cvgA01     3    40   190    10    94     1     1     1     1   144 1.970
1al3A02     3    40   190    10   100     1     1     1     1   136 1.800
2hzlA02     3    40   190    10   101     1     2     1     1   114 1.400
1atgA02     3    40   190    10   105     1     1     1     1   109 1.200
4jb7A01     3    40   190    10   108     1     1     1     1   118 1.420
2o7iA01     3    40   190    10   110     1     1     1     1   171 1.500
4kqpA02     3    40   190    10   115     1     1     1     1    96 0.950
5yqwA01     3    40   190    10   118     1     1     1     1   179 1.360
4edpA01     3    40   190    10   134     1     1     1     1   160 1.850
5my5A02     3    40   190    10   138     1     1     1     1   112 1.400
3mpkA01     3    40   190    10   139     1     1     1     1   140 2.040
3vd8A01     3    40   190    10   141     1     3     1     1   168 2.070
3axfA02     3    40   190    10   142     1     2     2     1   112 2.000
1ursA02     3    40   190    10   146     1     1     1     1   180 1.450
3pu5A02     3    40   190    10   147     1     1     1     1   154 2.050
2czlA01     3    40   190    10   148     1     1     1     1   176 1.550
3oo8A01     3    40   190    10   149     1     1     1     1   174 1.600
3firA02     3    40   190    10   151     2     1     2     1   113 2.000
4zdmA02     3    40   190    10   157     2     1     1     1   100 1.500
5z6bA01     3    40   190    10   158     1     1     1     1   176 1.580
4dddA01     3    40   190    10   159     1     1     1     1   162 1.900
1pc3A01     3    40   190    10   161     1     1     1     1   141 2.160
1b1xA04     3    40   190    10   169     1     7     1     1   160 2.620
6fccA01     3    40   190    10   171     1     1     1     1   127 1.890
4fajA01     3    40   190    10   177     1     1     1     1   166 1.900
1ursB01     3    40   190    10   179     1     1     1     1   186 1.450
8ovoB01     3    40   190    10   180     1     1     2     1   109 1.700
4gl8A01     3    40   190    10   182     1     1     1     1   154 2.200
4eq9A02     3    40   190    10   184     1     1     1     1   103 1.400
4r2bA01     3    40   190    10   186     2     1     1     1   197 1.870
3oelA02     3    40   190    10   187     1     2     1     1   113 1.900
4h6dC02     3    40   190    10   188     1     2     2     1   111 2.900
3rpwA01     3    40   190    10   189     1     1     1     1   179 1.650
3m8uA01     3    40   190    10   191     1     1     1     1   121 1.850
2qpqA02     3    40   190    10   192     1     1     1     1   124 1.920
1twyA01     3    40   190    10   193     1     1     1     1   112 1.650
2p0sB01     3    40   190    10   197     1     1     1     1   109 1.600
2qryA01     3    40   190    10   200     1     1     1     1   155 2.250
3ttnB02     3    40   190    10   201     1     1     1     1   166 2.000
2h98A01     3    40   190    10   203     2     1     1     1   109 1.800
4htgA02     3    40   190    10   204     1     1     1     1   101 1.450
5xpjA02     3    40   190    10   205     1     1     2     1   198 2.500
6jf1A02     3    40   190    10   210     2     2     1     1   110 1.950
3hn0A01     3    40   190    10   211     1     1     1     1   179 1.750
1aivA01     3    40   190    10   212     3     1     3     1   181 3.000
5iaiA01     3    40   190    10   213     1     1     1     1   186 1.600
2rinA01     3    40   190    10   217     1     1     1     1   178 1.800
1uthA01     3    40   190    10   219     1     1     5     1   120 2.200
2ozzA01     3    40   190    10   223     1     1     1     1   134 2.300
3ho7A02     3    40   190    10   228     1     1     1     1   102 1.580
2de2A01     3    40   190    10   234     1     1     2     1   194 1.800
2xxpA01     3    40   190    10   235     1     1     1     1   105 1.690
2q9tA01     3    40   190    10   237     1     1     2     1   225 1.430
3fd3A01     3    40   190    10   242     1     1     1     1   104 1.700
4x6gE02     3    40   190    10   244     1     1     1     1   117 2.000
3i3vB01     3    40   190    10   259     1     1     1     1   166 2.300
2czlA02     3    40   190    10   262     1     1     1     1    93 1.550
5aa2B02     3    40   190    10   268     1     1     2     1    96 2.800
3kotA01     3    40   190    10   276     1     1     2     1   101 1.900
3hn0A02     3    40   190    10   278     1     1     1     1    98 1.750
3qslA02     3    40   190    10   283     1     1     1     1   108 2.000
3c9hA01     3    40   190    10   285     1     1     1     1   189 1.900
6fthA01     3    40   190    10   286     1     1     1     1   208 1.470
4ryaA02     3    40   190    10   288     1     1     1     1   207 1.500
2qsxB02     3    40   190    10   301     1     1     1     1    89 1.640
5mmhA02     3    40   190    10   313     2     1     1     1    97 2.200
2grvA01     3    40   190    10   316     1     1     1     1   174 2.400
4kd5A01     3    40   190    10   323     1     1     1     1   120 2.500
3a09A01     3    40   190    10   324     1     1     1     1   221 1.400
4ovjA02     3    40   190    10   327     1     1     1     1   211 1.650
1ixcA03     3    40   190    10   328     1     1     1     1   105 2.200
4gqoA01     3    40   190    10   335     1     1     1     1   193 2.100
3oo7A02     3    40   190    10   340     1     1     4     1   216 2.100
4gqoA02     3    40   190    10   353     1     1     1     1   198 2.100
4ab5B01     3    40   190    10   354     1     1     1     1   112 2.510
2x7qA01     3    40   190    10   358     1     1     1     1   204 2.000
2uvgA02     3    40   190    10   362     2     1     2     1   225 2.200
3qslA01     3    40   190    10   363     1     1     1     1   205 2.000
1z7mE02     3    40   190    10   364     4     1     1     1    84 2.900
2d5wA01     3    40   190    10   366     1     1     1     1   237 1.300
2w7yA01     3    40   190    10   367     1     1     1     1   191 2.350
4eswA01     3    40   190    10   370     1     1     3     1   231 1.600
3i6vA02     3    40   190    10   372     1     1     1     1    84 2.000
3cvgC01     3    40   190    10   376     1     1     1     1    81 1.970
4r6hA02     3    40   190    10   377     1     1     1     1   232 1.500
6vh5D01     3    40   190    10   380     1     1     1     1    98 2.400
3uorB02     3    40   190    10   387     1     1     1     1   206 2.200
3ix1A01     3    40   190    10   388     1     1     1     1   198 2.400
3onmA02     3    40   190    10   390     1     1     1     1    94 2.400
2ozzA02     3    40   190    10   392     1     1     1     1    89 2.300
3luyA02     3    40   190    10   395     1     1     1     1    74 2.000
2z8fB02     3    40   190    10   396     1     1     1     1   235 1.650
3fzvA03     3    40   190    10   397     1     1     1     1   102 2.710
3k4uA02     3    40   190    10   399     1     1     1     1    97 2.620
3oxnB02     3    40   190    10   402     1     1     1     1    97 2.700
4u2pA01     3    40   190    10   404     1     1     2     1   111 3.240
3i3vA02     3    40   190    10   405     1     1     1     1   219 2.300
4tllC01     3    40   190    10   407     1     1     1     1   129 3.590
2g29A01     3    40   190    10   408     2     1     1     1   257 1.500
4q0cA02     3    40   190    10   411     1     1     1     1    95 3.100
3uifA01     3    40   190    10   412     1     1     1     1   225 2.600
3ombA02     3    40   190    10   416     1     2     1     1   283 2.100
4wedA01     3    40   190    10   417     1     1     1     1   259 2.350
2wolA01     3    40   190    10   419     1     1     1     1   322 1.450
4onyA01     3    40   190    10   420     2     1     1     1   323 2.100
5f7vA00     3    40   190    10   421     1     1     1     1   388 1.400
3mq9D00     3    40   190    10   422     1     4     1     1   451 2.800
4mfiA00     3    40   190    10   423     1     1     1     1   403 1.500
5eq7A02     3    40   190    80     2     1     1     1     1   124 1.190
3ifcA02     3    40   190    80     4     1     2     2     1   135 1.970
1g0hA02     3    40   190    80     6     2     1     1     1   115 2.300
2wefA02     3    40   190    80     7     1     2     1     1   129 1.800
2qflA02     3    40   190    80     8     1     1     2     1   122 1.900
4i3yA02     3    40   190    80    13     1     1     1     1   120 2.040
1inpA03     3    40   190    80    17     1     1     1     1   166 2.300
5teuA02     3    40   190   120     3     2     1     1     1   114 1.620
6efrA01     3    40   190   120     4     1     1     1     1    97 2.400
4mncA00     3    40   190   170     2     1     1     1     1   305 1.050
4pbhA00     3    40   190   170     6     1     1     1     1   293 1.200
4uabB00     3    40   190   170    14     1     1     1     1   308 1.400
4di4B00     3    40   190   170    19     1     1     2     1   300 2.710
4nx1A00     3    40   190   170    20     1     1     1     1   297 1.600
4n4uB00     3    40   190   170    21     1     1     1     1   302 1.570
2hzlB01     3    40   190   170    34     2     1     1     1   218 1.400
5x0nD00     3    40   190   290     1     1     1     2     1   197 2.990
4qbaA00     3    40   190   290     2     1     1     2     1   195 2.210
2hxrB00     3    40   190   290     3     1     1     1     1   198 2.050
3ispB02     3    40   190   290     5     1     1     1     1   192 2.700
2acfB00     3    40   220    10     5     1     1     1     1   173 1.400
5e3bA00     3    40   220    10     9     2     1     1     1   148 1.600
1gytL01     3    40   220    10    12     2     1     1     1   180 2.500
1lamA01     3    40   220    10    14     1     1     1     1   165 1.600
4j5rA00     3    40   220    10    15     1     1     1     1   141 1.250
5o2dA00     3    40   220    10    18     1     1     1     1   189 1.600
4zi6C01     3    40   220    10    21     1     1     1     1   169 2.000
3kqxL01     3    40   220    10    23     1     1     1     1   188 2.010
5fszA00     3    40   220    10    24     1     2     1     1   245 2.000
5d8nA01     3    40   220    10    25     1     1     1     1   188 2.150
3ij3A01     3    40   220    10    27     1     1     1     1   131 1.800
6ln0A01     3    40   220    10    28     1     1     1     1   162 2.460
5zdaA00     3    40   220    10    30     1     1     1     1   244 1.550
1njrA00     3    40   220    10    33     1     1     1     1   240 1.900
3peiA01     3    40   220    10    34     1     1     1     1   136 2.700
1gt7A00     3    40   225    10     2     1     1    11     1   274 2.700
1jdiA00     3    40   225    10     8     1     1     2     1   223 2.400
2fk5A00     3    40   225    10     9     1     1     1     1   195 1.900
3m4rA01     3    40   225    10    10     1     1     1     1   195 2.000
2pb9A00     3    40   225    10    12     2     1     1     1   181 2.700
1g8kA03     3    40   228    10     4     1     1     1     1   247 1.640
2nyaA03     3    40   228    10     5     1     2     1     1   274 2.500
2e7zA03     3    40   228    10     6     1     1     1     1   205 1.260
1ti2A03     3    40   228    10    11     1     1     1     1   292 1000.000
2hhgA00     3    40   250    10     1     1     1     1     1   128 1.200
3i2vA00     3    40   250    10     3     1     1     1     1   123 1.250
5wqjA02     3    40   250    10     4     1     1     1     1   137 1.200
2wlrA03     3    40   250    10     7     1     1     1     1   140 1.450
5wqjA01     3    40   250    10     8     1     1     1     1   150 1.200
2fsxA00     3    40   250    10    13     1     1     1     1   132 1.800
2eg4A01     3    40   250    10    14     1     1     1     1   118 1.700
2gwfC00     3    40   250    10    30     1     1     1     1   134 2.300
4f67A02     3    40   250    10    31     1     1     1     1   155 1.790
4wh9A00     3    40   250    10    36     1     1     2     1   177 1.500
6jl7A01     3    40   250    10    41     1     1     1     1   139 2.500
1wv9A00     3    40   250    10    44     1     1     1     1    86 2.000
3tp9A02     3    40   250    10    47     1     1     1     1   110 2.700
1hzmA00     3    40   250    10    57     1     1     1     1   154 999.000
1fuiA02     3    40   275    10     1     2     1     1     1   165 2.500
2ve5C02     3    40   309    10     6     2     2     8     1   193 1000.000
5nnoA02     3    40   309    10     7     3     1     2     1   208 2.500
5jfnA02     3    40   309    10    12     2     1     1     1   187 1.900
2y5dB02     3    40   309    10    13     1     1     1     1   217 1.400
3v4cA02     3    40   309    10    23     1     1     1     1   186 1.910
4ghkB02     3    40   309    10    35     2     1     1     1   143 2.250
5ce6A01     3    40   350    10     2     1     1     1     1   164 1.700
2iw2A01     3    40   350    10     3     1     1     4     1   180 1.820
3ctzA01     3    40   350    10     4     1     1     1     1   153 1.600
4pv4A01     3    40   350    10     5     1     2     1     1   171 1.760
4zwuA01     3    40   350    10     8     1     2     1     1   154 2.200
4s2rP02     3    40   350    10     9     1     1     1     1   158 1.950
1kp0A01     3    40   350    10    11     2     1     1     1   154 2.700
3pebA00     3    40   350    10    14     1     3     1     1   129 1.860
5e2cA00     3    40   350    10    16     1     1     1     1   129 1.700
6twjA01     3    40   350    10    17     1     1     1     1   150 2.150
4b28A01     3    40   350    10    23     1     2     1     1   199 2.150
4qbuA02     3    40   366    10     5     1     1     1     1   241 1.700
5czcB01     3    40   366    10     7     1     1     1     1   227 1.800
4ammA00     3    40   366    10    11     1     1     1     1   384 1.400
7wvzA02     3    40   366    10    13     2     1     1     1   343 3.380
6u5uG02     3    40   366    10    14     2     1     1     1   308 2.800
5my0A03     3    40   366    10    16     1     2     2     1   174 2.940
2vz8A03     3    40   366    10    18     1     1     2     1   328 3.220
3tzyA01     3    40   366    10    19     1     1     1     1   394 2.200
1bdgA01     3    40   367    20     2     4     1     1     1   279 2.600
1hkgA03     3    40   367    20     4     1     2     1     1   270 3.500
3vpzA02     3    40   367    20     6     1     1     1     1   200 1.690
1eb6A00     3    40   390    10     3     1     1     1     1   177 1.000
1l6jA02     3    40   390    10     6     3     1     7     1   166 2.500
1r55A00     3    40   390    10     7     1     1     1     1   203 1.580
3u1rA02     3    40   390    10     8     2     3     1     1   223 2.000
2x7mA01     3    40   390    10     9     1     1     1     1   173 1.500
1iabA00     3    40   390    10    10     1     1     1     1   200 1.790
3p24C02     3    40   390    10    11     1     1     1     1   201 1.800
1c7kA00     3    40   390    10    14     1     1     1     1   132 1.000
3lmcA00     3    40   390    10    16     1     1     1     1   186 2.000
1pwuA04     3    40   390    10    18     1     1     2     1   221 2.700
1xfxA01     3    40   390    10    19     3     1     1     1   228 3.200
3p1vA02     3    40   390    10    20     1     1     1     1   222 1.930
1i1iP02     3    40   390    10    22     1     2     2     1   151 2.300
1bkcE00     3    40   390    10    23     1     1     4     1   256 2.000
4l63A00     3    40   390    10    24     1     1     1     1   249 1.800
2ckiA00     3    40   390    10    25     1     1     1     1   256 1.700
3hbvP01     3    40   390    10    27     1     1     1     1   138 1.950
6qigA01     3    40   390    10    28     1     1     1     1   197 2.800
3dwbA01     3    40   390    10    34     2     1     1     1   315 2.380
4ekfA00     3    40   395    10     1     1     2     1     1   191 0.980
2oivA00     3    40   395    10     3     1     1     3     1   170 1.950
1th0B00     3    40   395    10     4     1     1     1     1   223 2.200
6upsA01     3    40   395    10     5     1     1     1     1   155 2.000
1gikA01     3    40   420    10     2     1     3     2     1   177 1.800
4p2cA01     3    40   420    10     5     1     2     2     1   170 2.820
2b7uA01     3    40   420    10     9     1     1     1     1   163 1.600
2k6hA01     3    40   420    10    14     1     1     3     1   169 999.000
1u71A00     3    40   430    10     1     1     1    10     1   186 2.200
5dxvA00     3    40   430    10     2     2     1     1     1   148 1.550
1juvA00     3    40   430    10     8     1     1     1     1   193 1.700
3kgyA00     3    40   430    10    10     1     1     1     1   210 1.500
1cz3B00     3    40   430    10    19     1     1     1     1   168 2.100
2bl9A00     3    40   430    10    21     1     2     1     1   216 1.900
5xuxD00     3    40   430    10    26     2     1     3     1   223 2.270
4xt6A00     3    40   430    10    29     1     1     1     1   237 1.850
1p9bA01     3    40   440    10     1     5     1     1     1   162 2.000
1khbA01     3    40   449    10     1     1     2     1     1   223 1.850
1ytmA01     3    40   449    10     2     2     1     1     1   202 2.200
1qltA03     3    40   462    10     2     2     1     2     1   231 2.200
2exrA03     3    40   462    10     3     1     1     1     1   236 1.700
3js8A03     3    40   462    10     5     1     1     1     1   274 1.540
6foqA03     3    40   462    20     1     1     1     1     1   210 1.390
5l6gA02     3    40   462    20     4     1     1     1     1   229 1.790
3fw9A03     3    40   462    20     5     1     1     1     1   184 1.490
2bvfA03     3    40   462    20     6     1     1     1     1   210 1.920
3popA02     3    40   462    20     8     1     1     1     1   252 1.650
4wpkA00     3    40   470    10     1     1     1     1     1   228 0.980
2d3yA00     3    40   470    10     4     1     1     1     1   219 1.550
3uo7A00     3    40   470    10     5     1     1     8     1   181 3.000
5h99A00     3    40   470    10     6     1     1     3     1   228 2.500
4irbA00     3    40   470    10     7     1     1     5     1   217 2.300
3ikbA00     3    40   470    10     9     1     1     1     1   191 1.670
6lyeA01     3    40   470    10    12     1     1     2     1   256 3.100
2l3fA00     3    40   470    10    13     1     1     1     1   161 999.000
3b7nA02     3    40   525    10     1     1     1     2     1   228 1.860
1olmC01     3    40   525    10     5     1     1     2     1   283 1.950
3w68A03     3    40   525    10     6     1     2     1     1   146 2.050
3pegA01     3    40   525    10     7     1     2     1     1   133 2.520
4j7qA00     3    40   525    10     8     1     1     1     1   322 1.550
7e0wA01     3    40   525    10     9     1     1     1     1   149 2.800
2lenA00     3    40   532    10     1     2     1     4     1   231 999.000
1ql0A00     3    40   570    10     1     1     1     2     1   241 1.100
4b56B03     3    40   570    10     3     3     1     2     1   311 3.000
2xgrA00     3    40   570    10     8     1     1     1     1   197 1.700
1suzB00     3    40   600    10     1     1     1     3     1   237 1.800
1tx3D00     3    40   600    10     2     1     1     3     1   244 2.500
1azoA00     3    40   600    10     3     1     1     1     1   212 1.700
3v9hD01     3    40   605    10    15     1     2     2     1   337 2.400
5mypA01     3    40   605    10    18     2     1     1     1   277 1.950
1ez0B01     3    40   605    10    27     2     1     1     1   312 2.100
4h7nA01     3    40   605    10    30     1     1     1     1   276 2.000
3my7C01     3    40   605    10    39     3     1     1     1   225 2.300
1vluA01     3    40   605    10    41     2     1     1     1   247 2.290
6jqlA01     3    40   605    10    45     1     1     1     1   260 2.900
6eslA01     3    40   630    10     1     2     1     1     1   275 1.870
2afsA00     3    40   630    10     3     5     1    16     1   323 2.220
1ayeA02     3    40   630    10     4     3     2     2     1   302 1.800
3fedA01     3    40   630    10     6     1     1     1     1   313 1.290
3ifeA01     3    40   630    10    11     1     1     1     1   305 1.550
4h2kA00     3    40   630    10    12     3     1     1     1   258 1.840
1gytL02     3    40   630    10    13     1     2     1     1   318 2.500
2zogA01     3    40   630    10    15     1     1     1     1   304 1.700
3iibA01     3    40   630    10    16     1     1     1     1   289 1.700
3fmcC01     3    40   630    10    19     1     1     1     1   286 1.800
3l2nA02     3    40   630    10    22     3     1     1     1   258 2.390
2pokA01     3    40   630    10    23     1     1     1     1   288 1.900
3khxA01     3    40   630    10    27     2     1     1     1   231 2.300
1yw4B00     3    40   630    10    28     1     1     1     1   305 2.000
2qj8A00     3    40   630    10    30     1     1     1     1   309 2.000
4okoA00     3    40   630    10    31     1     1     1     1   290 2.050
3iehA00     3    40   630    10    33     1     3     1     1   265 2.450
1r3nG01     3    40   630    10    34     1     1     4     1   314 2.700
5k8pD01     3    40   630    10    38     1     1     1     1   294 2.200
1uwyA01     3    40   630    10    39     4     1     1     1   296 3.000
2f7vA01     3    40   630    10    40     1     1     1     1   252 1.750
1ysjA01     3    40   630    10    41     2     1     1     1   257 2.400
2i3cA01     3    40   630    10    43     1     2     4     1   249 2.800
1vhoA01     3    40   630    10    49     1     1     1     1   237 1.860
1q7lA00     3    40   630    10    50     1     1     1     1   192 1.400
3mruA01     3    40   630    10    53     2     1     1     1   275 3.000
4axvA00     3    40   630    10    57     1     1     1     1   239 2.170
1y7eA01     3    40   630    10    59     2     1     1     1   279 3.200
3k9tA01     3    40   630    10    60     1     1     1     1   252 2.370
3ramA01     3    40   630    10    63     1     1     1     1   269 2.700
4emeA01     3    40   630    10    65     1     1     1     1   337 2.600
2greA01     3    40   630    10    67     1     1     1     1   233 2.650
1augA00     3    40   630    20     1     2     1     2     1   210 2.000
5vd6A00     3    40   630    30     2     1     1     1     1   160 1.200
2pc1A00     3    40   630    30     5     1     1     1     1   169 1.280
4zbgA00     3    40   630    30     7     1     1     1     1   154 1.250
4jxqA00     3    40   630    30     9     1     1     1     1   180 1.150
3r96B00     3    40   630    30    10     1     1     1     1   173 1.300
1gheA00     3    40   630    30    15     1     1     1     1   166 1.550
2fsrA00     3    40   630    30    17     1     1     1     1   168 1.520
6bffA00     3    40   630    30    18     2     1     1     1   178 1.700
1xf8A02     3    40   630    30    19     1     1     2     1   165 1.900
4h6uA00     3    40   630    30    20     2     1     2     1   165 2.450
7b3aA01     3    40   630    30    21     1     1     1     1   149 1.340
4k30A00     3    40   630    30    23     2     1     1     1   153 2.100
4u5yA00     3    40   630    30    25     1     1     2     1   165 1.930
5u08A00     3    40   630    30    27     1     1     2     1   152 1.520
1z4rA00     3    40   630    30    30     1     1     1     1   163 1.740
3g8wB00     3    40   630    30    31     2     1     1     1   161 2.700
1m4iB00     3    40   630    30    32     1     1     1     1   176 1.500
7ojuA01     3    40   630    30    33     1     1     1     1   197 1.100
2o28A01     3    40   630    30    38     2     1     1     1   161 1.800
2ozuA02     3    40   630    30    39     3     1     1     1   140 2.300
1l0cA00     3    40   630    30    41     1     1     3     1   166 2.300
2k5tA00     3    40   630    30    46     1     1     2     1   128 999.000
2hqyA02     3    40   630    30    47     1     1     1     1   168 1.800
7pk0A01     3    40   630    30    49     1     1     2     1   130 1.500
4e2aA00     3    40   630    30    50     2     1     1     1   170 2.000
2jdcA00     3    40   630    30    54     1     1     1     1   145 1.600
6sjyC00     3    40   630    30    57     2     1     1     1   162 2.200
1sqhA01     3    40   630    30    63     1     1     1     1   165 2.000
7ovuA01     3    40   630    30    67     1     1     1     1   193 1.450
6vuxA02     3    40   630    30    68     1     1     2     1   158 1.970
6wqbA01     3    40   630    30    70     1     1     1     1   148 1.750
5ktaA00     3    40   630    30    78     1     1     1     1   176 1.890
3qb8A00     3    40   630    30    83     1     1     1     1   197 1.500
5ib0A00     3    40   630    30    84     1     1     1     1   137 1.650
3pzjB00     3    40   630    30    85     1     1     1     1   180 1.850
4xnhC00     3    40   630    30    86     1     1     1     1   159 2.100
3shpA00     3    40   630    30    90     1     1     1     1   164 2.210
4ua3A00     3    40   630    30    92     1     1     1     1   182 1.850
2z10A00     3    40   630    30    94     1     1     1     1   187 1.770
3d8pB00     3    40   630    30   103     1     1     1     1   157 2.200
3i9sA00     3    40   630    30   104     1     1     1     1   157 2.200
2r1iA01     3    40   630    30   107     1     1     1     1   129 1.650
1ufhA00     3    40   630    30   109     1     1     1     1   155 2.200
2d4pA00     3    40   630    30   110     1     1     1     1   130 1.700
1iicA01     3    40   630    30   114     1     1     1     1   173 2.200
3ey5A01     3    40   630    30   117     1     1     1     1   151 2.150
3e0kA00     3    40   630    30   124     2     1     1     1   144 2.520
7k0aA01     3    40   630    30   126     1     1     1     1   188 2.000
1lrzA01     3    40   630    30   128     1     1     1     1   143 2.100
2vzyC00     3    40   630    30   130     1     1     1     1   189 2.000
3sxnA01     3    40   630    30   131     1     1     1     1   139 2.030
4ri1C00     3    40   630    30   134     1     1     1     1   175 2.300
1xmtA00     3    40   630    30   136     1     1     1     1    95 1.150
2arhA01     3    40   630    30   137     1     1     2     1   156 2.460
4my0A02     3    40   630    30   139     1     1     1     1   140 2.100
6rftA01     3    40   630    30   140     1     1     8     1   131 2.300
3zj0A00     3    40   630    30   142     1     1     1     1   202 1.800
2zw5A01     3    40   630    30   145     1     1     1     1   174 2.400
6mfcA00     3    40   630    30   147     2     1     1     1   195 2.590
2hv2A03     3    40   630    30   153     1     1     1     1   148 2.400
4pswA02     3    40   630    30   154     1     1     1     1   133 2.100
1lrzA02     3    40   630    30   156     1     1     1     1   195 2.100
2atrA00     3    40   630    30   157     1     1     1     1   127 2.010
1ro5A01     3    40   630    30   158     1     1     1     1   187 2.300
4xnhB00     3    40   630    30   159     1     1     1     1   197 2.100
1yk3B00     3    40   630    30   160     1     1     1     1   193 2.200
3efaA00     3    40   630    30   163     1     1     1     1   143 2.420
2ft0A00     3    40   630    30   164     1     1     1     1   222 1.660
3dnsA00     3    40   630    30   165     1     1     1     1   126 2.100
3ec4B00     3    40   630    30   167     1     1     1     1   217 1.800
3iwgA02     3    40   630    30   169     1     1     1     1   134 2.300
1u6mA00     3    40   630    30   170     1     1     1     1   189 2.400
4fd4A00     3    40   630    30   172     1     1     1     1   212 1.950
2zpaA03     3    40   630    30   178     1     1     1     1   199 2.350
2g0bH01     3    40   630    30   179     1     1     1     1   168 3.000
1y9wA01     3    40   630    30   180     1     1     1     1   104 1.900
3w6sC00     3    40   630    30   181     1     1     1     1   223 1.900
4iusA00     3    40   630    30   182     1     1     1     1   254 1.300
1iicA02     3    40   630    30   188     2     1     1     1   248 2.200
5i0cA00     3    40   630    30   190     1     1     1     1    88 1.920
3c26A00     3    40   630    30   197     1     1     1     1   250 2.000
3fxtA00     3    40   630    30   198     1     1     1     1    90 2.300
7chdE01     3    40   630    30   199     1     1     1     1   166 3.800
2hv2A01     3    40   630    30   200     1     1     1     1    90 2.400
3frmA00     3    40   630    30   201     1     1     1     1   244 2.320
1p0hA00     3    40   630    30   202     1     1     1     1   290 1.600
2wpwC00     3    40   630    30   203     1     1     1     1   319 2.380
3ne8A00     3    40   630    40     1     1     1     1     1   224 1.240
4lq6A00     3    40   630    40     3     1     1     1     1   213 1.680
3czxA00     3    40   630    40     5     1     1     1     1   178 1.600
1xovA01     3    40   630    40     6     1     1     1     1   177 1.800
2odfB01     3    40   630    40     7     1     1     1     1   239 1.900
2q7sA00     3    40   630    40    10     1     1     1     1   268 2.000
2wsaA00     3    40   630   170     1     3     1     3     1   411 1.600
1bj4A01     3    40   640    10     2     5     2     3     1   263 2.650
1w23A01     3    40   640    10     4     1     1     1     1   242 1.080
6hx7A02     3    40   640    10     5     2     2     2     1   250 1.800
3pplA02     3    40   640    10    13     1     1     1     1   238 1.250
4fl0A02     3    40   640    10    26     4     1     1     1   256 2.300
1aamA02     3    40   640    10    35     1     1    39     1   271 2.800
2qlrA02     3    40   640    10    38     1     1     8     1   237 2.300
1n2tA02     3    40   640    10    41     1     1     2     1   264 2.000
2c81A01     3    40   640    10    47     1     1     1     1   248 1.700
4j8lA01     3    40   640    10    52     1     1     1     1   241 1.650
2v1pA02     3    40   640    10    62     2     1     3     1   265 1.900
3caiA02     3    40   640    10    63     1     1     1     1   257 1.800
6c92A02     3    40   640    10    65     1     1     5     1   240 1.830
2fm1A01     3    40   640    10    69     1     1    18     1   245 2.250
3ffrA02     3    40   640    10    70     1     1     1     1   241 1.750
1js3A02     3    40   640    10    76     1     2     1     1   286 2.250
3bc8A02     3    40   640    10    78     1     1     1     1   229 1.650
2hoxA02     3    40   640    10    79     1     1     1     1   210 1.400
3e9kA02     3    40   640    10    83     1     1     1     1   273 1.700
6cblF01     3    40   640    10    91     1     1     3     1   217 1.600
2aeuA02     3    40   640    10   108     1     1     1     1   217 1.700
1gtxA02     3    40   640    10   110     1     1     3     1   295 1000.000
3ke3A02     3    40   640    10   113     1     1     1     1   251 2.200
1wyuA02     3    40   640    10   116     1     1     1     1   262 2.100
1svvA01     3    40   640    10   117     1     1     1     1   242 2.100
3g7qA02     3    40   640    10   122     1     1     1     1   216 1.800
1wyuB03     3    40   640    10   126     1     1     1     1   268 2.100
3gzdA03     3    40   640    10   128     1     2     1     1   194 1.800
3ihjA03     3    40   640    10   133     1     1     1     1   246 2.300
3getA01     3    40   640    10   134     1     1     1     1   224 2.010
3w1hA02     3    40   640    10   142     1     1    24     1   262 3.890
3gwpA02     3    40   640    10   144     2     1     2     1   213 2.900
2dgmA02     3    40   640    10   146     1     1     1     1   294 1.950
6lgoA01     3    40   640    10   152     1     1     1     1   239 2.390
1d2fA02     3    40   640    10   154     1     1     1     1   243 2.500
4a0gC03     3    40   640    10   156     1     1     1     1   242 2.500
3wkrA02     3    40   640    10   158     2     1     6     1   234 2.800
7cijA01     3    40   640    10   160     1     1     1     1   335 1.610
4oc9A01     3    40   640    10   162     1     1     1     1   282 2.350
4mgrB02     3    40   640    10   178     1     1     7     1   377 2.550
7yjmB01     3    40   640    10   181     1     1     1     1   241 3.200
3ju7A00     3    40   640    10   182     1     1     1     1   351 2.190
1c4kA02     3    40   640    10   183     1     1     1     1   313 2.700
2z67A00     3    40   640    10   184     1     1     1     1   424 2.500
4je5C00     3    40   640    10   185     2     1     1     1   492 1.910
3if2A00     3    40   640    10   186     1     1     1     1   427 2.500
1hzoA00     3    40   710    10     1     1     5     1     1   264 1.750
3hunA01     3    40   710    10    12     1     1     4     1   290 2.000
1m6kA00     3    40   710    10    15     1     1     4     1   249 1.500
1wycA02     3    40   710    10    16     1     1     9     1   232 1.580
1e3uD00     3    40   710    10    17     1     1    13     1   242 1.660
2wuqB00     3    40   710    10    20     1     1     1     1   283 1.800
2xgnB02     3    40   710    10    22     1     1     2     1   256 1.700
5cerA01     3    40   710    10    23     1     2     1     1   238 2.480
6fm7A00     3    40   710    10    24     1     1     1     1   356 1.040
3cjmA00     3    40   710    10    25     1     1     1     1   249 1.500
1u60A00     3    40   710    10    26     1     1     1     1   309 1.610
2y2mA02     3    40   710    10    30     1     1     1     1   312 1.620
8dc1A01     3    40   710    10    32     1     1     1     1   253 1.620
3wwxA00     3    40   710    10    42     1     1     1     1   340 1.490
1w5dA01     3    40   710    10    43     2     1     1     1   244 2.100
4p0mA00     3    40   710    10    44     2     1     2     1   256 2.000
5tgfD00     3    40   710    10    50     1     1     1     1   324 1.810
4ztkA00     3    40   710    10    52     1     1     1     1   263 2.100
3ue3A03     3    40   710    10    57     2     1     1     1   183 2.300
4e6xB00     3    40   710    10    58     1     1     1     1   301 2.240
4dxbA03     3    40   710    10    61     1     1     1     1   261 2.290
4gb7A00     3    40   710    10    65     1     1     1     1   378 1.600
5u2gA01     3    40   710    10    66     2     1     1     1   443 2.610
2wafA03     3    40   710    10    67     1     2     1     1   350 3.290
4p6bB00     3    40   710    10    70     1     1     1     1   383 1.700
5u47A04     3    40   710    10    75     1     1     1     1   371 1.950
4lcmA00     3    40   710    10    79     1     1     2     1   393 3.190
2pbyA01     3    40   710    10    85     2     1     1     1   163 2.070
3zytA00     3    40   710    10    86     1     1     1     1   372 2.450
1a05A00     3    40   718    10     1     2     2     1     1   357 2.000
7e2wA01     3    40   718    10     6     1     1     1     1   358 1.800
4atyA00     3    40   718    10    10     1     1     1     1   309 1.850
1ycoA00     3    40   718    10    11     2     1     1     1   276 2.400
1u7nA00     3    40   718    10    13     2     1     1     1   305 2.260
3tsnA00     3    40   718    10    14     1     1     1     1   358 2.630
2w5qA02     3    40   720    10     4     1     1     1     1   311 1.200
1ajaB00     3    40   720    10     8     1     1    23     1   434 2.500
4kavA00     3    40   720    10     9     1     1     1     1   326 1.430
3szyA01     3    40   720    10    11     1     1     1     1   302 1.350
1hdhA01     3    40   720    10    12     1     1     1     1   447 1.300
5tj3A01     3    40   720    10    13     1     1     1     1   404 1.700
5u9zA01     3    40   720    10    15     1     1     2     1   359 2.000
1p49A01     3    40   720    10    19     3     1     1     1   381 2.600
3b5qA00     3    40   720    10    21     1     1     2     1   453 2.400
1o98A02     3    40   720    10    23     1     1     1     1   272 1.400
2d1gA02     3    40   720    10    27     1     1     1     1   299 1.750
5eghB01     3    40   720    10    32     1     1     1     1   282 1.800
4lrdA01     3    40   720    10    33     1     1     2     1   271 1.780
3kd8A01     3    40   720    10    39     2     1     1     1   202 2.600
3nioA00     3    40   800    10     4     3     1     1     1   309 2.000
4rhiA00     3    40   800    10    10     1     1     4     1   304 2.550
6ksyA01     3    40   800    10    11     1     1     1     1   278 1.650
4g3hC00     3    40   800    10    14     1     1     1     1   310 2.200
3c10B00     3    40   800    20     1     3     2     1     1   368 2.000
2v5wB00     3    40   800    20     2     2     1    15     1   367 2.000
3q9cA00     3    40   800    20     3     1     1     2     1   341 2.300
7wjlA01     3    40   800    20    10     1     1     1     1   447 2.400
5heeA00     3    40   830    10     1     1     1     1     1   262 1.410
3bczA00     3    40   830    10     2     1     1     1     1   285 2.100
1b4uB00     3    40   830    10     3     2     1     1     1   298 2.200
3vsjD00     3    40   830    10     4     1     1     1     1   299 2.300
2pw6A00     3    40   830    10     6     1     1     1     1   234 2.270
2owmA00     3    40   850    10     4     2     1     2     1   328 3.250
1br2A01     3    40   850    10    10     2     1     1     1   286 2.900
2kinA00     3    40   850    10    13     1     1     1     1   238 2.000
1rozB00     3    40   910    10     2     1     1     1     1   321 2.210
5exeB01     3    40   920    10     1     1     1     1     1   204 1.880
3on3B00     3    40   920    10     6     1     1     1     1   172 2.190
7plmA03     3    40   920    10     7     1     1     1     1   193 2.900
3oxpA00     3    40   930    10     1     1     1     1     1   146 1.200
2a0jA00     3    40   930    10     2     2     1     1     1   146 2.500
4ky9P00     3    40   930    10     7     1     1     1     1   275 2.230
2g2cA00     3    40   980    10     5     1     1     1     1   150 1.500
4lhbC00     3    40   980    10     6     3     1     1     1   160 2.500
2nroA01     3    40   980    10    10     2     1     3     1   180 2.500
6kacP00     3    40  1000    10     1     2     1     1     1   188 2.700
3v7bA00     3    40  1000    10     4     1     1     1     1   142 1.740
6xrbA01     3    40  1000    10     5     1     1     1     1   139 1.760
4bq6F00     3    40  1000    10     7     1     1     1     1   149 2.300
1eq6A00     3    40  1000    10     8     1     1     2     1   189 1.900
2dv3A01     3    40  1010    10     1     1     1     7     1   114 1.900
3hh1A00     3    40  1010    10     2     1     1     1     1   111 1.850
3nd1A01     3    40  1010    10     3     2     1     1     1   134 1.500
6mjgA01     3    40  1010    10     5     2     1     1     1   121 2.120
3nutC01     3    40  1010    10     9     1     1     1     1   114 2.220
3t0fA03     3    40  1010    20     1     1     1     3     1   100 1.900
1khdD02     3    40  1030    10     3     2     1     1     1   223 1.860
2dsjA02     3    40  1030    10     4     1     1     1     1   264 1.800
4muoA02     3    40  1030    10     6     1     1     1     1   238 1.940
3vqjA00     3    40  1050    10     1     1     1     1     1   214 1.200
2a8dD00     3    40  1050    10     3     3     1     3     1   215 2.200
6jqcA00     3    40  1050    10     6     2     1     2     1   164 1.800
1ekjA00     3    40  1050    10     9     1     1     1     1   210 1.930
6mprB01     3    40  1080    10     3     1     1     1     1   211 1.700
2ahuA02     3    40  1080    10     4     1     1     1     1   236 1.900
1xr4B01     3    40  1080    10     5     1     1     1     1   229 2.370
3gk7A01     3    40  1080    10     6     1     1     1     1   184 1.850
2ahuA01     3    40  1080    10     7     1     1     1     1   269 1.900
2hj0A02     3    40  1080    10     8     1     1     1     1   239 2.700
1poiB00     3    40  1080    10     9     1     1     1     1   260 2.500
8dh7A01     3    40  1080    10    10     1     1     1     1   227 2.990
1poiA01     3    40  1080    10    11     1     1     1     1   264 2.500
1q3iA00     3    40  1110    10     2     1     3     1     1   192 2.600
3ar4A04     3    40  1110    10     4     1     1     1     1   244 2.150
3a1eA02     3    40  1110    10     6     1     1     2     1   117 1.950
7nnlB01     3    40  1110    10    12     1     1     2     1   116 3.100
5ksdA04     3    40  1110    10    14     1     1     1     1   148 3.500
2kmxA00     3    40  1110    10    15     1     1     1     1   185 999.000
1vq8M00     3    40  1120    10     1     1     1     1     1   194 2.200
6h6wA00     3    40  1160    10     1     2     1     2     1   244 1.900
3d40A00     3    40  1160    10     3     1     1     1     1   252 1.530
3u6uC00     3    40  1160    10     4     1     1     2     1   266 1.920
2e9yB00     3    40  1160    10     7     2     1     1     1   312 1.800
1z9dA00     3    40  1160    10     8     7     1     1     1   229 2.800
2w21A00     3    40  1160    10    10     2     2     1     1   246 2.950
3s6gY01     3    40  1160    10    13     2     1     1     1   257 2.670
5yeiA01     3    40  1160    10    15     1     1     1     1   242 2.300
3tviA01     3    40  1160    10    21     1     1     1     1   267 3.000
2j0wA01     3    40  1160    10    22     1     1     1     1   198 2.500
2o8eA01     3    40  1170    10     2     1     1     2     1   121 3.300
7ou4A01     3    40  1170    10     6     1     1     1     1    91 3.300
2o8bB01     3    40  1170    10     7     1     1     1     1   170 2.750
3ajvA01     3    40  1170    20     1     1     1     1     1    78 1.700
2zyzB01     3    40  1170    20     2     2     1     1     1    88 1.700
3osnA02     3    40  1170    60     1     2     1     1     1    62 1.900
5wm1A03     3    40  1170    60     6     1     1     1     1    72 1.850
3gqcA02     3    40  1170    60    10     1     1     1     1    44 2.500
2d2rA00     3    40  1180    10     5     1     1     1     1   215 1.880
3wqlA01     3    40  1180    10     7     1     1     1     1   244 2.100
3hn7A02     3    40  1190    10     4     1     1     1     1   237 1.650
1e8cA02     3    40  1190    10    11     1     1     1     1   232 2.000
7u35B02     3    40  1190    10    12     1     1     1     1   196 1.950
4bucA02     3    40  1190    10    15     1     1     1     1   199 2.170
7lgjA01     3    40  1190    10    16     1     2     1     1   231 2.600
1fgsA01     3    40  1190    10    19     1     1     5     1   284 2.400
1td2A00     3    40  1190    20     5     3     2     5     1   287 2.220
4e69A00     3    40  1190    20    15     1     1     1     1   310 1.600
2hlzA00     3    40  1190    20    17     1     2     1     1   293 1.850
3kd6A00     3    40  1190    20    23     1     1     1     1   294 1.880
1c3qA00     3    40  1190    20    27     1     1     4     1   284 2.000
3w4sA00     3    40  1190    20    33     1     1     1     1   273 1.780
3bgkA00     3    40  1190    20    38     2     1     1     1   267 2.500
3fhxA00     3    40  1190    20    39     1     1     4     1   308 2.500
1gc5A01     3    40  1190    20    47     2     1     2     1   360 2.300
3vasA01     3    40  1190    20    51     1     1     1     1   282 2.260
6wb7C01     3    40  1190    20    53     1     1     1     1   289 2.440
1jxhA00     3    40  1190    20    55     3     1     1     1   248 2.300
3bf5A01     3    40  1190    20    57     1     1     1     1   227 1.910
3ktnA00     3    40  1190    20    59     1     1     1     1   333 2.260
4e84B00     3    40  1190    20    60     1     1     1     1   304 2.600
6whjD00     3    40  1190    20    62     1     1     1     1   310 2.650
2ajrA01     3    40  1190    20    63     1     1     1     1   259 2.460
7vvaH01     3    40  1190    20    66     1     1     1     1   136 2.750
1l5xA00     3    40  1210    10     3     1     1     1     1   270 2.000
3mc3A00     3    40  1260    10     3     1     1     1     1   100 1.490
2hy5B00     3    40  1260    10     4     1     1     1     1   132 1.720
3pnxA00     3    40  1260    10    10     1     5     1     1   150 1.920
1jx7A00     3    40  1260    10    11     1     1     1     1   114 2.800
3n4jA00     3    40  1280    10     2     1     1     1     1   161 1.470
2egvA02     3    40  1280    10     3     1     1     1     1   163 1.450
1p9pA01     3    40  1280    10     4     1     3     1     1   160 2.500
4cndB01     3    40  1280    10     7     1     1     1     1   158 1.500
1vh0A00     3    40  1280    10    10     1     1     2     1   157 2.310
1zjrA00     3    40  1280    10    20     2     1     1     1   197 1.850
2qmmA00     3    40  1280    10    22     2     1     1     1   195 1.850
5faiA01     3    40  1280    10    27     2     1     1     1   202 1.800
3o7bA00     3    40  1280    10    29     1     1     1     1   216 1.450
1k3rA01     3    40  1280    10    33     1     1     1     1   191 2.300
1vhkB00     3    40  1280    10    36     1     1     1     1   194 2.600
4nbpA00     3    40  1310    20     1     1     1     1     1   129 1.310
1l2mA00     3    40  1310    20     2     2     1     1     1   118 999.000
7y56A01     3    40  1310    20     3     1     1     1     1   171 1.750
1m55A00     3    40  1310    20     4     1     1     1     1   193 1.400
2hw0A00     3    40  1310    20     7     1     1     2     1   115 999.000
4kw3A00     3    40  1310    20     8     1     1     1     1   266 2.700
3h0gE01     3    40  1340    10     1     2     1     1     1   134 3.650
2wczA00     3    40  1350    10     1     1     1     2     1   123 1.650
1y1oA00     3    40  1350    10     9     1     1     2     1   166 2.200
2zyzC00     3    40  1350    10    10     1     1     1     1    96 1.700
3fovA00     3    40  1350    10    12     1     1     1     1   101 1.880
7bgsA01     3    40  1350    10    14     1     1     1     1   119 2.500
4qbnA00     3    40  1350    10    15     1     1     1     1    93 1.850
3ieyA02     3    40  1350    10    16     1     1     1     1   100 2.110
1xmxA02     3    40  1350    10    17     1     1     1     1   149 2.100
1t0fA01     3    40  1350    10    19     1     1     1     1   162 1.850
1r0vA01     3    40  1350    10    21     1     1     1     1    77 2.000
4xqkA01     3    40  1350    10    22     1     1     1     1   144 2.700
2ostD00     3    40  1350    10    23     1     1     1     1   133 3.100
4oc8A02     3    40  1350    10    25     1     1     1     1   172 2.880
2fcjB00     3    40  1360    10     1     1     1     1     1   118 1.300
2au3A03     3    40  1360    10     3     2     1     1     1   124 2.000
1vddA03     3    40  1360    10     7     3     1     1     1    92 2.500
2q2eA02     3    40  1360    10    10     2     1     1     1   209 4.000
1vq8C00     3    40  1370    10     1     1     1     1     1   246 2.200
1dmgA00     3    40  1370    10     2     1     1     1     1   172 1.700
4v19F00     3    40  1370    10     3     1     2     1     1   250 3.400
1vw3D00     3    40  1370    10     7     1     1     1     1   239 1000.000
3oeeP02     3    40  1380    10     2     1     1     1     1   179 2.740
6tdxG01     3    40  1380    10     7     1     1     1     1   214 3.300
4xd7G02     3    40  1380    10     8     2     1     1     1   119 3.900
4tt3G02     3    40  1380    10    11     1     1     1     1   117 3.210
3g2gA01     3    40  1380    20     1     1     2     1     1   155 2.000
1vp8A00     3    40  1380    20     2     1     1     1     1   183 1.300
3t05A03     3    40  1380    20    11     2     1     1     1   135 3.050
3qtgA03     3    40  1380    20    12     1     1     1     1   115 2.200
8f5dA01     3    40  1390    10     2     2     1     1     1    93 2.560
4ziyA01     3    40  1390    10     5     1     1     1     1    87 1.850
7d27A01     3    40  1390    10     9     1     1     1     1    91 2.480
4e79B01     3    40  1390    10    10     1     1     1     1    99 2.660
3zl8A01     3    40  1390    10    11     1     1     1     1    62 1.650
4bubB01     3    40  1390    10    12     1     1     1     1    94 2.900
3wsfA02     3    40  1390    30     2     1     1     1     1   117 2.000
1nmoA02     3    40  1390    30     3     1     1     1     1   120 2.200
1nmoA01     3    40  1390    30     4     1     1     2     1   117 2.200
4lflB00     3    40  1400    10     5     1     1     1     1   172 1.650
2ppwA00     3    40  1400    10     8     1     2     2     1   203 2.010
1xlrA00     3    40  1410    10     1     1     1     3     1   164 1.940
3cnvA01     3    40  1410    10     5     1     1     1     1   151 2.000
3bwgA02     3    40  1410    10     6     1     1     2     1   156 2.090
3eetA02     3    40  1410    10     7     1     1     2     1   162 1.970
2nwiB00     3    40  1410    10     8     1     1     1     1   153 2.200
3edpA02     3    40  1410    10     9     1     1     1     1   142 2.090
3gitB03     3    40  1470    10     1     1     1     4     1   145 3.000
5b4jA00     3    40  1500    20     1     1     1     1     1   240 1.050
2x9jA00     3    40  1500    20     3     1     1     2     1   212 1.850
2zxkA00     3    40  1500    20     4     1     1     3     1   260 2.500
1wpuA00     3    40  1510    10     1     1     1     1     1   147 1.480
2hp7A00     3    40  1550    10     3     1     1     2     1   179 2.000
3hzhB00     3    40  1550    10     5     1     1     1     1   149 1.960
3qtaB00     3    40  1550    10     7     1     1     1     1   193 2.000
4hynB00     3    40  1550    10     9     1     1     1     1   186 2.500
1u9tA01     3    40  1570    10     1     1     1     2     1   158 2.160
2j0rA02     3    40  1570    10     2     1     2     2     1   170 1.900
2hqvA00     3    40  1570    10     4     1     1     1     1   167 2.000
3fm2A00     3    40  1570    10     5     1     1     1     1   131 1.800
7bwfD01     3    40  1620    10     2     1     1     1     1    48 1.700
3k6qA01     3    40  1620    10     3     1     1     1     1    47 1.800
6jqyA00     3    40  1620    10     4     1     1     1     1    44 1.640
3d55A01     3    40  1620    10     6     2     1     1     1    38 2.130
3g5oA01     3    40  1620    10     7     1     1     1     1    42 2.000
3dsaA01     3    40  1650    10     2     3     1    16     1   126 1000.000
2ob5A00     3    40  1650    10     3     1     1     1     1   145 1.600
3bzyB00     3    40  1690    10     3     1     1     1     1    83 1.200
3b0zB00     3    40  1690    10     9     1     1     1     1    84 2.450
6gyyA00     3    40  1700    10     1     1     1     2     1   150 2.770
5f28B00     3    40  1810    10     3     1     3     1     1    73 2.900
6i44A02     3    50     4    10     4     1     1     1     1    80 1.360
4z80A01     3    50     4    10     8     1     1     1     1   115 1.530
2ll3A00     3    50     4    10     9     2     1     1     1    70 999.000
5eokA03     3    50     4    10    13     2     1     1     1    97 2.800
4yivA01     3    50     4    10    18     1     1     1     1   143 1.930
1gmnB01     3    50     4    10    19     1     1     1     1    29 2.300
1grlA03     3    50     7    10     2     1     2     5     1   181 2.800
7ylyb01     3    50     7    10     5     1     2     2     1   157 3.050
3p9dD03     3    50     7    10    13     1     1     2     1   161 1000.000
6tmvC01     3    50     7    10    19     1     1     1     1   175 3.450
7ylvg01     3    50     7    10    22     1     1     1     1   148 3.910
2qqdC00     3    50    20    10     1     1     1     2     1   159 2.000
1hq6B00     3    50    20    10     3     1     1     7     1   228 2.700
5jvnA01     3    50    30    10     1     2     2     2     1   137 2.900
2olsA03     3    50    30    10     5     1     1     1     1    87 2.400
5o5tA02     3    50    30    30     1     1     2     1     1   226 1.430
4tjvA00     3    50    30    30     2     1     1     1     1   165 1.650
4c8pA00     3    50    30    30     3     1     1     3     1   144 2.100
1y9zA02     3    50    30    30     4     1     1     1     1   145 1.400
3iibA02     3    50    30    30     6     1     1     1     1   146 1.700
3icuA01     3    50    30    30     8     1     1     1     1   161 2.100
1xf1A02     3    50    30    30     9     1     2     1     1   146 1.900
8acrA01     3    50    30    30    10     1     1     1     1   149 2.100
3i6sA03     3    50    30    30    12     1     1     1     1   130 2.500
1vi4A00     3    50    30    40     2     3     1     1     1   156 1.870
5ir2A00     3    50    30    40     5     1     1     1     1   215 2.080
5nnaA00     3    50    30    50     1     1     1     1     1   255 1.500
4cogA00     3    50    30    50     2     1     1     1     1   207 1.600
4e5sA02     3    50    30    60     5     1     1     1     1   165 1.950
1b7yB03     3    50    40    10     2     2     1     1     1   214 2.500
3l4gB02     3    50    40    10     6     1     1     1     1   207 3.300
2c7gA02     3    50    50    60     1     1     1     2     1   233 1.800
1dncA01     3    50    50    60     3     1     1     2     1   218 1.700
3g5sA01     3    50    50    60     6     1     1     1     1   272 1.050
3qvpA01     3    50    50    60     7     1     1     1     1   204 1.200
1rp0A02     3    50    50    60     9     1     1     1     1   236 1.600
6iweA01     3    50    50    60    10     3     3     2     1   223 1.940
1x31B01     3    50    50    60    20     1     2     1     1   231 2.150
2pyxA01     3    50    50    60    21     1     1     1     1   208 1.500
3p1wA01     3    50    50    60    22     3     1     1     1   175 1.850
1fohA01     3    50    50    60    27     1     1     2     1   253 2.400
3dmeA01     3    50    50    60    28     1     1     1     1   213 1.700
1knrA01     3    50    50    60    30     1     2     2     1   316 2.500
1rsgA01     3    50    50    60    35     1     1     1     1   242 1.900
4h4rA01     3    50    50    60    40     1     1     1     1   185 1.400
4eipB01     3    50    50    60    43     1     1     2     1   252 2.330
2whdB01     3    50    50    60    45     5     3     1     1   190 2.600
4i59A01     3    50    50    60    47     3     1     1     1   191 2.930
3nrnA01     3    50    50    60    49     2     1     1     1   211 2.100
3b3rA01     3    50    50    60    50     1     1     4     1   337 0.980
3vrdB01     3    50    50    60    51     1     1     1     1   187 1.500
4rg4A01     3    50    50    60    52     4     1     3     1   280 2.510
3nlcA02     3    50    50    60    58     1     1     1     1   238 2.150
2b9wA01     3    50    50    60    63     1     1     1     1   210 1.950
3iwaA02     3    50    50    60    66     1     1     1     1   237 2.300
5fs8A02     3    50    50    60    68     1     1     1     1   166 1.400
5fs8A01     3    50    50    60    69     1     1     1     1   165 1.400
3c4nA01     3    50    50    60    70     1     1     1     1   233 2.400
3we0A01     3    50    50    60    73     1     1     1     1   270 1.900
2rghA01     3    50    50    60    76     1     1     1     1   243 2.300
3d1cA01     3    50    50    60    78     1     1     1     1   237 2.400
3icsA01     3    50    50    60    86     2     1     1     1   191 1.940
3v76A01     3    50    50    60    87     1     1     1     1   232 2.510
3ihmA01     3    50    50    60    88     1     1     1     1   215 2.300
3c4aA01     3    50    50    60    89     1     1     1     1   213 2.300
1vg0A01     3    50    50    60    90     1     1     1     1   205 2.200
2vouB01     3    50    50    60    95     1     1     1     1   240 2.600
4uirB01     3    50    50    60    96     2     1     1     1   354 2.750
1gteA04     3    50    50    60   103     1     1     1     1   153 1.650
3vrdB02     3    50    50    60   107     1     1     1     1   138 1.500
1ju2A01     3    50    50    60   108     1     1     1     1   332 1.470
2gmhA01     3    50    50    60   110     1     1     1     1   261 2.500
4jnqA02     3    50    50    60   116     4     1     1     1   127 1.800
1y56A02     3    50    50    60   122     1     1     1     1   222 2.860
1mo9A02     3    50    50    60   124     1     1     1     1   135 1.650
4n9xA01     3    50    50    60   129     1     1     1     1   278 2.500
3ayjA01     3    50    50    60   136     1     1     1     1   379 1.100
5v36A02     3    50    50    60   137     1     4     1     1   118 1.880
7p0xC02     3    50    50    60   142     5     1     1     1   120 2.550
2ivdB01     3    50    50    60   144     1     1     1     1   164 2.300
5jriA01     3    50    50    60   148     1     3     1     1   112 1.950
5ipyA02     3    50    50    60   155     1     1     1     1   100 1.500
3ef6A02     3    50    50    60   157     1     1     1     1   120 1.800
6gasA02     3    50    50    60   158     1     2     1     1   119 2.400
6l6jA02     3    50    50    60   160     2     1     1     1   136 2.600
4ntcA02     3    50    50    60   162     1     1     1     1   124 1.900
1vqwA01     3    50    50    60   165     1     1     2     1   333 2.400
4c5oA00     3    50    50    60   168     2     1     1     1   327 2.600
3h8lA02     3    50    50    60   172     1     1     1     1   151 2.570
4c3xA01     3    50    50    60   178     1     1     1     1   362 2.000
2xdoD00     3    50    50    60   184     1     1     1     1   364 2.090
4m52A02     3    50    50    60   187     1     1     1     1   121 2.400
5bulA00     3    50    50    60   191     1     1     2     1   392 1.980
3s5wA00     3    50    50    60   194     1     1     1     1   410 1.900
4opcA00     3    50    50    60   196     1     1     1     1   452 1.400
2braA01     3    50    50    60   202     1     1     2     1   473 2.000
3nksA00     3    50    50    60   203     1     1     1     1   465 1.900
3rhaA00     3    50    50    60   204     1     1     1     1   459 2.050
2aqjA00     3    50    50    60   205     3     1     1     1   517 1.800
3ukhA01     3    50    50    60   206     2     1     6     1   497 2.300
4b1bA00     3    50    50    60   207     1     1     1     1   437 2.900
3gyxA01     3    50    50    60   210     1     1     1     1   531 3.200
3h27A00     3    50    50   100     1     2     1    25     1   428 1000.000
5yjwA00     3    50    50   100     2     1     1     1     1   454 1.850
6ms8C01     3    50    70    10     2     1     2     1     1   157 1.900
4dooA01     3    50    70    10     4     1     1     1     1   149 1.900
8ew8A01     3    50    70    10     5     1     1     1     1   232 2.150
4s0lA01     3    50    80    10     2     3     2     6     1   138 2.500
4nbiB00     3    50    80    10     3     1     1     1     1   151 1.860
3a3dA02     3    50    80    20     1     2     1     1     1   102 1.600
5cerG02     3    50    80    20     3     1     2     1     1   161 2.480
1p7gH02     3    55    40    20     3     2     3     1     1   122 1.800
4jtmA00     3    55    50    30     1     1     1     1     1    81 1.430
6rwk001     3    55    50    30     3     2     1     1     1    73 3.860
2w16B01     3    55    50    30     5     1     1     1     1    75 2.710
1aorA01     3    60     9    10     1     3     1     1     1   211 2.300
4l1zA00     3    60    10    10     3     1     1     4     1   280 1.650
3i5vC00     3    60    10    10     4     1     2     2     1   284 2.800
6ca4B00     3    60    10    10     5     2     2     1     1   244 1.620
3mprD00     3    60    10    10    11     1     1     1     1   271 1.900
2a40B00     3    60    10    10    12     1     1     1     1   260 1.800
6ibdA01     3    60    10    10    13     1     2     1     1   319 1.480
1sr4B00     3    60    10    10    14     2     1     1     1   258 2.000
1vybA00     3    60    10    10    15     1     1     1     1   236 1.800
2ei9A00     3    60    10    10    17     1     1     2     1   214 2.000
3ngqA00     3    60    10    10    20     1     1     1     1   335 1.800
7n3yC01     3    60    10    10    24     1     1     3     1   367 2.730
2j63A00     3    60    10    10    25     1     1     1     1   333 2.480
4tzbA00     3    60    15    10     1     1     1    23     1   231 2.030
2qedA00     3    60    15    10     8     1     2     1     1   252 1.450
5ew0A00     3    60    15    10     9     1     1     1     1   228 1.300
1l9yA00     3    60    15    10    14     2     1     2     1   263 2.010
7t28A01     3    60    15    10    17     3     1     1     1   236 2.680
6brmH00     3    60    15    10    21     2     1     1     1   256 2.550
3md7A00     3    60    15    10    23     1     1     1     1   270 1.270
6h0cA01     3    60    15    10    27     1     1     1     1   254 1.590
3zwfA00     3    60    15    10    36     1     1     1     1   259 1.700
2q9uB01     3    60    15    10    37     1     1     1     1   246 1.900
6cgyL00     3    60    15    10    43     1     2     1     1   275 1.650
4efzB00     3    60    15    10    46     1     2     1     1   289 1.600
3dh8A00     3    60    15    10    50     1     1     4     1   299 1.800
2az4A01     3    60    15    10    53     1     1     1     1   271 2.000
1xtoA00     3    60    15    10    56     1     1     3     1   293 2.800
5a0tB01     3    60    15    10    58     3     1     1     1   293 2.280
1vjnA00     3    60    15    10    59     1     1     1     1   190 2.000
6j4nC01     3    60    15    10    60     1     1     6     1   341 2.100
2p4zA00     3    60    15    10    61     1     1     1     1   275 2.100
3eshA01     3    60    15    10    63     1     1     1     1   254 2.500
1wraA01     3    60    15    10    64     1     1     1     1   300 2.000
3af5A03     3    60    15    10    67     2     1     1     1   272 2.600
2i7xA01     3    60    15    10    68     1     1     1     1   279 2.500
3bv6A00     3    60    15    10    69     1     2     1     1   353 1.800
2imhA01     3    60    20    10     2     1     1     1     1   208 1.570
1g0uE00     3    60    20    10     7     2     1     2     1   230 2.400
1xffA00     3    60    20    10    13     1     1     1     1   238 1.800
3mdnD00     3    60    20    10    19     1     1     1     1   219 2.090
3h6f200     3    60    20    10    21     1     1    37     1   214 2.510
6qm7K00     3    60    20    10    23     3     1     1     1   206 2.800
1jgtB01     3    60    20    10    24     1     1     1     1   205 1.950
2fhh100     3    60    20    10    25     1     1     2     1   220 2.990
6nvwB01     3    60    20    10    30     1     2     1     1   295 2.200
4yfbC01     3    60    20    10    32     2     1     1     1   287 1.750
1te5A00     3    60    20    10    33     1     1     1     1   253 2.000
2advC01     3    60    20    10    35     1     1     1     1   210 2.240
1q15A01     3    60    20    10    38     1     1     1     1   205 2.300
7aweM01     3    60    20    10    41     1     1     1     1   200 2.290
2z3bA00     3    60    20    10    42     2     2     1     1   180 2.500
4hsrB01     3    60    20    10    49     1     1     2     1   329 2.130
6muwN00     3    60    20    10    53     1     1     1     1   224 3.600
1ea0A01     3    60    20    10    61     2     1     1     1   419 3.000
1apyB00     3    60    20    30     3     1     1     1     1   141 2.000
5hftD00     3    60    20    40     5     1     1     1     1   154 2.650
8pq7A01     3    60    21    10     1     1     3     1     1   286 2.100
7jv8B01     3    60    21    10     2     1     1     5     1   301 2.460
3rl5A00     3    60    21    10     6     1     1     1     1   279 1.260
2nxfA01     3    60    21    10    13     1     1     1     1   303 1.700
2yvtA00     3    60    21    10    18     1     1     1     1   256 1.600
3tghA00     3    60    21    10    19     1     1     1     1   315 1.700
1kbpA02     3    60    21    10    20     2     1     3     1   310 2.650
4q7fA01     3    60    21    10    21     1     1     1     1   298 1.980
2xmoA01     3    60    21    10    22     1     1     1     1   323 1.700
3thoB01     3    60    21    10    24     1     1     2     1   253 2.610
1t71A00     3    60    21    10    25     1     1     1     1   281 2.100
3qfmA00     3    60    21    10    26     1     1     1     1   258 1.900
3t1iD01     3    60    21    10    27     2     1     1     1   284 3.000
3c9fA01     3    60    21    10    28     1     1     1     1   323 1.900
2gjuA00     3    60    21    10    29     1     2     1     1   252 2.000
5ebbA01     3    60    21    10    33     2     2     1     1   405 2.600
4or9A00     3    60    21    10    36     1     4     1     1   399 2.230
1z2wA00     3    60    21    10    38     1     1     2     1   182 2.000
2qjcA00     3    60    21    10    39     1     1     1     1   219 2.050
2dfjA00     3    60    21    10    42     1     1     1     1   267 2.720
3av0A01     3    60    21    10    45     1     1     1     1   250 3.100
1xm7A00     3    60    21    10    46     1     1     1     1   186 2.400
2i0oA00     3    60    40    10     5     2     1     1     1   287 1.700
3w42A00     3    60    40    10     8     1     1     1     1   199 1.060
3rnrB00     3    60    40    10    15     1     1     1     1   205 2.000
2pnqA00     3    60    40    10    16     1     1     1     1   382 1.810
3ke6B01     3    60    40    10    17     1     1     1     1   221 2.600
2irmA00     3    60    40    10    18     2     1     1     1   339 3.000
3f79E00     3    60    40    10    20     1     1     1     1   230 2.800
3d8kD00     3    60    40    10    21     1     1     1     1   336 2.710
5u81A01     3    60    60    10     5     1     1     1     1   259 1.400
2x1cB01     3    60    60    10     6     1     1     5     1   282 1.850
2hezA00     3    60    60    10     7     1     1     2     1   315 2.500
4wl2A00     3    60    60    10     8     2     2     1     1   347 2.500
3gvzA00     3    60    60    10    10     1     1     1     1   254 2.800
3axgK00     3    60    70    12     1     1     1     9     1   342 2.000
1b65A00     3    60    70    12     2     2     1     1     1   363 1.820
1vraA00     3    60    70    12     4     2     1     1     1   186 2.000
1i72A00     3    60    90    10     2     1     1     9     1   251 2.000
1vr7A00     3    60    90    10     5     1     1     1     1   119 1.200
2plqA00     3    60   110    10     2     1     1     3     1   340 1.900
2gglA00     3    60   110    10     3     1     1     5     1   302 2.400
2e11A00     3    60   110    10    10     1     1     1     1   265 1.730
3ilvA01     3    60   110    10    13     1     1     1     1   251 1.790
4cyfA01     3    60   110    10    14     1     1     1     1   290 2.250
5n6lA01     3    60   110    10    19     1     1     4     1   269 2.900
8p4iG01     3    60   110    10    22     2     1     2     1   312 3.830
3h9mA00     3    60   120    10     2     1     1     1     1   390 1.570
3gseA00     3    60   120    10     3     2     1     1     1   425 2.280
3os6C00     3    60   120    10     6     2     1     1     1   368 2.400
1i7qA00     3    60   120    10    10     1     2     1     1   517 1.950
1ds1A00     3    60   130    10     1     1     1     1     1   323 1.080
4c5wA02     3    60   130    10     4     1     1     1     1   287 1.700
3pvjB00     3    60   130    10     5     1     2     1     1   276 1.850
4ylmX00     3    60   130    10    10     1     1     1     1   274 2.050
2r6sA00     3    60   130    10    11     1     1     3     1   299 2.100
2q4aA00     3    60   130    10    13     1     1     1     1   321 2.390
6f9pC01     3    60   130    10    14     1     1     1     1   326 2.400
2o11A00     3    60   150    10     1     2     1     1     1   383 1.650
1sq1A00     3    60   150    10     2     3     1     1     1   281 2.800
1a2nA02     3    65    10    10     1     3     2    21     1   208 2.800
3zh4A01     3    65    10    10     2     6     1     1     1   205 1.800
1mi4A02     3    65    10    10     3     1     2     4     1   204 1.700
2o0bA01     3    65    10    10     5     1     1     1     1   209 1.150
4n3pB01     3    65    10    10    12     3     1     2     1   209 2.500
1t6lA00     3    70    10    10     3     1     1     1     1   249 1.850
3lx2A00     3    70    10    10     4     2     1     1     1   247 2.400
1u7bA00     3    70    10    10     5     1     1     1     1   251 1.880
2avtA02     3    70    10    10     9     2     1     1     1   199 2.000
6drtA00     3    70    10    10    10     1     1     1     1   230 2.120
6j8yC00     3    70    10    10    12     1     1     1     1   255 2.400
6j8yA00     3    70    10    10    13     1     1     1     1   257 2.400
3a1jB00     3    70    10    10    14     1     1     2     1   260 2.500
1dmlA00     3    70    10    10    15     1     1     1     1   267 2.700
8dqwG01     3    70    10    10    16     1     1     1     1   175 2.100
2z0lA00     3    70    10    10    19     1     1     1     1   293 2.900
1vkpB00     3    75    10    10     1     1     2     1     1   356 1.530
4yt9A01     3    75    10    10     2     1     1     4     1   314 1.500
2c6zA00     3    75    10    10     3     1     1     2     1   273 1.200
2dewX03     3    75    10    10     6     1     2     1     1   370 2.100
1bwdA00     3    75    10    10     7     4     1     1     1   348 3.100
1g61A00     3    75    10    10     9     1     1     1     1   225 1.300
1rxxC01     3    75    10    10    10     1     1     6     1   319 2.450
8dpkD01     3    75    10    10    11     1     1     1     1   271 1.940
6lrfA01     3    75    10    10    14     1     1     1     1   267 2.050
4cp6A00     3    80    10    10     3     1     1     1     1   405 1.340
4q62A00     3    80    10    10     6     1     1     1     1   386 1.900
4hq1A01     3    80    10    10     9     1     1     1     1   298 1.550
2ca6A00     3    80    10    10    16     1     1     1     1   344 2.200
3e4gA00     3    80    10    10    28     1     1     1     1   176 0.960
4fcgA00     3    80    10    10    29     1     1     1     1   293 2.000
2astB00     3    80    10    10    31     1     1     1     1   325 2.300
3bz5A01     3    80    10    10    32     1     1     1     1   370 2.700
4i6jB02     3    80    10    10    37     1     1     1     1   352 2.700
4lscA00     3    80    10    10    38     1     1     2     1   186 1.530
4bv4R00     3    80    10    10    40     1     1     1     1   440 2.350
2ra8A02     3    80    10    10    41     1     1     1     1   265 1.950
1d0bA00     3    80    10    10    42     1     3     2     1   207 1.860
7utzR01     3    80    10    10    46     1     1     1     1   301 2.400
4glpA00     3    80    10    10    47     1     2     1     1   310 4.000
2p1mB02     3    80    10    10    53     1     1     1     1   531 1.800
3cvrA01     3    80    10    10    54     3     1     1     1   231 2.800
1a9nC00     3    80    10    10    55     1     2     1     1   174 2.380
4arnA00     3    80    10    10    60     1     1     1     1   277 2.410
4pkiG02     3    80    10    10    61     1     2     1     1   171 2.300
7wbtA02     3    80    10    10    64     1     1     1     1   443 2.750
3a79B00     3    80    10    10    65     2     1     1     1   525 2.900
2r9uA00     3    80    10    10    66     1     2     1     1   174 2.100
4kxfP04     3    80    10    10    67     1     1     1     1   404 3.200
3rezC00     3    80    10    10    68     1     2     1     1   117 2.350
2z64A00     3    80    10    10    76     2     1     2     1   599 2.840
4hq1A02     3    80    10    10    77     1     1     1     1   126 1.550
3sb4A01     3    80    10    10    79     1     1     1     1   172 1.990
4k17B03     3    80    10    10    81     1     1     1     1   494 2.900
3un9A01     3    80    10    10    84     1     1     1     1   215 2.650
2v70A00     3    80    10    10    95     2     1     1     1   210 3.010
4l3aA02     3    80    10    10    96     1     1     1     1   157 2.590
4ecnA03     3    80    10    10    97     1     2     1     1   600 2.800
3rgzA01     3    80    10    10   102     1     1     1     1   684 2.280
4wwuH01     3    80    10    10   104     1     1     1     1   161 3.300
2ifgA01     3    80    10    10   105     1     1     1     1   156 3.400
7ax1A01     3    80    10    10   106     1     1     1     1   142 3.300
5my6A02     3    80    20    20     1     2     1     1     1   171 2.250
2hr7B01     3    80    20    20    13     1     1     1     1   236 2.320
6vwgA01     3    80    20    20    14     1     3     1     1   134 3.210
1i77A00     3    90    10    10     3     1     2     1     1   107 1.950
1os6A00     3    90    10    10    11     1     2     1     1    71 1.450
1z1nX03     3    90    10    10    13     1     1     1     1   117 2.100
1z1nX04     3    90    10    10    16     2     1     1     1   163 2.100
2e84A03     3    90    10    10    17     1     2     1     1   154 2.700
1ti8B00     3    90    20    10     1     4     1     3     1   166 3.000
2wr7C01     3    90    20    10     9     1     1     2     1   246 2.500
1xgkA02     3    90    25    10     6     1     1     1     1   117 1.400
3e48B02     3    90    25    10     7     1     1     1     1   100 1.600
4wpgA02     3    90    25    10    13     1     1     1     1    78 1.100
2gasA02     3    90    25    10    14     1     1     1     1   119 1.600
2b69A02     3    90    25    10    15     1     1     1     1    80 1.210
5gy7A02     3    90    25    10    16     1     1     1     1   126 1.430
3eheA02     3    90    25    10    17     2     1     1     1    96 1.870
2pk3A02     3    90    25    10    26     1     1     1     1    90 1.820
1i24A02     3    90    25    10    27     1     1     1     1   142 1.200
3vpsB02     3    90    25    10    30     1     1     1     1    91 1.900
3slgC02     3    90    25    10    33     1     1     1     1    92 2.100
6aqzA02     3    90    25    10    34     2     1     1     1    95 2.400
1db3A02     3    90    25    10    35     1     1     1     1   116 2.300
2ggsA02     3    90    25    10    40     1     1     1     1    68 1.700
1rkxB02     3    90    25    10    44     1     1     1     1   154 1.800
6cazA00     3    90    45    10     1     2     1     1     1   169 1.500
1lm4A00     3    90    45    10     2     2     1     2     1   189 1.450
5y5sH02     3    90    50    10     2     3     1     1     1   140 1.900
1hqiA00     3    90    56    10     3     1     2     1     1    90 999.000
4gamD00     3    90    56    10     4     1     1     1     1   132 2.900
3ch3X00     3    90    70    10    11     1     1     2     1   256 1.790
1deuB00     3    90    70    10    12     1     1     1     1   261 1.700
3oisB00     3    90    70    10    14     1     1     1     1   267 1.650
1xkgA00     3    90    70    10    18     1     1     1     1   298 1.610
1pxvA00     3    90    70    10    19     1     1     1     1   183 1.800
4oelA02     3    90    70    10    20     1     1     1     1   153 1.400
3ervA00     3    90    70    10    21     1     1     1     1   200 2.100
6ffaA00     3    90    70    10    22     1     1     1     1   156 1.500
2y6eA00     3    90    70    10    23     2     3     5     1   336 2.400
4msxA02     3    90    70    10    26     1     1     1     1   302 1.870
1qxpA02     3    90    70    10    31     1     3     1     1   129 2.800
7tuoA01     3    90    70    10    33     1     1     2     1   316 1.960
4g54A01     3    90    70    10    35     1     1     1     1   125 1.550
3wxeA00     3    90    70    10    37     1     1     2     1   301 2.500
2vhfB00     3    90    70    10    37     1     2     1     1   334 2.800
2avwD01     3    90    70    10    38     1     1     1     1   141 2.000
4ry2A01     3    90    70    10    39     2     1     2     1   141 3.610
6iikB00     3    90    70    10    40     1     1     1     1   334 1.970
4q8gA00     3    90    70    10    42     1     1     1     1   344 2.100
1cb5A01     3    90    70    10    45     3     1     2     1   401 2.590
4hxdB00     3    90    70    80     1     2     2     1     1   157 2.850
4bosA00     3    90    70    80     2     1     1     2     1   164 2.350
4bouA00     3    90    70    80     5     1     1     1     1   141 1.550
4fajA02     3    90    76    10     3     2     1     1     1   124 1.900
5hm4B02     3    90    76    10     4     1     2     1     1   147 2.000
5yqwA02     3    90    76    10     7     1     1     1     1   107 1.360
4qflA02     3    90    76    10    13     1     1     1     1   171 1.750
7kz9B01     3    90    76    10    15     1     1     1     1   178 1.900
2kdwA00     3    90    79    10     5     1     1     6     1   164 999.000
1ppvA00     3    90    79    10     7     1     2     1     1   176 1.700
5cfjA00     3    90    79    10     9     1     1     1     1   140 1.250
1nqzA00     3    90    79    10    13     1     1     1     1   171 1.700
4jzsA00     3    90    79    10    14     1     1     2     1   158 2.200
5wy6E00     3    90    79    10    18     2     1     2     1   139 1.780
3q1pA02     3    90    79    10    20     2     1     1     1   158 1.800
5zrcA00     3    90    79    10    21     1     1     1     1   124 1.100
2o5fB00     3    90    79    10    24     1     1     1     1   162 1.900
3dupB01     3    90    79    10    25     1     1     1     1   172 1.800
3bm4A00     3    90    79    10    26     1     1     2     1   197 2.000
5r4qA01     3    90    79    10    31     1     1     1     1   193 1.490
5lopA02     3    90    79    10    33     1     2     1     1   145 3.500
4ktbA00     3    90    79    10    35     1     1     1     1   155 1.940
3e57A00     3    90    79    10    38     1     1     1     1   180 1.890
2a8pA00     3    90    79    10    42     2     1     8     1   191 2.700
3fjyA01     3    90    79    10    43     1     1     1     1   158 2.150
3o6zA00     3    90    79    10    46     1     1     2     1   181 2.050
6uufA01     3    90    79    10    47     1     1     1     1   152 2.100
3f6aA00     3    90    79    10    48     1     1     1     1   148 2.020
3fcmA00     3    90    79    10    52     1     1     1     1   176 2.200
2pnyA00     3    90    79    10    64     1     2     1     1   233 1.810
3qsjA00     3    90    79    10    67     1     1     1     1   216 1.700
3gz8C01     3    90    79    10    70     1     1     1     1   136 2.430
3j7ye00     3    90    79    10    77     1     2     1     1   134 3.400
3rh7A02     3    90    79    10    78     1     1     1     1   129 3.000
3fq3A00     3    90    80    10     1     6     1     1     1   174 1.900
1e9gB00     3    90    80    10     5     1     1     1     1   283 1.150
1g8lA02     3    90   105    10     3     1     1     1     1    57 1.950
1hqmD05     3    90   105    10     4     1     2     1     1    75 3.300
5nueB02     3    90   110    10     3     1     1     1     1   176 1.350
2dfdA02     3    90   110    10     5     2     2     1     1   167 1.900
2hlpA01     3    90   110    10     8     1     2     3     1   161 2.590
6duxB02     3    90   110    10    21     1     2     1     1   256 2.250
1g55A01     3    90   120    10     1     1     1     1     1   131 1.800
1svuA02     3    90   120    10     2     1     1     4     1    98 2.660
3ubtA02     3    90   120    10     6     1     1     1     1   151 2.500
3ptaA01     3    90   120    10     8     1     1     1     1   139 3.600
4fsxA03     3    90   120    10     9     1     1     2     1   172 3.200
1adeA03     3    90   170    10     1     2     2     1     1   166 2.000
3b82B00     3    90   175    10     1     2     1     4     1   207 2.350
1f0lA01     3    90   175    10     2     1     1     1     1   187 1.550
7rb4A01     3    90   175    10     3     1     1     1     1   203 2.190
2gwlA00     3    90   176    10     2     1     1     2     1   200 1.900
1gzeA00     3    90   176    10     4     1     2     5     1   207 2.700
1yqyA01     3    90   176    10     5     1     1     3     1   204 2.300
2j3vA02     3    90   176    10     9     1     1     2     1   212 2.110
2wn5A01     3    90   176    10    10     1     2     2     1   194 1.900
1gxyA00     3    90   176    10    14     1     1     1     1   223 1.710
6k93A00     3    90   176    10    15     1     1     1     1   239 1.530
3u0jA00     3    90   176    10    16     1     1     1     1   232 2.700
5h83A01     3    90   180    10     2     1     2     1     1   197 2.250
1d1tA01     3    90   180    10     3     1     4     1     1   234 2.400
3gmsA01     3    90   180    10    10     1     1     1     1   205 1.760
2b5vA01     3    90   180    10    12     1     1     2     1   222 2.000
3pi7A01     3    90   180    10    17     1     1     1     1   193 1.710
2dphA01     3    90   180    10    19     2     1     1     1   232 2.270
1gyrA01     3    90   180    10    22     1     1     4     1   179 2.600
3wleA01     3    90   180    10    28     1     1     2     1   205 2.160
3widA01     3    90   180    10    30     2     1     1     1   177 2.250
1vj1A01     3    90   180    10    36     1     2     2     1   165 2.100
1o89A01     3    90   180    10    39     3     2     1     1   153 2.250
2obyA01     3    90   180    10    50     1     1     2     1   190 3.000
5k1sB00     3    90   180    10    56     1     1     1     1   333 2.550
2vz8A07     3    90   180    10    58     1     1     1     1   359 3.220
1ywfA00     3    90   190    10     5     1     1     1     1   241 1.710
4tvvC00     3    90   190    10     8     1     1     1     1   284 1.400
4jbcA02     3    90   190    10    11     1     1     7     1   211 2.010
1a5yA00     3    90   190    10    14     1     2     6     1   283 2.500
6g85B02     3    90   190    10    18     1     1     1     1   203 1.530
4pyhA01     3    90   190    10    19     2     1     1     1   202 1.650
1i9sA00     3    90   190    10    20     1     2     1     1   189 1.650
1g4wR02     3    90   190    10    23     1     1     1     1   221 2.200
3gxhA00     3    90   190    10    27     1     1     1     1   151 1.400
5m43A00     3    90   190    10    30     1     1     1     1   168 1.650
2f46A00     3    90   190    10    35     1     1     1     1   141 1.410
6g85A01     3    90   190    10    38     1     1     1     1   145 1.530
1fpzC00     3    90   190    10    39     1     1     1     1   178 2.000
2oudA00     3    90   190    10    41     1     1     2     1   177 2.800
3n0aA01     3    90   190    10    43     1     1     1     1   181 2.200
3rgqA00     3    90   190    10    44     1     1     2     1   156 2.050
3s4oA00     3    90   190    10    45     2     1     1     1   161 2.300
6e3bA00     3    90   190    10    54     1     1     1     1   169 2.500
2j16A00     3    90   190    10    59     1     1     3     1   133 2.700
4qdiA03     3    90   190    20     6     1     1     1     1   143 1.800
2f00A03     3    90   190    20     7     1     2     1     1   148 2.500
3nrsA02     3    90   190    20     9     1     2     1     1   127 1.800
7u35A03     3    90   190    20    10     1     1     1     1   136 1.950
1e8cB03     3    90   190    20    11     1     1     1     1   138 2.000
3foeA01     3    90   199    10     1     4     2     1     1   273 4.000
1bjtA05     3    90   199    10     2     2     1     1     1   249 2.500
1ruyH02     3    90   209    20     1     1    13     2     1   232 2.700
6fywA02     3    90   209    20     8     1     1     1     1   242 2.200
1s5dA00     3    90   210    10     1     1     1     1     1   218 1.750
4z9cA00     3    90   210    10     7     1     1     1     1   223 2.350
2cb4A00     3    90   210    10     8     1     1     1     1   253 2.500
1ficB01     3    90   215    10     3     1     1     2     1   160 2.500
3ghgB02     3    90   215    10     8     1     1     1     1   262 2.900
3r6hA00     3    90   226    10     5     1     2     1     1   225 1.750
8ahzB01     3    90   226    10    19     1     1     1     1   216 1.700
4lurA02     3    90   226    10    20     2     1     1     1   233 1.900
2w3pA02     3    90   226    10    21     1     1     1     1   230 1.500
1tg6E00     3    90   226    10    22     5     1     1     1   196 2.100
3gf3A02     3    90   226    10    24     1     1     1     1   216 1.750
4l6wA01     3    90   226    10    28     1     1     1     1   205 1.950
6dgnA01     3    90   226    10    37     1     1     2     1   225 2.000
5vipB01     3    90   226    10    48     1     1     1     1   225 1.860
4l8kD02     3    90   226    10    59     1     1     1     1   210 2.260
2a7kB01     3    90   226    10    63     1     1     1     1   197 2.240
3u9tB01     3    90   226    10    65     1     2     1     1   239 2.900
6j1hA01     3    90   226    10    71     1     1     3     1   252 2.100
3k50A03     3    90   226    10    73     1     1     1     1   172 2.000
3bf0C01     3    90   226    10    77     1     1     1     1   203 2.550
4kwbA01     3    90   226    10    86     1     1     1     1   170 2.390
1uyvA01     3    90   226    10    88     1     1     4     1   262 2.600
3dorA03     3    90   226    10    89     1     1     1     1   254 2.200
4jyjB00     3    90   226    10    91     1     1     1     1   261 2.200
3gf3A03     3    90   226    10    93     1     1     1     1   289 1.750
2w3pA01     3    90   226    10   100     1     1     1     1   317 1.500
2f9iC00     3    90   226    10   104     1     1     1     1   297 1.980
3bptA00     3    90   226    10   107     2     1     1     1   352 1.500
1uyvB02     3    90   226    10   110     1     1     1     1   292 2.600
4b3hB01     3    90   226    10   113     1     1     1     1   332 2.300
4asiF03     3    90   226    10   115     1     3     1     1   394 2.800
2rf5A00     3    90   228    10     1     1     1     7     1   207 2.300
4gv2A02     3    90   228    10     6     1     1     1     1   210 1.800
6tl1B01     3    90   228    10     8     1     1     1     1   199 2.030
1khbA03     3    90   228    20     1     1     3     1     1   266 1.850
6at4A03     3    90   228    20     2     1     1     1     1   251 1.330
1qzyA01     3    90   230    10     6     1     1     1     1   276 1.600
3biqA02     3    90   230    10     7     1     2     1     1   274 1.730
3ctzA03     3    90   230    10    12     1     1     1     1   300 1.600
4b28A02     3    90   230    10    17     1     2     1     1   238 2.150
6twjA02     3    90   230    10    18     1     1     1     1   227 2.150
4ipaB01     3    90   230    10    19     1     1     2     1   312 2.300
2yhgA01     3    90   245    10     1     1     1     1     1   301 1.080
1kicB00     3    90   245    10     2     1     2     3     1   314 1.600
4kl0A00     3    90   245    10     7     1     1     1     1   350 1.600
4kpnA00     3    90   245    10     9     2     1     1     1   318 3.350
3fz0D00     3    90   245    10    10     1     1     1     1   326 2.500
1ex0B02     3    90   260    10     1     1     1     2     1   318 2.000
2qsfA01     3    90   260    10     3     1     1     1     1   304 2.350
4begB00     3    90   280    10     2     1     1     1     1   175 1.420
4v1ab01     3    90   280    10     8     1     2     1     1   187 3.400
1vw4102     3    90   280    10    10     1     1     1     1   214 1000.000
3sm4A00     3    90   320    10     1     1     1     1     1   225 1.880
5zyuA01     3    90   320    10     2     1     1     1     1   201 1.750
3k93A00     3    90   320    10     3     1     1     1     1   218 2.150
3l0aA00     3    90   320    10     6     1     1     1     1   253 2.190
4r5qA00     3    90   320    10     7     1     1     1     1   215 2.650
3u4qA06     3    90   320    10     8     1     1     1     1   220 2.800
3h4rA00     3    90   320    10     9     1     1     1     1   219 2.800
5ld2B05     3    90   320    10    12     1     2     1     1   280 3.830
1e6vC00     3    90   320    20     1     1     4     1     1   248 2.700
1ireA00     3    90   330    10     1     2     1     6     1   201 1.800
1mjtB01     3    90   340    10     2     2     1     1     1   129 2.400
3n0qA01     3    90   380    10     2     1     2     1     1   278 1.800
1z01A01     3    90   380    10     4     1     1     1     1   283 1.800
1wqlA01     3    90   380    10     5     1     4     1     1   310 2.200
7fjlA02     3    90   380    10     7     1     1     1     1   243 2.110
3gkeA02     3    90   380    10     9     1     1     1     1   210 1.750
4qdcA02     3    90   380    10    10     1     1     1     1   222 1.900
7szhB02     3    90   380    10    11     1     2     1     1   182 1.790
3sqgA01     3    90   390    10     1     3     1     1     1   103 2.100
5n7jA03     3    90   400    10     2     1     1     2     1    72 2.000
3zo9A02     3    90   400    10     4     1     1     1     1    70 1.840
5m99A02     3    90   400    10     5     1     1     1     1    65 1.960
1jf5A03     3    90   400    10     8     2     1     2     1    55 3.200
7znpA01     3    90   400    10     9     1     1     1     1    77 2.150
2xtsA01     3    90   420    10     1     1     1     1     1   259 1.330
1xdyG00     3    90   420    10     6     1     1     1     1   261 2.200
1m7vA02     3    90   440    10     1     1     2     1     1   101 1.950
6qdws00     3    90   470    10     4     1     2     1     1   109 2.830
5oomT00     3    90   470    10     7     1     1     1     1   159 3.030
4a17Q00     3    90   470    10     8     3     1     1     1   157 1000.000
3hykA00     3    90   470    20     2     4     1     1     1   114 2.310
2cg5A01     3    90   470    20    11     1     2     1     1   141 2.700
3qsvC00     3    90   520    10     1     2     1     2     1   124 2.710
2vlqB00     3    90   540    10     1     2     1     3     1   134 1.600
1lziA00     3    90   550    10     2     1     1     3     1   264 1.350
1ll0B00     3    90   550    10     3     1     2     8     1   267 3.430
2nxvA01     3    90   550    10     4     1     1     1     1   233 1.100
7zllA01     3    90   550    10     6     1     1     1     1   274 1.650
1fgxA00     3    90   550    10     7     1     3     1     1   272 2.400
3jtjA00     3    90   550    10    10     1     4     1     1   244 2.180
4ac3A01     3    90   550    10    12     1     1     3     1   248 2.100
2pa4A00     3    90   550    10    13     3     1     1     1   294 2.000
1jykA00     3    90   550    10    15     1     1     1     1   227 1.500
1foaA01     3    90   550    10    16     1     1     2     1   213 1.800
1vgwB00     3    90   550    10    17     3     1     1     1   214 2.350
6ckmA00     3    90   550    10    19     1     1     1     1   225 1.540
3ckjA00     3    90   550    10    21     1     2     1     1   300 1.800
3cu0A00     3    90   550    10    22     2     1     1     1   250 1.900
3zf8A00     3    90   550    10    25     1     1     1     1   288 1.980
4evwA00     3    90   550    10    27     1     1     1     1   240 1.900
7d44I01     3    90   550    10    28     1     1     2     1   270 4.000
1omzB00     3    90   550    10    29     1     1     1     1   255 2.100
6pd2A01     3    90   550    10    30     1     1     1     1   242 1.950
1yp2D01     3    90   550    10    31     1     1     1     1   288 2.110
1tzfA00     3    90   550    10    32     1     1     1     1   251 2.100
1e5kA00     3    90   550    10    34     1     1     1     1   188 1.350
2p6wA00     3    90   550    10    36     1     1     1     1   206 1.600
3cgxA00     3    90   550    10    38     1     1     1     1   223 1.900
2we9B00     3    90   550    10    39     1     2     5     1   190 2.100
2z86D02     3    90   550    10    40     1     1     1     1   260 2.400
1z90B01     3    90   550    10    44     1     1     2     1   346 1.860
6h21A01     3    90   550    10    46     1     1     1     1   204 1.800
7vlkE01     3    90   550    10    51     1     1     1     1   237 2.270
1s4nB00     3    90   550    10    53     1     1     1     1   335 2.010
1xhbA01     3    90   550    10    54     1     1     1     1   245 2.500
7zvjA01     3    90   550    10    58     1     1     1     1   249 2.610
2wvlB00     3    90   550    10    59     2     1     1     1   382 2.810
2y4kA01     3    90   550    10    60     1     1     2     1   192 2.450
2cu2A00     3    90   550    10    62     1     1     1     1   335 2.200
4p02A02     3    90   550    10    63     1     1     1     1   242 2.650
2z86D01     3    90   550    10    67     1     1     1     1   334 2.400
3bcvA00     3    90   550    10    72     1     1     1     1   192 2.350
2dpwA00     3    90   550    10    74     1     1     1     1   229 2.900
2yqcA01     3    90   550    10    77     3     1     1     1   444 1.900
3ogzA01     3    90   550    10    81     1     1     1     1   444 2.030
5bn8A04     3    90   640    10     1     1     2     1     1    83 1.340
1yagA04     3    90   640    10     2     1     5     1     1    86 1.900
3weeB03     3    90   640    10    13     1     1     2     1   114 3.100
4fo0A03     3    90   640    10    18     1     1     1     1   153 2.600
2z1eA02     3    90   650    10     1     1     1     1     1   171 1.550
3mcqA02     3    90   650    10     5     2     1     1     1   166 1.910
3viuA01     3    90   650    10     8     2     1     1     1   192 2.350
3mdoA02     3    90   650    10     9     2     1     1     1   214 1.910
3viuA04     3    90   650    10    11     1     1     1     1   171 2.350
3fd5A02     3    90   650    10    12     1     1     1     1   206 1.900
2jaeA02     3    90   660    10     1     1     1     1     1   192 1.250
1o5wB02     3    90   660    10     2     1     2     1     1   174 3.200
1b37A02     3    90   660    10     7     1     1     1     1   218 1.900
2vvlA02     3    90   660    10     8     1     1     2     1   222 2.450
1rsgB02     3    90   660    10    10     1     1     3     1   299 1.900
5yb7A02     3    90   660    10    11     2     1     1     1   142 2.000
3qj4A02     3    90   660    10    12     1     1     1     1   176 2.500
2z5xA02     3    90   660    10    13     1     1     2     1   266 2.200
3gyxA02     3    90   700    10     4     2     1     1     1   131 3.200
6b58A01     3    90   700    10     6     2     1     1     1   125 2.610
2e5vA02     3    90   700    10     8     2     1     1     1    96 2.090
5zynB01     3    90   700    10    10     1     1     1     1   155 1.750
7p18A01     3    90   700    10    12     1     1     1     1   172 1.840
1v9hA00     3    90   730    10     1     1     1     5     1   193 2.000
3d3zA00     3    90   730    10     8     1     1     1     1   238 1.700
4dwaB00     3    90   730    10    10     1     1     2     1   156 3.010
3pz0A00     3    90   740    10     1     2     1     2     1   211 2.400
1ue0A00     3    90   740    10     2     1     1     4     1   181 2.000
3pz6D00     3    90   740    10     7     1     1     1     1   254 2.600
2r4fA02     3    90   770    10     1     1     1     1     1   206 1.700
3qaeA01     3    90   770    10     2     2     1     2     1   260 2.300
2wdcA03     3    90   780    10     4     1     1     1     1   200 1.500
1oidA02     3    90   780    10     5     1     1     2     1   188 2.100
5zdkA01     3    90   800    10     3     3     1     1     1   102 2.450
6b1pA02     3    90   800    10     6     2     1     1     1    89 2.500
4bx8A03     3    90   830    10     1     1     1     1     1   108 2.400
7udbA02     3    90   830    10     4     1     1     2     1    98 3.500
1mqsA03     3    90   830    10     5     1     1     1     1   120 3.000
5ti1A02     3    90   850    10     4     1     2     1     1   300 2.000
1gttA01     3    90   850    10     5     1     1     1     1   211 1.700
8gstA01     3    90   850    10    10     1     1     1     1   207 1.710
2wqtA00     3    90   850    10    14     1     1     1     1   262 2.800
3lzkB00     3    90   850    10    15     1     1     1     1   329 1.900
1k4iA00     3    90   870    10     1     1     1     1     1   216 0.980
3l7vA00     3    90   870    10     7     1     1     1     1   245 2.260
3vf2A03     3    90   870    20     1     1     1     4     1   205 2.900
4bpuC00     3    90   920    10     1     1     1     4     1   367 2.700
2faoA01     3    90   920    10     3     1     1     1     1   282 1.500
1v33A01     3    90   920    10     4     1     1     1     1   243 1.800
3ckfA02     3    90   930     1     1     1     2     1     1   147 1.250
2oy7A02     3    90   930     1     2     1     1     1     1   139 1.550
6ysiE02     3    90   930    12     1     1     2     1     1    82 2.500
8camg01     3    90   930    12     2     1     2     1     1    75 1.860
5mmiG01     3    90   930    12    10     2     1     1     1    84 3.200
1vx7H01     3    90   930    12    12     4     1     1     1    85 1000.000
1vwxH02     3    90   930    12    14     5     1     1     1   103 1000.000
4bxfA03     3    90   930    40     2     1     1     1     1   128 2.050
2a6hE00     3    90   940    10     2     1     2     1     1    95 2.400
2pmzK00     3    90   940    10     5     1     2     2     1    82 3.400
5uagE00     3    90   940    10     6     1     1     2     1    89 3.400
1qklA00     3    90   940    10    10     1     1     1     1   127 999.000
6gmhE02     3    90   940    20     1     1     3     1     1    73 3.100
1k7kA00     3    90   950    10     4     1     1     1     1   205 1.500
4jhcB00     3    90   950    10     6     1     1     1     1   182 1.850
1u14A00     3    90   950    10     7     1     1     1     1   167 1.680
2amhA00     3    90   950    10     8     1     1     1     1   195 2.000
5kolD00     3    90   950    20     1     3     1     1     1   172 1.910
6mr3C02     3    90   950    20     3     1     1     1     1   160 2.050
2z0xA00     3    90   960    10     2     1     1     1     1   157 1.640
1vkiA00     3    90   960    10     4     2     1     1     1   165 1.600
2j3lA03     3    90   960    10     5     2     1     1     1   147 2.300
3op6A00     3    90   960    10     6     1     1     1     1   141 2.000
3memA01     3    90   960    10     7     1     1     1     1   136 2.250
1su0B00     3    90  1010    10     1     3     1     1     1   136 2.300
3g0mA00     3    90  1010    10     2     1     1     1     1   138 1.760
1vw4L01     3    90  1030    10     3     1     1     1     1   135 1000.000
4aybB05     3    90  1070    20     3     1     1     1     1    88 3.200
1ddqC02     3    90  1100    10     1     1     2     2     1   341 1000.000
1twfB04     3    90  1110    10     2     1     1     1     1   177 2.300
2a6hC03     3    90  1110    10     3     1     1     1     1   180 2.400
7ob9B01     3    90  1110    10     8     1     1     1     1   192 2.700
4h7wA00     3    90  1140    10     1     1     1     1     1   187 1.100
1iuhA00     3    90  1140    10     2     2     1     1     1   183 2.500
1jh6A00     3    90  1140    10     4     1     1     1     1   181 1.800
2vfkA00     3    90  1140    10     5     1     2     1     1   205 1.500
2fsqA00     3    90  1140    10     7     1     1     1     1   224 1.400
1cs1A02     3    90  1150    10    10     1     1     1     1   139 1.500
3ei9B01     3    90  1150    10    12     1     2     1     1   146 1.550
5b7uA01     3    90  1150    10    13     1     1     3     1   136 1.900
4wbtA01     3    90  1150    10    14     1     1     1     1   140 1.600
4cbsA01     3    90  1150    10    15     1     2     5     1   136 2.300
5veqB01     3    90  1150    10    16     3     1     1     1   140 2.260
3bc8A03     3    90  1150    10    19     1     1     1     1   138 1.650
5vnxA01     3    90  1150    10    24     1     1     1     1   135 1.650
1geyA02     3    90  1150    10    28     1     1     2     1   116 2.300
2bylA01     3    90  1150    10    30     1     1     2     1   154 2.150
1o69A02     3    90  1150    10    33     1     1     1     1   141 1.840
6jy1A01     3    90  1150    10    41     1     1     1     1   133 1.720
3nytA02     3    90  1150    10    42     1     1     1     1   115 1.300
3g7qA01     3    90  1150    10    44     1     1     1     1   149 1.800
2c81A02     3    90  1150    10    49     1     1     1     1   154 1.700
3ii0A01     3    90  1150    10    51     1     3     1     1   117 2.050
5f8vA02     3    90  1150    10    54     6     1     1     1   107 2.140
6c9bA01     3    90  1150    10    55     1     1     2     1   118 1.690
2zy4D01     3    90  1150    10    62     1     2     1     1   146 2.000
1m7yA01     3    90  1150    10    63     1     2     1     1   163 1.600
5iwqA01     3    90  1150    10    67     1     1     3     1   180 2.000
1b9iA02     3    90  1150    10    70     1     1     2     1   139 2.000
2hoxA03     3    90  1150    10    72     1     1     1     1   113 1.400
3gzdA01     3    90  1150    10    77     1     2     1     1   112 1.800
3fq8A01     3    90  1150    10    82     1     2     1     1   178 2.000
3b8xA02     3    90  1150    10    84     1     1     1     1   124 1.700
4zasA02     3    90  1150    10    87     1     2     1     1   117 2.470
1ohvA01     3    90  1150    10    95     1     1     4     1   166 2.300
3h7fA01     3    90  1150    10    96     1     1     1     1   172 1.500
5k8bA02     3    90  1150    10    98     1     1     1     1   145 2.150
2qmaA02     3    90  1150    10   108     1     1     1     1   122 1.810
1bw0B01     3    90  1150    10   113     2     1     1     1   144 2.500
2fyfA02     3    90  1150    10   115     1     1     1     1   105 1.500
3nnkA02     3    90  1150    10   116     2     1     1     1   124 2.580
2hzpA01     3    90  1150    10   117     1     1     2     1   173 2.000
3rq1D01     3    90  1150    10   118     1     1     1     1   151 2.200
1vp4B01     3    90  1150    10   122     2     1     1     1   182 1.820
3ezsA01     3    90  1150    10   123     1     1     1     1   132 2.190
4zahA02     3    90  1150    10   127     1     2     1     1   127 2.240
3nraA01     3    90  1150    10   137     1     1     1     1   158 2.150
4a0fB02     3    90  1150    10   166     1     1     2     1   166 2.710
2cy8A01     3    90  1150    10   172     1     1     3     1   191 2.300
4lnjA02     3    90  1150    10   174     2     1     1     1    88 2.100
1d2fB01     3    90  1150    10   177     1     1     1     1   124 2.500
1m32A01     3    90  1150    10   180     1     1     1     1   110 2.200
4uqvF02     3    90  1150    10   185     1     1     1     1   145 3.000
3getA02     3    90  1150    10   190     1     1     1     1    93 2.010
2oqxA01     3    90  1150    10   191     2     1     1     1   200 1.900
3mc6A02     3    90  1150    10   196     1     1     1     1   131 3.150
6liuC02     3    90  1150    10   197     1     1     1     1   116 2.800
3vaxA02     3    90  1150    10   199     1     1     1     1    95 2.400
1c4kA03     3    90  1150    10   201     1     1     1     1   180 2.700
4uoyA01     3    90  1150    10   203     1     1     1     1   200 2.310
3n4sA00     3    90  1150    80     1     1     1     2     1    98 2.350
7x4lC02     3    90  1150   160     2     1     1     1     1   128 2.590
6enzA01     3    90  1150   170     1     3     1     1     1   244 3.000
4ritA01     3    90  1150   170     2     1     1     4     1   218 1.800
4akrD02     3    90  1150   210     1     2     1     1     1   155 2.200
4akrA02     3    90  1150   210     2     2     1     1     1   147 2.200
6hmaK01     3    90  1170    10     2     1     1     1     1   115 2.650
3o58J00     3    90  1170    10     5     1     1     1     1   208 1000.000
4i9aA01     3    90  1170    20     2     1     2     1     1   142 2.100
3tqvA01     3    90  1170    20     6     1     1     1     1   131 2.620
5ey3A03     3    90  1170    30     1     1     2     1     1    97 1.910
1uouA03     3    90  1170    30     4     1     1     1     1    89 2.110
6jbzA00     3    90  1170    40     5     1     2     1     1   141 2.600
1t3qB01     3    90  1170    50     3     1     1     1     1   113 1.800
1vx7K01     3    90  1180    10     3     2     1     1     1   148 1000.000
6sulA02     3    90  1200    10     1     1     1     1     1   214 1.350
6fucA02     3    90  1200    10     4     1     1     1     1   184 1.170
4pdyA02     3    90  1200    10     5     1     1     1     1   230 1.350
3w0oA02     3    90  1200    10     7     1     1     1     1   225 1.500
4r78A02     3    90  1200    10     9     1     1     1     1   191 1.450
4dcaA02     3    90  1200    10    10     1     1     1     1   206 1.800
5uxcA02     3    90  1200    10    11     1     1     2     1   190 1.720
3atsA02     3    90  1200    10    15     1     1     1     1   236 1.670
4ocuA01     3    90  1200    10    17     1     2     1     1   241 1.900
7f0aA01     3    90  1200    10    19     1     1     1     1   183 1.950
6hwjB01     3    90  1200    10    20     1     1     2     1   247 1.980
3jr1A02     3    90  1200    10    23     1     1     1     1   197 2.320
3csvA02     3    90  1200    10    24     1     1     1     1   235 2.150
6iy9A01     3    90  1200    10    25     1     1     1     1   198 2.400
2q83A02     3    90  1200    10    28     1     1     1     1   226 2.500
2pywA02     3    90  1200    10    29     2     1     1     1   297 1.900
3fi8A02     3    90  1200    10    30     1     1     1     1   259 2.300
2qg7B02     3    90  1200    10    31     1     1     2     1   262 2.410
1c89A02     3    90  1210    10     1     1     2     1     1    64 999.000
3frnA02     3    90  1210    10     3     1     1     1     1    68 2.050
1vliA02     3    90  1210    10     4     1     1     1     1    65 2.380
3g8rA02     3    90  1210    10     5     1     1     2     1    80 2.490
1d0cA03     3    90  1230    10     1     2     1     1     1    89 1.650
1epwA01     3    90  1240    10     3     3     1     1     1   438 1.900
4zktB01     3    90  1240    10     6     1     2     1     1   448 3.050
1e1hA00     3    90  1240    10     8     1     1     1     1   235 1.800
1vl2D02     3    90  1260    10     2     1     1     1     1   218 1.650
3nqrA02     3    90  1280    20     1     2     2     1     1    62 2.000
3jtfA01     3    90  1280    20     2     1     2     2     1    59 2.000
3fioA00     3    90  1280    20     4     1     1     3     1    68 1000.000
1vr9A01     3    90  1280    20     5     1     1     1     1    63 1.700
5ewqC00     3    90  1300    10     1     2     1     1     1   492 2.570
6c62A00     3    90  1300    10     5     1     1     1     1   456 1.950
4n0hA00     3    90  1300    10     6     1     1     1     1   446 1.950
4do3A00     3    90  1300    10     7     1     1     3     1   543 2.250
4gyrA01     3    90  1300    10    11     2     1     2     1   387 2.800
6kvrA01     3    90  1300    10    12     1     1     1     1   567 2.200
4r23A01     3    90  1310    10     1     2     1     1     1    89 1.840
3lo7A01     3    90  1310    10     3     1     1     1     1   116 2.050
5kshB01     3    90  1310    10     6     1     1     1     1   101 2.400
2wafA01     3    90  1310    10    13     1     2     1     1   177 3.290
1k25D01     3    90  1310    10    15     1     1     1     1   125 3.200
7rd0A01     3    90  1310    10    16     1     1     1     1   155 2.400
4ye5A01     3    90  1310    10    19     1     1     2     1   190 2.050
2y2pA01     3    90  1310    40     1     1     1     1     1    89 1.620
2h21B01     3    90  1410    10     3     1     1     1     1   255 2.450
3smtA02     3    90  1420    10     1     1     1     2     1   161 2.040
3qxyA02     3    90  1420    10     2     1     1     1     1   167 2.090
1n0uA03     3    90  1430    10     1     1     1     1     1   107 2.120
3eeeA00     3    90  1520    10     1     1     1     9     1   188 2.120
4u99B00     3    90  1520    10     2     1     1     2     1   186 2.000
1y1fX00     3    90  1580    10     1     1     1     7     1   271 1.800
2y3cA00     3    90  1580    10     2     1     1     1     1   277 1.400
1yu2A03     3    90  1580    10     3     1     2     1     1   179 1.860
3qexA03     3    90  1600    10     2     1     1     1     1   243 1.730
2py5A02     3    90  1600    10     3     1     1     1     1   179 1.600
4fvmA05     3    90  1600    10     6     1     1     1     1   171 2.300
2eb0A01     3    90  1640    10     1     4     1     1     1   188 2.200
4py9A01     3    90  1640    10     4     1     1     1     1   207 2.250
5gkxA00     3    90  1640    20     1     1     1     2     1   259 2.010
2zxrA02     3    90  1640    30     3     1     1     1     1   219 2.150
5yh1A01     3    90  1640    30     5     1     1     1     1   282 2.180
2hbwA02     3    90  1720    10     1     1     1     1     1   146 1.050
4eqaA00     3    90  1720    10     2     1     1     3     1   146 1.600
3pvqA03     3    90  1720    10     4     1     2     3     1   158 2.100
3m1uA01     3    90  1720    10     6     1     1     1     1   162 1.750
3ne0A00     3    90  1720    10     8     1     1     2     1   208 1.000
2lktA00     3    90  1720    10     9     3     1     1     1   125 999.000
4hz9A00     3    90  1720    10    14     1     1     1     1   118 2.400
3kw0A00     3    90  1720    10    15     1     1     1     1   186 2.500
2vobB02     3    90  1720    10    17     1     1     1     1   214 2.300
4cgkA02     3    90  1720    10    18     1     1     1     1   102 2.550
2pggA01     3    90  1730    10     1     2     1     2     1   343 2.500
2ilxA00     3    90  1740    10     1     1     3     1     1   219 999.000
1k90A02     3    90  1760    10     2     1     1     1     1   159 2.750
1twfB08     3    90  1800    10     2     1     1     1     1    85 2.300
6ruiB08     3    90  1800    10     4     1     1     1     1   142 2.700
6ys3l01     3   100    10    10     2     1     1     2     1    69 2.580
4a17K02     3   100    10    10     8     2     2     1     1    90 1000.000
1vwxQ00     3   100    10    10     9     4     1     1     1   187 1000.000
2yzsA01     3   100    10    20     2     1     1     1     1    80 2.000
5fclE01     3   100    10    20     3     1     2     1     1    90 2.700
5z62L00     4    10    49    10     1     1     2     1     1    47 3.600
5z62K00     4    10    51    10     1     1     2     1     1    49 3.600
3nybB00     4    10    60    10     2     1     1     1     1    64 2.700
2l4lA00     4    10    60    10     3     1     2     1     1    45 999.000
1u6pA00     4    10    60    10     7     1     1     1     1    56 999.000
2m7fA00     4    10    70    10     1     1     4     3     1    71 999.000
1mpzA00     4    10    70    10     4     2     2     1     1    41 999.000
1d4m400     4    10    80    10     1     1     6     1     1    61 2.900
1ncqD00     4    10    80    10     2     2     1     1     1    40 2.500
2pw9A01     4    10    80    30     2     1     1     1     1    25 2.100
3fi7A02     4    10    80    30     3     1     1     1     1    27 2.350
2r7fA03     4    10    80    30     4     1     1     1     1    21 2.700
3gqhA02     4    10    80    40     1     1     1     1     1    40 1.800
4ysxA04     4    10    80    40     2     1     2     1     1    65 2.250
2wdqA04     4    10    80    40     3     1     1     1     1    41 2.400
1kf6A04     4    10    80    40     4     1     1     1     1    35 2.700
5b1aM00     4    10    81    10     1     1     1     1     1    43 1.500
5b1aJ00     4    10    91    10     1     1     1     1     1    58 1.500
1dgfA01     4    10    91    20     2     1     1     1     1    64 1.500
1v54I00     4    10    93    10     1     1     1    13     1    72 1.800
5b1aG00     4    10    95    10     1     1     1     1     1    83 1.500
2pspA02     4    10   110    10     3     1     1     1     1    40 1.950
1pcpA01     4    10   110    10     5     1     1     5     1    66 999.000
1hi7A00     4    10   110    10     5     3     1     1     1    60 999.000
2odyA00     4    10   140    10     1     1     3     1     1    44 2.350
3aahB00     4    10   160    10     2     1     2     1     1    57 1000.000
5hocA00     4    10   170    10     1     1     1     2     1    44 1.360
4hkdA00     4    10   170    10     2     1     2     1     1    46 1.500
7bwnC02     4    10   170    10     4     1     1     1     1    34 2.400
3kypE01     4    10   170    10     7     1     1     1     1    45 1000.000
1ijdA00     4    10   220    20     2     1     2     1     1    45 3.000
7ddqb01     4    10   220    20     4     1     3     1     1    48 2.840
1d66A00     4    10   240    10     1     1     1     1     1    57 2.700
1zmeC01     4    10   240    10     4     1     1     1     1    31 2.500
1pycA00     4    10   240    10     8     1     1     1     1    41 999.000
1f4sP00     4    10   240    10     9     1     1     1     1    65 999.000
1omwG00     4    10   260    10     3     1     2     3     1    60 2.500
2pbiA03     4    10   260    10     4     1     1     1     1    54 1.950
5i50B00     4    10   280    10     5     1     3     1     1    96 2.700
4ayaA00     4    10   280    10     7     1     1     1     1    59 2.100
4f3lA01     4    10   280    10     9     1     1     1     1    77 2.270
6mgnA00     4    10   280    10    12     1     1     1     1    52 1.900
1mdyA00     4    10   280    10    14     1     1     1     1    68 2.800
1an4A00     4    10   280    10    17     1     1     1     1    65 2.900
5nj8A01     4    10   280    10    22     1     1     1     1    52 3.300
7jzhD01     4    10   280    50     3     1     1     1     1    54 3.590
2f5zK00     4    10   320    10     2     1     1     1     1    43 2.180
1w4iA01     4    10   320    10     3     3     1     1     1    44 999.000
6qkpA01     4    10   320    10     8     1     1     1     1    33 999.000
4wfoA03     4    10   372    10     1     1     1     1     1    89 1.140
2iujA02     4    10   375    10     2     1     2     1     1    99 2.400
1fakI00     4    10   410    10     1     1    10     1     1    55 2.100
1d0dA00     4    10   410    10     8     1     1     1     1    60 1.620
2w8xB00     4    10   410    10    11     1     1     1     1    66 1.600
2uuxA01     4    10   410    10    15     1     1     2     1    36 1.400
1tocR02     4    10   410    10    20     1     1     1     1    58 3.100
1bikA00     4    10   410    10    22     1     1     1     1   110 2.500
4zg7A02     4    10   410    20     1     1     1     2     1    46 1.750
3nkqA01     4    10   410    20     2     1     1     1     1    44 1.700
1vw4Z00     4    10   410    60     2     1     1     1     1    62 1000.000
1ggpA02     4    10   470    10     4     2     1     1     1    85 2.700
3hisA02     4    10   470    10     6     1     1     1     1    81 1.490
2b7uA02     4    10   470    10     9     1     1     1     1    82 1.600
1rl0A02     4    10   470    10    11     1     1     1     1    74 1.400
1oqlA02     4    10   470    10    12     1     3     3     1    81 3.000
4fb9A02     4    10   470    10    13     1     1     1     1   102 1.750
4m1uA02     4    10   470    10    14     1     1     1     1   111 1.560
2pqgB02     4    10   470    10    16     1     1     1     1    76 2.380
1yq9A02     4    10   480    10     1     1     4     1     1    85 2.350
1b0yA00     4    10   490    10     1     1     2     1     1    85 0.930
1isuA00     4    10   490    10     2     2     1     1     1    62 1.500
3rhiB00     4    10   520    10     1     3     5     1     1    89 2.480
4fmrA02     4    10   520    10     5     1     1     1     1    84 2.250
4r9jA02     4    10   530    10     1     1     2     2     1    73 2.100
1lwuB02     4    10   530    10     3     2     3     1     1    99 2.800
1eysH01     4    10   540    10     2     1     1     2     1    97 2.200
2uubR00     4    10   640    10     1     1     1     2     1    73 2.800
6nqbR00     4    10   640    10     3     1     2     1     1    49 3.800
2vqeN00     4    10   830    10     1     1     1     1     1    60 2.500
6az1S00     4    10   830    10     2     2     1     1     1    54 2.700
1l1yA03     4    10   870    10     1     5     1     1     1    66 2.400
2vhoM02     4    10   910    10     2     1     1     2     1    45 1000.000
1i94M02     4    10   910    10     3     1     1     1     1    30 3.200
1jj2A03     4    10   950    10     1     1     1     2     1    78 2.400
1vvmD03     4    10   950    10     2     1     4     1     1    77 1000.000
3u5eB01     4    10   960    10     1     2     4     1     1    91 1000.000
1vq8L01     4    10   990    10     1     1     1     1     1    50 2.200
1vwxm00     4    10  1060    50     1     1     2     1     1    52 1000.000
3dclA03     4    10  1180    10     1     1     1     1     1    39 2.250
4ersA00     4    10  1240    10     1     3     1     1     1    96 2.640
3l2jA02     4    10  1240    10     2     1     1     3     1   113 3.240
4dlqA01     4    10  1240    10     9     1     1     1     1    60 1.850
4dloB01     4    10  1240    10    12     1     1     1     1    66 2.300
3n93B04     4    10  1240    10    14     1     1     1     1    68 2.500
6lpbR01     4    10  1240    10    15     1     1     1     1    87 3.900
3eckA03     4    10  1270    10     1     1     1     2     1    72 1.600
3oymA04     6    10    20   110     1     1     1     1     1    46 2.020
1qv9A02     6    10   140   120     1     1     1     1     1    97 1.540
2pusA04     6    10   140   300     1     2     1     1     1   108 2.400
3fdfA02     6    10   140   550     1     1     2     2     1    54 3.200
2pohF02     6    10   140   940     1     1     1     8     1    89 2.100
5yhyA03     6    10   140  1680     1     1     1     1     1    48 1.650
5n5fA00     6    10   140  1960     1     2     1     1     1    91 2.060
3zqmA00     6    10   140  2160     1     1     1    11     1    58 1.850
2f0cB01     6    10   140  2190     2     1     1     1     1    44 1.650
6aqjA02     6    10   240    10     1     4     1     1     1   146 1.370
2j91A03     6    10   250  1570     1     1     1     2     1    41 1.800
6kp2B02     6    10   250  2210     1     1     1     1     1    37 1.970
3tgnA01     6    10   250  2360     1     2     1     1     1    35 2.000
6p5uA02     6    10   250  2850     1     2     1     1     1    38 2.100
3uqsA02     6    10   250  3230     1     1     2     1     1    56 2.000
1vx7V02     6    10   250  3260     2     1     1     1     1    59 1000.000
4a17P02     6    10   250  3260     3     1     1     1     1    59 1000.000
6escA05     6    10   250  3280     2     1     1     1     1    59 2.700
3nb0B03     6    10   260    10     1     1     1     1     1    84 2.410
2bx9A00     6    20    20    10     1     1     2     1     1    53 2.800
5flxf00     6    20    50   150     1     1     2     1     1    73 3.900
2a74A06     6    20    50   160     1     2     1     1     1    64 2.400
5jtwA06     6    20    50   160     2     1     1     1     1    62 3.500
4ui7C00     6    20   320    10     1     1     1     2     1    47 1.800
4a18L02     6    20   340    10     1     3     1     1     1    71 1000.000
1vx7a01     6    20   370    70     1     2     1     1     1    37 1000.000
1hi8A04     6    20   410    10     1     1     2     1     1    56 2.500
